CSID,CaseMasterID,csdate,cstype,PolicePersonID
1,5,2024-05-26,A,130
2,14,2023-12-02,A,1699
3,16,2023-02-17,A,1371
4,17,2024-07-29,A,901
5,21,2023-09-01,A,1797
6,25,2024-08-24,A,862
7,29,2023-08-12,A,1904
8,31,2024-10-11,A,397
9,35,2024-09-01,C,1019
10,40,2024-03-15,A,1026
11,42,2024-12-26,C,1691
12,44,2022-06-13,A,243
13,47,2023-03-04,A,793
14,51,2025-02-16,A,294
15,53,2024-01-30,A,2000
16,56,2024-02-06,C,1352
17,59,2023-01-31,A,1549
18,60,2025-01-24,A,576
19,61,2024-04-09,A,1149
20,62,2023-02-15,C,361
21,65,2023-12-13,A,641
22,67,2023-04-23,C,1599
23,68,2024-12-03,A,1906
24,69,2023-03-31,A,1348
25,71,2023-11-03,A,1403
26,77,2024-06-06,C,1717
27,82,2025-02-24,A,1298
28,84,2024-12-29,A,1507
29,89,2022-10-19,A,1490
30,91,2024-07-10,C,767
31,96,2022-10-13,A,101
32,99,2023-02-12,A,1298
33,101,2022-09-12,C,372
34,104,2025-05-24,A,43
35,107,2023-01-29,A,918
36,111,2022-07-28,A,241
37,113,2023-08-11,B,1724
38,116,2023-06-05,A,1754
39,119,2022-12-18,A,949
40,124,2023-08-25,C,1717
41,127,2024-10-23,A,284
42,132,2023-07-02,A,1800
43,133,2023-05-20,A,464
44,134,2024-08-30,A,653
45,135,2023-02-27,A,213
46,139,2023-02-09,C,1132
47,141,2022-09-21,A,1263
48,146,2024-04-23,A,1909
49,155,2023-07-20,A,1076
50,157,2025-03-28,A,1968
51,158,2025-04-21,A,1007
52,159,2023-05-17,A,881
53,160,2023-02-20,A,293
54,162,2023-08-12,A,1800
55,166,2024-11-12,A,309
56,168,2023-07-27,A,237
57,170,2023-08-03,A,1135
58,172,2024-04-12,A,250
59,176,2024-12-13,A,1941
60,178,2023-08-26,A,1270
61,181,2025-01-05,A,636
62,183,2022-10-22,A,42
63,185,2025-03-10,C,241
64,188,2022-08-29,C,1395
65,189,2024-01-21,A,1574
66,191,2022-08-28,A,722
67,192,2023-09-01,A,1208
68,200,2025-05-07,A,1497
69,202,2025-01-31,C,607
70,207,2025-05-01,B,681
71,210,2025-01-13,A,1001
72,216,2023-02-14,B,1969
73,220,2024-02-14,A,526
74,231,2024-06-04,A,254
75,233,2024-08-30,A,1352
76,237,2024-07-18,C,1779
77,239,2022-10-18,A,181
78,241,2022-10-19,A,571
79,245,2025-04-10,A,950
80,247,2023-10-11,A,1618
81,256,2024-04-01,A,1005
82,259,2022-07-16,C,800
83,260,2024-05-14,A,345
84,262,2023-07-04,A,872
85,266,2023-05-09,A,1147
86,268,2022-06-21,A,1841
87,281,2023-07-25,A,54
88,290,2024-02-28,B,1602
89,295,2024-06-23,A,552
90,297,2024-10-10,A,1445
91,298,2024-04-22,C,1346
92,300,2024-09-16,A,428
93,304,2023-02-07,C,362
94,307,2024-02-28,A,1481
95,309,2023-12-03,A,583
96,318,2024-08-01,A,1407
97,319,2024-04-23,B,1481
98,320,2023-05-16,A,1939
99,321,2025-03-17,A,1625
100,328,2025-05-06,B,1123
101,334,2023-05-10,B,573
102,335,2025-03-08,C,1325
103,337,2022-08-27,A,456
104,339,2023-12-28,A,1619
105,342,2024-01-14,C,1710
106,344,2025-05-16,A,455
107,349,2024-01-25,A,1048
108,352,2025-06-30,A,1330
109,354,2024-11-27,A,1586
110,356,2025-03-08,A,1941
111,357,2024-04-27,C,806
112,364,2024-05-24,B,1411
113,367,2023-03-20,A,1905
114,368,2025-07-02,C,790
115,371,2024-12-02,C,867
116,377,2025-08-13,C,746
117,378,2025-03-10,B,1215
118,381,2023-08-14,A,1358
119,383,2022-12-04,C,718
120,393,2023-12-15,A,640
121,394,2022-10-22,A,619
122,403,2024-12-04,A,366
123,405,2025-01-28,C,1078
124,407,2024-01-11,A,721
125,409,2022-11-11,A,1175
126,411,2024-05-04,B,865
127,412,2023-07-02,C,80
128,413,2022-04-29,B,896
129,415,2024-01-09,C,879
130,418,2023-11-13,A,1718
131,419,2024-01-29,A,1624
132,420,2024-12-05,C,951
133,421,2024-02-23,A,1912
134,423,2024-04-18,A,1819
135,426,2022-12-10,A,1543
136,429,2022-06-22,A,777
137,431,2023-08-07,C,1572
138,433,2023-04-26,A,591
139,436,2022-10-22,C,1331
140,438,2024-01-11,A,1229
141,445,2023-05-06,C,912
142,447,2022-08-08,A,1480
143,450,2025-03-31,A,821
144,452,2025-05-09,C,1483
145,456,2022-05-29,A,1658
146,458,2023-03-31,A,799
147,463,2024-11-28,A,154
148,464,2024-03-09,C,1063
149,465,2023-12-09,C,1975
150,467,2025-06-14,A,1363
151,473,2024-04-18,A,1272
152,476,2024-04-04,A,1745
153,477,2025-03-23,C,875
154,478,2023-10-22,A,413
155,480,2022-09-10,A,112
156,482,2023-12-24,A,920
157,489,2024-12-16,C,238
158,495,2024-01-20,A,1395
159,504,2024-11-25,A,1174
160,513,2023-11-26,A,1592
161,520,2025-09-26,C,793
162,523,2022-11-12,A,1517
163,528,2022-06-27,A,1962
164,530,2023-08-19,C,586
165,535,2023-03-03,A,1362
166,540,2025-01-17,A,887
167,544,2025-02-03,A,676
168,551,2023-11-16,C,325
169,553,2022-12-24,C,857
170,555,2024-07-14,C,1279
171,558,2024-11-28,A,467
172,564,2023-04-19,A,1228
173,570,2023-04-29,C,862
174,573,2025-04-16,A,1785
175,574,2024-04-18,A,864
176,577,2025-08-22,A,1017
177,580,2023-01-22,A,793
178,584,2023-01-14,C,1804
179,588,2023-08-25,A,1384
180,589,2022-07-11,A,1152
181,594,2024-11-29,A,332
182,596,2024-12-27,A,563
183,598,2025-01-17,A,117
184,600,2024-11-02,A,1829
185,607,2025-04-23,A,561
186,608,2024-10-31,C,1738
187,616,2023-05-14,B,1280
188,631,2024-09-23,A,1561
189,637,2025-01-26,A,475
190,638,2022-09-16,C,1921
191,640,2024-03-03,B,256
192,646,2024-11-26,B,1522
193,655,2025-07-23,C,1970
194,657,2024-04-30,A,1214
195,658,2025-02-16,B,576
196,663,2024-03-17,A,1746
197,664,2024-12-12,A,692
198,666,2023-12-27,A,1143
199,669,2022-10-18,A,498
200,670,2022-11-10,A,267
201,674,2023-02-02,A,1298
202,678,2024-10-19,A,362
203,686,2024-01-14,A,669
204,687,2024-07-28,A,1578
205,694,2024-10-28,C,731
206,699,2025-01-18,A,1443
207,700,2024-02-14,A,463
208,704,2023-08-27,A,787
209,705,2024-01-07,A,266
210,707,2024-05-30,A,64
211,708,2022-07-26,B,571
212,709,2023-04-05,A,1707
213,715,2023-02-19,C,549
214,718,2023-12-08,A,1087
215,721,2023-12-18,A,1865
216,727,2024-04-15,A,1997
217,732,2023-11-05,A,1754
218,734,2024-04-08,A,576
219,737,2023-11-07,A,571
220,742,2023-09-20,A,1349
221,746,2023-11-27,A,1027
222,748,2023-07-20,A,1898
223,754,2023-11-12,A,1614
224,756,2022-11-26,A,819
225,758,2024-02-04,A,895
226,766,2025-04-19,A,1083
227,769,2022-07-31,A,353
228,779,2023-05-03,C,41
229,783,2022-04-28,C,154
230,785,2022-10-08,C,1121
231,788,2025-01-20,C,375
232,791,2023-05-09,A,570
233,792,2024-05-31,A,364
234,793,2024-08-15,C,360
235,795,2023-02-24,A,1923
236,798,2024-04-27,A,1391
237,799,2024-03-19,A,132
238,801,2025-02-04,A,1240
239,804,2023-01-13,A,1024
240,806,2023-03-19,C,1834
241,807,2023-04-19,A,212
242,818,2023-09-01,A,977
243,820,2022-12-18,C,359
244,827,2025-06-08,C,1678
245,828,2024-05-21,A,656
246,831,2024-08-02,A,656
247,836,2023-07-29,A,1897
248,842,2023-12-17,B,1051
249,844,2023-02-21,A,1219
250,854,2022-05-11,A,1617
251,856,2023-05-21,A,1104
252,867,2023-08-16,A,453
253,873,2023-12-04,A,584
254,877,2024-01-30,A,1602
255,878,2023-05-21,A,159
256,882,2022-11-10,A,897
257,886,2024-12-15,A,624
258,887,2023-03-22,A,1829
259,893,2024-06-22,C,1643
260,895,2025-04-20,A,411
261,896,2022-11-04,C,944
262,904,2024-11-09,A,322
263,907,2024-03-08,A,681
264,909,2022-06-16,A,1707
265,910,2024-09-26,A,571
266,915,2023-09-23,A,337
267,916,2023-07-28,A,1217
268,919,2024-07-16,A,311
269,920,2023-08-04,B,1390
270,922,2024-02-02,A,583
271,923,2024-08-06,C,1898
272,925,2024-04-22,A,195
273,933,2022-09-30,A,481
274,937,2025-07-11,C,817
275,938,2023-09-22,A,1470
276,939,2024-04-29,A,829
277,944,2022-08-13,A,419
278,954,2023-08-18,A,355
279,956,2024-05-21,A,1196
280,957,2023-03-05,B,1088
281,969,2024-04-13,A,1519
282,970,2023-07-22,A,662
283,973,2024-03-21,A,807
284,974,2024-10-08,A,490
285,987,2024-07-19,A,1527
286,990,2024-05-12,C,761
287,992,2023-04-02,A,771
288,994,2023-03-21,A,1627
289,995,2022-09-27,B,711
290,1006,2024-02-25,A,598
291,1007,2024-01-26,A,1117
292,1008,2024-12-30,A,1746
293,1012,2023-10-04,A,1141
294,1013,2023-05-16,A,813
295,1014,2024-02-18,B,898
296,1019,2023-03-06,A,1471
297,1029,2023-04-19,A,1310
298,1030,2023-01-08,A,730
299,1031,2023-05-27,C,31
300,1033,2023-01-16,A,1739
301,1037,2024-01-31,A,1816
302,1043,2024-07-30,A,1886
303,1045,2025-07-18,C,384
304,1048,2024-09-16,A,933
305,1050,2024-12-22,B,138
306,1060,2024-05-31,A,1209
307,1067,2023-12-22,A,527
308,1068,2023-12-18,A,573
309,1070,2024-04-02,A,863
310,1072,2024-08-16,A,618
311,1073,2025-01-26,A,522
312,1076,2023-02-22,A,1830
313,1087,2024-11-14,A,1600
314,1089,2024-10-30,A,292
315,1091,2023-08-15,A,1307
316,1094,2024-05-06,A,708
317,1099,2024-11-21,A,839
318,1103,2024-08-20,A,1245
319,1109,2023-07-01,A,1625
320,1111,2022-08-14,A,971
321,1112,2024-09-08,A,337
322,1118,2022-05-08,A,1938
323,1120,2024-08-06,A,1478
324,1123,2023-07-16,A,137
325,1124,2025-05-07,B,1181
326,1129,2023-08-29,A,1195
327,1135,2025-07-25,A,985
328,1138,2023-10-04,B,831
329,1144,2025-10-03,C,272
330,1150,2024-08-10,B,1709
331,1157,2023-11-23,A,911
332,1162,2024-06-04,A,1762
333,1164,2023-03-07,C,379
334,1167,2023-08-18,C,316
335,1172,2023-02-07,A,1105
336,1173,2023-11-02,A,1235
337,1174,2024-07-13,A,1731
338,1176,2023-03-17,B,1888
339,1177,2022-05-03,A,1213
340,1179,2024-06-14,A,127
341,1180,2024-02-08,C,513
342,1184,2022-09-12,C,1471
343,1185,2024-09-26,A,209
344,1191,2023-12-30,C,1493
345,1192,2024-09-15,A,90
346,1193,2023-07-26,A,630
347,1198,2023-06-14,A,835
348,1202,2022-11-16,A,1017
349,1207,2024-12-21,A,404
350,1209,2024-03-15,B,136
351,1210,2023-06-18,A,1831
352,1214,2022-09-11,A,1378
353,1215,2024-11-23,C,96
354,1219,2023-02-09,C,250
355,1225,2022-12-07,A,1842
356,1243,2025-05-11,A,455
357,1246,2025-03-01,A,322
358,1252,2022-11-20,C,1315
359,1253,2025-05-12,A,28
360,1264,2025-04-28,C,1329
361,1265,2024-01-27,C,262
362,1267,2023-09-28,C,1268
363,1270,2023-09-12,A,999
364,1275,2025-03-09,A,1339
365,1276,2024-11-19,C,1817
366,1277,2024-08-06,C,1067
367,1278,2022-11-25,B,148
368,1282,2023-07-07,A,1285
369,1293,2023-10-01,A,1687
370,1295,2022-07-15,A,1850
371,1296,2024-10-30,A,585
372,1298,2023-02-11,A,924
373,1299,2023-06-23,A,647
374,1301,2024-04-18,C,853
375,1304,2024-07-15,A,746
376,1313,2023-09-12,A,1304
377,1317,2022-12-05,A,1697
378,1319,2023-07-02,B,759
379,1323,2022-10-10,A,1561
380,1328,2022-10-11,A,1404
381,1337,2023-06-09,A,1487
382,1345,2023-04-12,B,1951
383,1347,2024-12-12,A,212
384,1350,2024-10-16,B,441
385,1351,2023-04-07,C,1682
386,1353,2025-02-26,A,1492
387,1356,2025-04-08,A,735
388,1358,2025-03-05,C,1855
389,1362,2024-08-18,A,478
390,1366,2023-09-21,A,980
391,1367,2024-07-10,A,1464
392,1368,2022-11-17,A,1342
393,1369,2025-01-19,B,266
394,1370,2024-06-15,A,1580
395,1372,2023-08-12,A,1306
396,1384,2022-10-24,A,1818
397,1396,2023-11-17,A,1865
398,1399,2023-04-09,A,721
399,1407,2022-11-28,C,1276
400,1415,2022-08-26,A,214
401,1416,2022-10-10,A,1792
402,1417,2023-07-23,A,1005
403,1426,2024-04-20,A,1306
404,1430,2025-01-09,A,905
405,1431,2024-01-22,A,705
406,1434,2024-10-22,A,424
407,1441,2024-06-01,A,1091
408,1443,2023-12-19,A,1757
409,1445,2024-12-23,A,907
410,1447,2022-05-29,A,1686
411,1449,2023-12-02,A,792
412,1455,2023-09-20,A,1512
413,1460,2025-04-09,A,15
414,1462,2023-05-01,C,678
415,1464,2022-10-24,B,622
416,1466,2022-05-25,A,1888
417,1468,2024-05-08,A,1562
418,1469,2024-08-09,B,1326
419,1474,2023-01-25,A,1334
420,1476,2023-10-28,A,660
421,1480,2025-03-05,A,1832
422,1483,2023-06-07,A,1106
423,1484,2023-08-09,A,1867
424,1486,2023-03-17,C,439
425,1487,2024-09-16,A,1620
426,1491,2025-06-17,C,782
427,1493,2024-06-12,B,1232
428,1497,2023-07-09,C,1492
429,1504,2024-10-27,A,1619
430,1505,2025-03-17,C,1189
431,1506,2023-05-15,A,1445
432,1508,2023-11-02,A,1347
433,1509,2023-05-27,A,159
434,1519,2024-03-27,A,196
435,1523,2022-03-12,B,926
436,1527,2023-10-18,A,782
437,1529,2024-12-07,C,464
438,1532,2022-10-25,A,1290
439,1537,2023-09-08,C,645
440,1539,2024-06-01,A,1999
441,1554,2024-11-14,A,474
442,1559,2023-05-25,A,761
443,1564,2024-04-16,A,652
444,1565,2023-07-14,C,691
445,1566,2022-11-08,A,274
446,1568,2023-06-22,C,1072
447,1569,2023-11-05,C,527
448,1575,2025-04-14,B,164
449,1576,2024-03-21,C,730
450,1584,2025-05-12,B,1238
451,1586,2024-07-28,A,209
452,1587,2025-03-22,B,329
453,1588,2022-06-30,B,591
454,1591,2022-08-27,A,369
455,1593,2022-08-30,A,728
456,1597,2022-09-22,C,100
457,1598,2023-03-24,A,1945
458,1604,2025-06-26,A,1446
459,1606,2022-10-24,A,71
460,1607,2025-04-03,C,701
461,1610,2023-10-31,C,1599
462,1615,2024-11-25,A,444
463,1617,2024-10-19,A,1598
464,1620,2024-08-26,A,1703
465,1629,2025-05-10,A,1472
466,1633,2024-06-28,A,1015
467,1636,2024-03-16,C,1617
468,1637,2022-05-16,C,480
469,1640,2025-04-28,C,81
470,1646,2022-05-30,A,593
471,1649,2022-10-17,C,1807
472,1654,2022-08-10,B,1045
473,1657,2022-10-12,A,1498
474,1661,2022-10-17,A,139
475,1664,2025-05-09,A,1894
476,1665,2024-11-10,A,48
477,1667,2023-01-10,A,350
478,1668,2025-03-14,A,1672
479,1671,2024-08-23,A,139
480,1675,2025-04-25,C,1360
481,1680,2022-10-02,C,1472
482,1681,2022-09-29,B,1647
483,1684,2024-08-12,A,1619
484,1697,2023-09-18,C,350
485,1698,2023-01-11,A,1727
486,1699,2023-10-15,A,1739
487,1700,2023-10-18,A,786
488,1702,2024-12-15,A,975
489,1706,2023-11-10,A,736
490,1708,2023-06-16,A,254
491,1712,2024-03-23,A,655
492,1722,2022-06-22,A,320
493,1725,2023-05-20,A,1058
494,1726,2024-01-28,C,54
495,1728,2024-10-15,A,1363
496,1736,2025-06-06,A,1852
497,1738,2023-05-24,A,710
498,1740,2023-04-14,C,921
499,1741,2024-11-04,A,810
500,1743,2022-10-31,A,1485
501,1745,2022-08-25,A,715
502,1748,2022-12-04,A,371
503,1754,2024-03-05,C,1006
504,1760,2022-11-11,A,794
505,1767,2023-04-13,A,659
506,1774,2025-01-16,C,1083
507,1775,2023-11-21,B,729
508,1777,2023-06-30,A,1892
509,1780,2025-09-23,A,1085
510,1781,2024-09-03,A,1171
511,1782,2023-11-07,A,182
512,1783,2023-09-15,C,1950
513,1792,2023-06-28,C,53
514,1793,2025-04-02,A,1984
515,1794,2025-07-21,A,755
516,1795,2022-11-27,C,69
517,1797,2023-04-20,C,1604
518,1802,2023-11-23,B,568
519,1805,2023-12-10,C,223
520,1811,2024-06-11,A,237
521,1814,2025-03-31,A,1385
522,1816,2024-01-08,C,743
523,1817,2023-05-11,B,369
524,1820,2022-12-20,A,807
525,1822,2024-09-09,B,1034
526,1829,2025-08-03,A,1918
527,1830,2025-02-03,A,79
528,1832,2024-11-16,C,1747
529,1841,2025-03-16,A,462
530,1853,2023-01-06,A,1405
531,1860,2022-05-11,B,1437
532,1861,2023-11-13,A,1163
533,1862,2025-02-05,B,1046
534,1868,2025-04-23,A,1228
535,1871,2023-01-30,C,172
536,1872,2023-04-25,A,1372
537,1873,2025-03-02,B,1259
538,1874,2023-05-16,A,1622
539,1877,2022-11-21,C,1708
540,1878,2023-07-21,B,1653
541,1879,2024-05-08,A,1472
542,1888,2024-12-11,C,1678
543,1891,2025-03-03,A,1784
544,1909,2024-07-05,A,181
545,1911,2024-12-16,A,986
546,1916,2025-05-05,C,836
547,1923,2023-04-17,A,294
548,1924,2024-07-21,B,482
549,1927,2023-07-15,A,1407
550,1933,2023-12-06,A,837
551,1936,2022-12-05,A,990
552,1937,2023-06-28,A,1578
553,1952,2024-09-28,A,381
554,1956,2022-11-07,C,115
555,1960,2025-07-02,A,90
556,1963,2024-02-25,A,465
557,1968,2024-03-14,A,450
558,1969,2025-05-12,A,754
559,1978,2023-06-29,A,382
560,1979,2023-02-11,A,1441
561,1981,2025-01-22,A,1138
562,1983,2023-01-21,B,1175
563,1984,2024-02-29,A,1850
564,1985,2022-11-04,C,971
565,1987,2023-09-15,A,1529
566,1990,2022-05-24,A,428
567,1992,2025-02-19,A,1520
568,1993,2024-01-23,A,1403
569,1995,2022-07-20,C,1081
570,1999,2024-08-17,A,1357
571,2001,2025-03-06,A,842
572,2003,2023-09-02,C,478
573,2013,2023-05-03,A,338
574,2015,2024-09-10,C,1787
575,2025,2022-08-02,A,1578
576,2028,2024-12-22,C,1383
577,2036,2025-04-18,C,698
578,2037,2024-07-27,A,1173
579,2038,2022-07-08,A,1229
580,2042,2024-12-07,A,1816
581,2043,2023-12-27,A,1635
582,2044,2023-01-23,C,1821
583,2046,2024-06-07,A,958
584,2049,2023-11-16,A,928
585,2053,2025-01-09,A,142
586,2056,2023-02-07,A,304
587,2057,2023-10-22,A,933
588,2062,2025-06-01,A,333
589,2065,2023-10-31,A,594
590,2066,2023-06-29,A,1843
591,2074,2023-05-11,A,1550
592,2075,2024-06-11,C,1742
593,2078,2024-09-21,B,129
594,2082,2023-06-17,A,1372
595,2086,2022-09-20,A,659
596,2089,2023-05-31,A,1690
597,2091,2023-10-09,A,652
598,2092,2022-11-18,A,284
599,2095,2024-03-05,A,1913
600,2096,2024-06-20,A,1836
601,2103,2023-06-20,A,1479
602,2105,2024-06-02,A,262
603,2107,2025-12-16,A,1720
604,2111,2022-12-06,A,938
605,2122,2022-09-01,A,1029
606,2129,2022-12-09,A,935
607,2130,2023-03-13,A,1223
608,2134,2025-07-11,A,1259
609,2135,2024-12-24,A,1929
610,2138,2024-05-18,A,1572
611,2140,2025-05-29,C,1471
612,2145,2022-11-24,A,129
613,2147,2023-08-30,B,1972
614,2149,2023-03-17,A,1163
615,2154,2023-04-18,A,1528
616,2156,2022-12-04,A,1832
617,2161,2024-05-19,A,1614
618,2167,2023-10-16,A,83
619,2176,2022-11-01,A,1819
620,2177,2023-05-06,A,1635
621,2178,2023-10-25,A,243
622,2179,2022-10-21,A,130
623,2180,2023-02-26,A,1437
624,2183,2023-07-31,C,280
625,2187,2024-09-07,A,1897
626,2194,2025-02-03,A,51
627,2196,2024-01-01,A,547
628,2199,2024-08-12,C,260
629,2200,2023-10-04,B,419
630,2202,2023-01-09,A,772
631,2208,2025-03-13,A,848
632,2209,2024-08-10,A,1595
633,2210,2022-10-17,A,1236
634,2211,2022-06-23,C,921
635,2216,2022-05-14,B,1741
636,2221,2024-07-31,A,454
637,2227,2023-08-12,A,540
638,2228,2022-09-09,A,3
639,2229,2023-07-15,C,1916
640,2234,2022-10-02,A,1493
641,2235,2025-07-27,C,1223
642,2241,2023-03-08,A,1622
643,2243,2025-06-09,A,759
644,2244,2025-01-31,A,36
645,2246,2023-09-15,A,1656
646,2250,2025-02-01,A,228
647,2251,2024-01-09,B,498
648,2253,2023-01-28,A,1261
649,2254,2023-12-12,A,1734
650,2260,2023-04-03,A,785
651,2263,2022-10-16,A,717
652,2267,2023-12-16,A,1641
653,2274,2023-06-20,A,758
654,2283,2025-07-21,A,2000
655,2286,2023-10-22,A,323
656,2288,2023-01-06,A,188
657,2298,2023-02-21,A,33
658,2299,2025-02-03,A,1548
659,2303,2022-09-20,A,1603
660,2304,2022-08-07,A,425
661,2307,2025-01-26,A,350
662,2310,2022-12-03,B,1362
663,2313,2024-05-10,A,607
664,2316,2022-12-11,B,1579
665,2318,2022-09-13,A,1404
666,2324,2023-02-04,B,1787
667,2325,2025-03-14,C,1922
668,2329,2023-10-02,C,825
669,2334,2022-08-11,A,907
670,2335,2022-07-07,C,902
671,2339,2025-07-10,C,1799
672,2343,2022-12-01,C,1869
673,2344,2023-02-14,A,1308
674,2346,2022-11-14,A,1397
675,2348,2023-09-18,A,1498
676,2354,2024-10-07,A,570
677,2355,2024-07-29,A,1297
678,2367,2025-04-07,A,1910
679,2368,2023-07-31,A,370
680,2371,2024-06-09,A,259
681,2375,2024-01-14,A,229
682,2376,2024-09-14,A,888
683,2380,2023-12-13,A,996
684,2381,2024-09-07,A,1041
685,2386,2024-11-05,B,340
686,2395,2023-04-23,A,1955
687,2396,2023-06-10,C,417
688,2400,2024-01-03,C,1158
689,2402,2024-01-06,A,1914
690,2406,2023-05-20,A,1355
691,2413,2022-08-01,C,1823
692,2415,2022-12-30,B,572
693,2417,2024-09-20,A,1556
694,2422,2024-09-21,A,1123
695,2423,2022-08-05,C,1748
696,2426,2024-11-23,A,1848
697,2431,2024-08-20,C,913
698,2432,2022-11-12,C,356
699,2435,2023-11-16,C,1565
700,2454,2024-04-28,A,711
701,2455,2024-02-11,C,1699
702,2457,2024-11-25,A,1302
703,2459,2024-05-09,C,179
704,2462,2022-04-23,B,714
705,2466,2022-11-01,A,322
706,2469,2022-05-24,A,1738
707,2472,2023-01-26,A,936
708,2478,2024-05-31,C,21
709,2479,2024-02-06,C,296
710,2481,2025-05-22,A,1949
711,2482,2023-09-26,A,439
712,2490,2023-12-11,A,749
713,2493,2024-06-01,A,1968
714,2494,2025-06-12,C,1639
715,2495,2023-02-08,B,1481
716,2498,2023-06-11,A,621
717,2500,2022-12-23,A,1589
718,2501,2023-12-17,A,1865
719,2510,2023-04-11,A,718
720,2512,2023-11-10,A,1089
721,2517,2024-04-04,A,1097
722,2523,2025-04-28,C,92
723,2526,2023-01-09,B,362
724,2529,2023-12-29,A,1788
725,2535,2024-05-16,C,885
726,2547,2025-06-26,A,10
727,2555,2022-07-11,A,1435
728,2556,2022-12-26,A,315
729,2559,2025-03-27,A,640
730,2562,2025-03-21,A,836
731,2569,2025-05-15,B,391
732,2570,2023-03-10,C,1806
733,2573,2024-12-10,A,286
734,2578,2025-12-03,B,179
735,2584,2024-01-14,A,1620
736,2588,2023-01-02,A,562
737,2592,2023-03-19,A,1550
738,2594,2024-05-02,A,1278
739,2598,2022-06-28,A,1718
740,2600,2023-11-21,A,1214
741,2601,2022-12-09,A,975
742,2605,2023-01-14,C,1412
743,2612,2024-12-09,A,1364
744,2619,2024-10-13,A,1084
745,2624,2024-01-29,A,1422
746,2627,2023-09-29,A,1659
747,2628,2024-07-13,A,294
748,2645,2025-01-26,A,700
749,2646,2023-07-31,A,259
750,2647,2024-10-21,A,1092
751,2648,2023-12-02,A,1088
752,2652,2024-06-14,C,1714
753,2664,2023-04-21,A,1439
754,2665,2024-04-11,A,1438
755,2673,2025-01-22,B,988
756,2677,2022-05-25,A,1833
757,2679,2024-06-08,A,1838
758,2685,2022-10-26,B,1113
759,2690,2023-07-04,B,455
760,2695,2024-06-13,A,1802
761,2697,2024-10-01,A,253
762,2698,2022-05-15,A,783
763,2699,2022-10-29,A,823
764,2700,2024-02-03,A,1434
765,2709,2023-05-05,B,1932
766,2712,2024-04-21,B,1919
767,2714,2024-12-14,B,1142
768,2715,2023-03-23,C,988
769,2716,2024-12-03,C,723
770,2718,2025-04-29,A,235
771,2724,2024-03-23,A,243
772,2726,2024-05-19,C,1922
773,2727,2023-08-14,A,112
774,2731,2025-09-20,A,1988
775,2733,2022-12-12,A,1650
776,2734,2023-10-20,A,1866
777,2736,2023-02-20,C,1601
778,2740,2024-01-07,A,1258
779,2743,2022-08-14,B,660
780,2745,2023-03-06,A,125
781,2746,2024-09-17,A,102
782,2747,2024-11-11,A,638
783,2749,2025-03-09,A,147
784,2753,2023-03-20,A,482
785,2755,2023-04-08,B,977
786,2758,2022-10-05,A,1053
787,2759,2023-04-27,A,877
788,2761,2024-04-11,A,1716
789,2764,2022-10-06,A,428
790,2782,2023-10-15,A,379
791,2789,2025-02-14,A,1590
792,2793,2023-11-03,A,942
793,2794,2023-05-31,A,527
794,2795,2024-05-15,C,1085
795,2797,2023-10-26,A,1302
796,2801,2022-10-26,C,102
797,2807,2025-06-18,A,1006
798,2809,2025-02-25,A,1290
799,2812,2024-09-13,A,1404
800,2815,2023-01-14,A,1756
801,2818,2023-10-08,A,1026
802,2821,2023-08-13,A,424
803,2830,2024-01-30,B,1308
804,2831,2023-04-17,A,125
805,2833,2024-11-30,A,1514
806,2834,2023-01-14,A,557
807,2842,2023-07-15,C,1780
808,2845,2023-01-28,A,1021
809,2847,2023-07-17,A,1865
810,2854,2024-11-12,A,270
811,2855,2023-12-24,A,1267
812,2857,2022-08-18,C,764
813,2858,2023-02-22,A,1370
814,2859,2023-10-21,B,1319
815,2862,2022-07-27,B,1778
816,2865,2024-02-21,B,1621
817,2866,2024-05-10,A,1428
818,2871,2025-05-25,A,1446
819,2873,2022-10-04,A,590
820,2874,2023-05-29,C,1352
821,2880,2023-07-28,A,446
822,2883,2025-05-16,A,765
823,2884,2024-03-24,B,1812
824,2891,2025-03-23,A,1444
825,2893,2022-07-18,A,1197
826,2894,2023-04-09,C,1520
827,2901,2023-03-12,A,1763
828,2902,2024-08-25,B,316
829,2907,2024-09-14,A,119
830,2908,2025-04-30,A,1453
831,2922,2025-01-11,A,1770
832,2931,2023-02-27,C,129
833,2936,2024-08-12,A,1594
834,2937,2022-04-05,C,1751
835,2938,2022-11-29,C,13
836,2941,2023-11-17,A,898
837,2943,2023-12-07,A,755
838,2944,2025-04-14,A,1612
839,2946,2023-12-30,A,1833
840,2947,2022-07-23,A,1048
841,2952,2025-02-16,C,167
842,2957,2023-06-14,A,475
843,2960,2024-08-13,B,1294
844,2963,2025-07-03,A,1932
845,2973,2023-02-03,A,315
846,2981,2024-07-22,A,1563
847,2984,2024-01-15,A,1847
848,2986,2023-12-12,A,689
849,2988,2024-04-03,C,551
850,2990,2023-01-07,A,402
851,2992,2024-09-19,B,1200
852,2995,2022-10-24,A,1277
853,3010,2022-10-01,A,534
854,3012,2023-09-02,A,786
855,3014,2023-04-21,C,1163
856,3015,2023-03-18,A,379
857,3016,2023-07-30,A,1881
858,3019,2025-05-02,C,328
859,3026,2025-11-05,A,526
860,3038,2022-11-16,B,401
861,3039,2024-11-22,A,598
862,3041,2023-05-10,A,984
863,3050,2023-07-16,A,1874
864,3054,2025-01-23,A,1698
865,3056,2024-11-05,B,1156
866,3060,2024-06-03,A,352
867,3061,2025-07-12,A,797
868,3066,2024-03-20,B,628
869,3069,2022-10-20,A,1498
870,3071,2022-05-14,A,1761
871,3073,2024-01-06,A,1445
872,3079,2022-09-04,B,1847
873,3085,2023-07-14,B,1808
874,3091,2023-11-14,A,792
875,3098,2023-11-30,A,313
876,3101,2024-05-15,A,882
877,3109,2022-05-18,C,1408
878,3115,2022-05-19,A,1120
879,3117,2024-04-28,A,1387
880,3125,2025-01-28,A,307
881,3127,2023-05-31,A,357
882,3128,2022-12-01,A,1410
883,3130,2024-05-25,A,846
884,3132,2024-02-26,A,1091
885,3135,2023-09-04,C,290
886,3144,2022-09-26,A,1115
887,3145,2023-05-28,A,158
888,3147,2023-12-10,A,912
889,3150,2024-10-20,A,268
890,3153,2023-09-11,A,1024
891,3164,2023-09-28,A,1735
892,3169,2023-05-23,A,1276
893,3178,2025-11-11,A,956
894,3188,2024-12-22,A,427
895,3190,2023-10-04,A,229
896,3191,2024-07-15,A,1788
897,3192,2024-02-15,A,319
898,3193,2024-10-05,A,1971
899,3194,2023-02-12,A,855
900,3198,2023-11-11,A,1781
901,3200,2025-04-04,A,1317
902,3204,2022-11-10,A,1020
903,3212,2024-02-22,A,1183
904,3214,2023-09-12,A,464
905,3219,2022-08-23,A,2
906,3222,2025-01-12,C,1080
907,3223,2024-06-21,C,346
908,3224,2023-04-12,C,611
909,3225,2023-04-11,A,1187
910,3226,2025-02-06,C,1645
911,3227,2023-04-21,A,1853
912,3228,2024-08-28,A,1590
913,3230,2023-03-28,A,172
914,3232,2022-09-12,A,1406
915,3235,2024-11-20,A,324
916,3237,2024-02-13,C,1869
917,3240,2024-07-05,A,1802
918,3246,2024-11-04,C,556
919,3250,2023-09-07,A,1947
920,3252,2024-11-20,A,1762
921,3259,2025-04-09,A,1758
922,3262,2024-12-22,C,610
923,3264,2025-05-18,A,475
924,3265,2023-05-01,A,800
925,3270,2024-08-04,C,705
926,3277,2022-06-27,A,584
927,3284,2022-06-21,A,1251
928,3286,2023-11-26,A,876
929,3290,2022-12-24,A,1708
930,3292,2023-05-27,A,405
931,3294,2022-08-06,C,1744
932,3296,2024-12-24,B,1752
933,3299,2022-04-03,A,664
934,3300,2023-08-19,C,1056
935,3301,2025-05-17,C,727
936,3310,2022-08-16,B,1607
937,3318,2024-06-13,A,1059
938,3319,2023-08-09,A,1614
939,3326,2023-04-27,A,1199
940,3334,2025-10-01,A,1925
941,3343,2024-09-17,A,894
942,3347,2025-02-13,C,1170
943,3348,2025-01-10,C,517
944,3352,2024-06-11,A,1536
945,3357,2022-09-05,A,465
946,3360,2024-12-11,C,1282
947,3361,2023-02-22,A,140
948,3362,2024-02-26,C,1458
949,3368,2023-06-23,A,1484
950,3371,2023-01-06,A,961
951,3373,2025-06-01,C,631
952,3381,2023-06-30,A,145
953,3382,2023-12-24,A,624
954,3388,2024-06-22,A,1628
955,3402,2024-10-14,A,891
956,3410,2024-11-21,C,186
957,3414,2023-10-22,A,1721
958,3416,2024-05-03,A,351
959,3418,2023-11-08,C,1127
960,3422,2024-07-15,A,774
961,3424,2023-01-10,A,527
962,3428,2025-04-16,A,1298
963,3429,2025-01-15,A,535
964,3433,2023-01-25,A,1513
965,3436,2023-05-19,A,542
966,3439,2022-08-26,A,454
967,3442,2024-09-24,A,565
968,3445,2023-05-06,A,1132
969,3449,2022-11-24,A,1481
970,3450,2024-05-27,A,691
971,3457,2023-03-20,A,1474
972,3472,2022-08-15,A,415
973,3477,2023-02-01,C,1082
974,3484,2024-06-27,C,392
975,3486,2024-02-17,C,267
976,3490,2024-08-30,C,930
977,3494,2023-06-23,A,607
978,3495,2023-06-09,B,417
979,3497,2024-04-27,A,583
980,3503,2022-08-07,A,1179
981,3506,2023-02-02,A,937
982,3508,2024-12-09,A,294
983,3509,2025-08-02,C,1971
984,3510,2025-06-14,C,1600
985,3512,2023-09-11,A,1717
986,3513,2025-05-25,A,1663
987,3519,2025-04-22,A,584
988,3523,2022-10-05,C,173
989,3524,2023-06-07,A,1399
990,3527,2023-09-14,A,249
991,3528,2023-04-07,A,630
992,3529,2024-10-08,A,10
993,3530,2022-10-30,C,809
994,3538,2024-05-15,A,1328
995,3539,2024-09-22,C,201
996,3540,2024-05-19,A,1523
997,3544,2025-02-25,A,179
998,3548,2024-06-15,B,1644
999,3549,2025-02-12,C,609
1000,3550,2024-04-05,A,1416
1001,3553,2023-06-23,B,181
1002,3554,2024-02-10,A,980
1003,3556,2025-08-28,A,1892
1004,3558,2022-10-29,B,241
1005,3560,2023-04-13,A,574
1006,3565,2024-11-05,A,1694
1007,3570,2023-01-30,A,578
1008,3571,2024-07-24,A,1088
1009,3573,2024-09-22,C,1311
1010,3577,2022-09-04,A,431
1011,3579,2023-12-25,B,429
1012,3585,2022-05-25,C,916
1013,3587,2023-03-02,A,1960
1014,3593,2024-11-20,A,1495
1015,3596,2022-08-04,A,1281
1016,3599,2023-08-29,C,1808
1017,3600,2023-01-06,C,107
1018,3601,2023-03-14,A,1726
1019,3608,2023-01-09,A,620
1020,3612,2022-07-03,A,211
1021,3615,2023-08-13,A,1032
1022,3625,2024-03-13,A,405
1023,3626,2024-01-22,A,128
1024,3629,2024-03-03,A,98
1025,3630,2024-04-11,B,819
1026,3631,2025-03-04,A,1961
1027,3636,2022-10-17,A,248
1028,3637,2025-05-17,A,1674
1029,3638,2023-05-29,A,483
1030,3641,2022-10-06,C,351
1031,3649,2025-03-03,C,1490
1032,3650,2023-02-18,A,1354
1033,3652,2024-11-24,A,1118
1034,3653,2024-05-08,C,804
1035,3656,2025-10-31,A,54
1036,3657,2024-11-27,A,174
1037,3659,2022-12-13,A,38
1038,3666,2023-05-04,A,1008
1039,3668,2022-08-14,A,1552
1040,3670,2023-10-09,C,883
1041,3676,2024-09-29,A,1346
1042,3679,2023-05-10,B,1835
1043,3680,2022-12-27,B,1623
1044,3681,2024-09-29,C,991
1045,3682,2025-05-10,A,1792
1046,3683,2023-03-27,B,1457
1047,3694,2024-05-07,B,1343
1048,3697,2024-07-28,A,893
1049,3698,2022-10-29,A,1637
1050,3699,2025-02-24,A,1359
1051,3704,2022-12-15,A,1356
1052,3710,2025-06-06,C,1683
1053,3715,2023-01-16,A,2
1054,3716,2023-08-09,A,1979
1055,3720,2024-03-14,A,57
1056,3721,2023-09-25,A,1978
1057,3722,2024-07-01,C,1680
1058,3723,2024-11-14,A,1483
1059,3729,2023-03-20,A,1839
1060,3733,2023-07-24,B,920
1061,3737,2025-09-20,C,569
1062,3743,2024-07-02,A,203
1063,3751,2022-07-28,C,893
1064,3752,2025-06-20,A,731
1065,3754,2024-08-23,A,1762
1066,3758,2025-04-30,A,290
1067,3760,2024-01-31,A,490
1068,3761,2024-04-02,A,892
1069,3775,2024-05-15,A,74
1070,3777,2025-02-08,B,1613
1071,3790,2023-01-11,C,1476
1072,3792,2024-05-13,A,1655
1073,3793,2024-02-24,A,1270
1074,3800,2023-05-19,A,707
1075,3802,2023-09-30,A,746
1076,3804,2025-02-04,A,1945
1077,3805,2024-04-05,A,871
1078,3813,2023-12-07,A,707
1079,3815,2023-05-01,C,1463
1080,3816,2023-11-03,C,1196
1081,3819,2025-07-02,C,720
1082,3825,2023-09-28,C,1138
1083,3834,2024-07-30,A,97
1084,3835,2024-12-02,A,1662
1085,3845,2024-07-16,A,1308
1086,3847,2023-03-11,A,1613
1087,3848,2023-03-24,A,1071
1088,3850,2023-09-08,A,374
1089,3859,2024-03-20,A,1493
1090,3861,2024-08-19,C,544
1091,3864,2023-12-05,B,748
1092,3865,2024-10-06,A,730
1093,3869,2022-07-31,C,214
1094,3871,2024-08-17,B,1868
1095,3872,2024-08-15,A,354
1096,3873,2023-02-09,A,849
1097,3882,2022-08-14,A,1767
1098,3886,2025-06-05,A,723
1099,3887,2023-01-22,A,81
1100,3891,2023-10-30,A,1148
1101,3895,2023-02-05,A,848
1102,3898,2023-03-06,A,730
1103,3899,2024-12-30,C,1793
1104,3900,2023-09-26,A,1858
1105,3901,2024-02-06,A,743
1106,3902,2023-02-08,A,403
1107,3910,2024-08-29,A,715
1108,3918,2024-06-11,A,1744
1109,3922,2024-04-12,A,1656
1110,3924,2022-06-26,B,121
1111,3927,2022-09-23,A,1277
1112,3928,2024-04-02,A,1366
1113,3936,2024-12-31,A,636
1114,3942,2025-07-01,C,1594
1115,3946,2023-11-24,A,1545
1116,3949,2023-01-13,A,1687
1117,3952,2023-09-17,A,1424
1118,3954,2025-07-03,A,1449
1119,3957,2024-03-05,A,293
1120,3958,2022-08-04,A,1633
1121,3959,2024-10-24,A,1459
1122,3963,2025-04-26,A,1132
1123,3965,2023-01-31,A,153
1124,3970,2022-11-17,C,434
1125,3971,2024-12-26,A,968
1126,3974,2023-10-28,A,1557
1127,3977,2023-03-24,A,743
1128,3979,2023-02-08,A,1481
1129,3982,2024-03-26,A,1719
1130,3986,2022-10-09,C,673
1131,3989,2024-01-26,A,418
1132,3990,2024-10-13,C,821
1133,3991,2025-01-15,A,1671
1134,3997,2025-04-01,A,315
1135,3999,2023-04-05,A,1538
1136,4003,2023-05-18,A,1732
1137,4008,2022-12-11,B,878
1138,4021,2024-06-14,C,741
1139,4026,2022-06-14,A,997
1140,4030,2024-12-20,C,193
1141,4032,2023-04-16,B,428
1142,4033,2024-11-10,A,1554
1143,4038,2023-06-09,A,961
1144,4040,2023-05-28,A,670
1145,4041,2024-01-23,A,1754
1146,4042,2023-08-23,C,1474
1147,4043,2023-09-29,A,1222
1148,4045,2025-04-14,A,765
1149,4049,2024-03-11,A,670
1150,4061,2024-04-21,A,839
1151,4074,2024-06-13,C,1053
1152,4077,2022-12-08,A,171
1153,4081,2024-02-26,A,1232
1154,4083,2022-09-07,A,56
1155,4084,2024-08-27,C,871
1156,4085,2023-07-14,C,1580
1157,4092,2023-12-22,A,617
1158,4096,2025-09-17,A,1005
1159,4102,2025-03-02,C,436
1160,4103,2025-06-20,C,1313
1161,4106,2023-03-18,A,1778
1162,4110,2024-06-11,B,1343
1163,4111,2023-05-01,A,1499
1164,4115,2024-04-27,A,1015
1165,4123,2023-11-26,A,882
1166,4125,2023-09-27,A,1447
1167,4127,2024-07-13,A,1864
1168,4129,2025-01-24,C,23
1169,4134,2022-09-27,A,133
1170,4135,2022-09-18,A,1272
1171,4136,2024-09-19,A,1481
1172,4138,2024-02-27,A,863
1173,4141,2023-01-23,A,534
1174,4142,2023-08-28,A,1283
1175,4144,2025-04-28,A,1223
1176,4151,2023-05-31,C,58
1177,4152,2025-02-11,A,574
1178,4158,2025-01-25,A,77
1179,4160,2022-10-30,A,393
1180,4163,2022-08-25,A,1570
1181,4168,2024-08-10,A,1009
1182,4170,2024-08-07,A,1272
1183,4175,2025-01-10,A,1581
1184,4178,2023-04-03,B,308
1185,4181,2023-02-25,B,730
1186,4184,2024-08-03,A,1821
1187,4187,2024-05-17,A,601
1188,4189,2023-07-12,A,1013
1189,4196,2023-08-29,C,441
1190,4208,2022-04-21,A,883
1191,4210,2024-07-18,A,1201
1192,4212,2023-02-06,A,1153
1193,4224,2024-06-14,A,460
1194,4226,2024-07-31,A,707
1195,4229,2023-12-31,A,1863
1196,4233,2024-05-09,A,836
1197,4236,2024-03-12,A,1584
1198,4238,2025-07-31,C,1658
1199,4243,2023-01-03,C,730
1200,4250,2022-06-05,A,179
1201,4254,2024-12-27,A,1780
1202,4257,2024-03-30,A,1262
1203,4258,2025-04-18,A,1668
1204,4265,2024-06-26,C,476
1205,4269,2022-09-20,A,1659
1206,4270,2024-10-24,A,904
1207,4277,2022-10-19,B,1524
1208,4283,2024-09-28,A,850
1209,4285,2023-08-09,A,546
1210,4288,2024-05-12,B,1500
1211,4290,2024-01-16,C,907
1212,4297,2022-09-13,A,1844
1213,4301,2023-12-04,C,1747
1214,4304,2024-04-22,C,1194
1215,4308,2023-09-22,A,715
1216,4309,2022-06-11,A,1055
1217,4310,2024-06-28,A,1887
1218,4311,2023-03-20,A,1414
1219,4316,2023-08-29,B,1713
1220,4321,2024-01-15,C,978
1221,4328,2022-07-05,A,1146
1222,4330,2024-09-05,C,695
1223,4336,2023-02-04,A,573
1224,4339,2022-05-07,A,851
1225,4340,2024-11-05,C,437
1226,4348,2023-08-18,C,809
1227,4351,2024-04-07,A,1706
1228,4355,2022-08-31,A,646
1229,4356,2023-05-21,A,1093
1230,4357,2024-10-19,C,1025
1231,4362,2025-03-28,A,1509
1232,4365,2024-12-05,A,1852
1233,4366,2023-11-07,A,1697
1234,4369,2025-05-27,A,1496
1235,4371,2025-03-08,A,1769
1236,4372,2024-11-08,A,60
1237,4375,2025-06-08,A,1682
1238,4376,2023-01-19,A,128
1239,4384,2024-08-27,A,1313
1240,4385,2023-10-20,A,780
1241,4387,2022-09-04,C,925
1242,4388,2024-10-10,A,1588
1243,4392,2024-10-16,A,1464
1244,4393,2022-12-11,A,866
1245,4398,2024-03-06,B,197
1246,4402,2024-10-06,A,552
1247,4403,2023-02-24,C,732
1248,4404,2024-05-01,A,644
1249,4416,2022-09-15,B,1432
1250,4424,2024-12-30,A,940
1251,4426,2024-02-28,C,677
1252,4427,2024-10-13,A,467
1253,4434,2023-01-03,A,1659
1254,4437,2023-06-30,C,1403
1255,4438,2022-08-26,A,739
1256,4439,2025-03-21,A,490
1257,4445,2025-02-15,C,1847
1258,4447,2022-11-26,A,1510
1259,4448,2024-07-16,C,749
1260,4453,2022-12-06,A,584
1261,4457,2023-12-04,B,166
1262,4458,2023-04-16,A,1887
1263,4460,2024-08-16,B,1637
1264,4461,2025-07-11,C,118
1265,4472,2023-03-09,A,527
1266,4480,2024-01-18,A,1521
1267,4482,2024-03-12,A,592
1268,4486,2023-03-20,A,1239
1269,4490,2023-03-31,A,1471
1270,4491,2025-01-28,A,1517
1271,4493,2023-02-25,C,330
1272,4496,2023-08-20,B,709
1273,4497,2024-12-22,A,1335
1274,4498,2022-09-24,C,1528
1275,4501,2022-11-14,B,1074
1276,4504,2023-12-04,C,599
1277,4510,2023-11-17,C,1643
1278,4511,2024-05-26,A,730
1279,4517,2024-04-16,C,1719
1280,4519,2024-08-08,A,1329
1281,4525,2024-02-16,A,889
1282,4528,2024-04-14,A,750
1283,4536,2024-05-08,A,1984
1284,4538,2025-04-07,C,284
1285,4539,2024-01-27,A,1083
1286,4543,2023-11-15,A,1912
1287,4544,2025-06-05,B,549
1288,4546,2023-12-26,A,1768
1289,4552,2024-11-28,A,875
1290,4553,2024-01-30,A,1634
1291,4555,2024-12-06,A,996
1292,4557,2023-10-31,A,1330
1293,4558,2024-03-04,A,1216
1294,4559,2024-04-11,A,1598
1295,4563,2023-06-29,A,1525
1296,4565,2024-07-21,A,1034
1297,4572,2023-07-16,B,1556
1298,4573,2022-12-21,A,757
1299,4577,2024-07-01,A,1441
1300,4578,2023-06-28,B,1781
1301,4579,2023-12-27,C,237
1302,4580,2023-01-11,B,1244
1303,4589,2023-05-21,B,84
1304,4592,2023-12-19,A,922
1305,4594,2022-05-10,C,404
1306,4598,2025-05-26,A,595
1307,4599,2024-03-30,C,697
1308,4600,2024-08-15,A,1640
1309,4605,2022-12-04,A,1770
1310,4606,2023-01-05,A,1147
1311,4608,2024-06-27,B,746
1312,4613,2022-08-24,A,833
1313,4614,2025-04-03,B,571
1314,4621,2025-07-04,C,562
1315,4622,2022-11-02,A,1780
1316,4625,2023-08-21,A,1286
1317,4628,2025-10-21,A,1587
1318,4635,2022-09-24,A,1136
1319,4641,2024-10-09,A,1530
1320,4645,2022-11-24,C,215
1321,4653,2023-08-30,A,1316
1322,4654,2023-10-15,A,1128
1323,4658,2024-03-04,A,925
1324,4662,2024-02-25,B,862
1325,4664,2025-09-03,C,1646
1326,4667,2025-01-21,A,1638
1327,4668,2025-12-15,A,1407
1328,4670,2023-04-18,A,1985
1329,4671,2025-01-10,A,1157
1330,4675,2023-09-14,A,1918
1331,4679,2024-04-04,C,7
1332,4682,2022-08-10,C,1174
1333,4687,2023-07-17,A,11
1334,4688,2022-10-25,A,1752
1335,4689,2022-11-24,A,1455
1336,4690,2022-08-11,A,253
1337,4693,2023-12-31,C,1637
1338,4697,2022-11-23,A,1767
1339,4706,2025-07-13,A,1828
1340,4708,2025-06-29,B,1625
1341,4711,2023-11-22,A,485
1342,4712,2023-10-16,A,470
1343,4716,2024-09-09,A,882
1344,4728,2023-07-01,A,1068
1345,4732,2023-06-17,A,247
1346,4739,2024-08-20,B,119
1347,4743,2024-11-29,A,51
1348,4746,2024-01-09,A,1481
1349,4750,2023-01-06,A,1491
1350,4752,2024-03-18,A,1935
1351,4754,2022-12-31,A,623
1352,4759,2024-12-13,A,1220
1353,4760,2024-11-29,A,902
1354,4766,2023-05-08,C,518
1355,4770,2023-03-19,B,1934
1356,4773,2023-03-11,A,749
1357,4783,2025-04-24,C,1703
1358,4790,2023-11-15,A,850
1359,4791,2024-01-19,A,723
1360,4803,2024-02-21,C,1952
1361,4806,2023-09-03,A,154
1362,4807,2024-05-01,A,1342
1363,4808,2022-05-01,B,646
1364,4811,2025-03-25,B,722
1365,4812,2023-10-27,A,1549
1366,4819,2024-07-21,A,526
1367,4824,2022-10-22,A,598
1368,4825,2024-06-07,A,1
1369,4832,2022-09-03,A,1249
1370,4837,2022-12-02,A,1654
1371,4839,2024-09-01,C,921
1372,4841,2024-05-14,A,1234
1373,4842,2023-02-11,C,1661
1374,4852,2022-08-28,A,1936
1375,4853,2023-03-22,B,657
1376,4854,2023-12-19,A,756
1377,4855,2024-11-28,B,1145
1378,4856,2023-02-21,A,10
1379,4861,2023-10-24,A,1301
1380,4863,2022-11-14,B,394
1381,4865,2024-12-23,A,961
1382,4867,2022-05-26,A,26
1383,4868,2024-03-09,A,966
1384,4869,2023-02-17,A,1643
1385,4870,2025-02-28,A,1508
1386,4873,2024-02-24,A,137
1387,4883,2024-10-13,A,1822
1388,4884,2023-09-22,A,1209
1389,4885,2025-04-05,C,1465
1390,4890,2023-12-15,B,1170
1391,4891,2024-06-09,B,1940
1392,4895,2024-01-18,A,1723
1393,4901,2022-07-02,A,1561
1394,4902,2022-07-13,A,1622
1395,4903,2023-11-07,C,1060
1396,4908,2024-12-27,A,1180
1397,4909,2023-12-08,C,1211
1398,4910,2022-06-01,B,1468
1399,4911,2023-03-23,C,578
1400,4912,2023-10-12,A,1844
1401,4914,2024-11-23,A,1592
1402,4915,2022-08-27,A,1029
1403,4921,2023-01-10,A,1027
1404,4927,2022-07-02,C,141
1405,4930,2023-10-09,A,160
1406,4934,2023-12-17,A,1162
1407,4938,2022-10-29,A,1442
1408,4941,2022-10-18,A,546
1409,4943,2024-10-22,A,771
1410,4944,2024-05-20,A,583
1411,4947,2022-10-18,C,715
1412,4951,2023-02-09,A,1270
1413,4954,2023-09-23,A,313
1414,4955,2023-12-10,A,504
1415,4956,2023-10-06,A,871
1416,4964,2024-03-22,A,1076
1417,4968,2023-07-13,B,609
1418,4972,2024-01-09,A,1624
1419,4977,2023-07-26,A,226
1420,4980,2024-10-09,A,1021
1421,4981,2022-10-21,A,850
1422,4984,2024-03-28,A,173
1423,4985,2023-07-01,A,433
1424,4987,2024-03-17,A,15
1425,4997,2023-08-09,A,1195
1426,4999,2024-01-20,B,1362
1427,5002,2024-12-27,A,432
1428,5003,2024-11-21,A,1737
1429,5006,2022-09-22,A,145
1430,5007,2023-06-25,A,1459
1431,5010,2024-04-12,B,935
1432,5013,2023-06-14,C,238
1433,5014,2025-03-13,A,581
1434,5015,2023-09-14,C,1723
1435,5019,2022-12-05,A,518
1436,5024,2024-12-25,A,410
1437,5027,2022-12-27,A,1976
1438,5029,2023-02-09,B,633
1439,5031,2025-06-21,A,325
1440,5032,2022-12-11,A,628
1441,5039,2023-02-23,A,17
1442,5043,2024-01-04,A,680
1443,5049,2023-07-08,C,1098
1444,5050,2024-09-30,B,466
1445,5052,2023-10-23,B,546
1446,5056,2023-04-24,A,1840
1447,5057,2024-10-26,A,1786
1448,5061,2022-09-18,A,10
1449,5063,2023-04-19,A,950
1450,5065,2023-09-17,A,911
1451,5067,2024-01-25,A,1144
1452,5068,2024-09-23,B,1568
1453,5069,2022-08-31,A,264
1454,5076,2022-08-17,B,441
1455,5080,2023-04-02,B,1904
1456,5087,2023-10-21,C,323
1457,5090,2024-08-25,B,1509
1458,5099,2024-10-27,C,1172
1459,5100,2023-10-19,C,1886
1460,5103,2024-05-13,B,964
1461,5104,2024-05-09,C,167
1462,5107,2024-03-15,A,693
1463,5109,2024-03-16,A,935
1464,5111,2025-04-16,C,1216
1465,5113,2025-11-15,C,1830
1466,5114,2025-01-25,A,725
1467,5115,2023-05-31,A,616
1468,5117,2024-10-07,A,680
1469,5121,2024-09-28,A,717
1470,5123,2023-10-10,A,739
1471,5125,2022-10-02,C,652
1472,5126,2024-04-12,C,149
1473,5130,2025-05-27,A,1508
1474,5131,2024-05-22,A,1001
1475,5139,2025-02-14,A,997
1476,5140,2023-05-02,A,1707
1477,5141,2025-01-14,A,904
1478,5144,2025-01-15,A,1330
1479,5147,2022-11-12,B,1420
1480,5148,2023-09-05,A,534
1481,5149,2025-08-19,A,1999
1482,5159,2024-10-07,A,1015
1483,5160,2022-07-14,A,36
1484,5164,2022-12-03,A,1184
1485,5166,2025-04-29,A,704
1486,5168,2023-12-02,A,1957
1487,5177,2022-12-17,C,351
1488,5180,2023-06-02,B,493
1489,5184,2023-05-31,A,467
1490,5185,2022-11-25,A,1033
1491,5189,2022-11-24,A,287
1492,5191,2024-08-24,A,1059
1493,5199,2023-04-07,A,997
1494,5205,2025-06-25,C,1980
1495,5207,2025-04-12,C,689
1496,5215,2024-08-17,C,131
1497,5220,2024-04-06,A,1860
1498,5228,2024-06-23,C,820
1499,5233,2024-01-11,A,652
1500,5234,2024-05-06,A,1680
1501,5237,2024-08-14,B,1312
1502,5238,2022-12-27,A,707
1503,5239,2022-06-03,A,1053
1504,5246,2025-02-17,A,1923
1505,5248,2024-11-17,C,632
1506,5255,2023-07-05,A,557
1507,5262,2024-12-17,A,853
1508,5269,2025-03-20,A,509
1509,5270,2022-11-27,C,169
1510,5272,2024-09-17,A,710
1511,5282,2023-11-22,A,616
1512,5283,2024-05-24,C,1985
1513,5295,2024-12-19,A,462
1514,5297,2023-10-16,A,1926
1515,5309,2022-08-13,B,1426
1516,5311,2024-03-17,A,499
1517,5314,2023-08-31,C,290
1518,5321,2024-07-17,C,1598
1519,5327,2024-09-12,A,1740
1520,5331,2022-05-18,A,1664
1521,5334,2024-08-05,B,1961
1522,5335,2022-10-30,A,404
1523,5339,2024-06-22,A,260
1524,5349,2023-04-18,A,1543
1525,5351,2022-08-13,A,593
1526,5356,2022-09-20,A,799
1527,5359,2023-07-10,A,263
1528,5360,2025-02-24,C,921
1529,5368,2024-07-21,A,1904
1530,5372,2022-06-05,C,1139
1531,5374,2022-12-04,C,1447
1532,5381,2023-12-23,A,1267
1533,5383,2024-12-18,A,1468
1534,5384,2025-05-20,A,4
1535,5386,2023-09-23,A,212
1536,5391,2023-02-14,A,628
1537,5393,2022-06-28,C,1340
1538,5400,2023-07-15,B,761
1539,5416,2022-11-08,C,1858
1540,5425,2024-02-15,A,965
1541,5428,2024-04-12,A,1662
1542,5432,2024-11-19,A,1039
1543,5433,2022-12-13,C,509
1544,5434,2023-05-16,B,481
1545,5435,2025-10-16,A,1031
1546,5437,2024-07-04,A,248
1547,5439,2025-05-25,A,627
1548,5444,2023-09-05,A,1942
1549,5445,2022-11-11,C,526
1550,5455,2023-02-17,A,1483
1551,5458,2025-04-19,A,232
1552,5460,2024-05-28,C,549
1553,5461,2022-05-15,A,1489
1554,5470,2024-09-24,A,1127
1555,5473,2022-08-31,A,1340
1556,5490,2022-12-06,A,711
1557,5492,2024-11-24,B,676
1558,5501,2024-11-11,C,1056
1559,5503,2025-03-14,A,557
1560,5504,2025-02-09,A,1556
1561,5507,2024-05-15,C,30
1562,5508,2023-08-25,B,891
1563,5512,2024-12-22,A,117
1564,5516,2024-09-07,A,1380
1565,5518,2024-10-14,A,1527
1566,5519,2024-11-07,C,1207
1567,5520,2022-10-23,A,846
1568,5521,2024-09-09,A,1584
1569,5524,2022-10-28,A,676
1570,5527,2024-03-28,A,240
1571,5528,2023-10-25,A,1005
1572,5529,2024-01-06,A,959
1573,5534,2022-05-23,A,1502
1574,5541,2023-08-01,A,1070
1575,5545,2022-12-30,A,233
1576,5546,2023-02-11,B,1563
1577,5549,2023-12-28,A,1310
1578,5556,2023-07-21,A,1023
1579,5558,2024-10-09,A,1770
1580,5559,2025-04-01,C,592
1581,5560,2023-04-07,A,421
1582,5569,2023-05-05,C,1598
1583,5570,2024-12-15,B,70
1584,5572,2025-04-15,B,288
1585,5574,2024-03-08,C,723
1586,5583,2024-01-03,A,267
1587,5584,2023-07-24,C,1441
1588,5589,2023-03-17,A,1023
1589,5594,2022-09-12,B,454
1590,5596,2022-11-20,A,1684
1591,5601,2024-07-12,A,1050
1592,5602,2023-12-26,A,445
1593,5604,2024-10-30,A,1543
1594,5615,2025-06-01,A,1782
1595,5619,2023-07-24,C,1863
1596,5624,2023-03-04,A,296
1597,5625,2023-12-30,A,1997
1598,5630,2024-09-28,A,65
1599,5632,2023-02-22,C,962
1600,5640,2024-03-23,B,1263
1601,5646,2024-03-26,A,52
1602,5648,2023-07-15,A,1856
1603,5649,2024-02-23,A,347
1604,5653,2025-05-10,C,1004
1605,5655,2023-07-13,C,223
1606,5658,2022-12-29,A,37
1607,5659,2024-01-20,A,542
1608,5661,2025-09-28,C,1210
1609,5662,2025-02-18,C,622
1610,5664,2023-10-20,A,544
1611,5670,2023-08-05,B,237
1612,5672,2023-06-07,A,1779
1613,5673,2023-05-16,A,190
1614,5682,2024-12-05,A,943
1615,5683,2023-05-26,A,776
1616,5684,2022-10-29,B,301
1617,5687,2023-08-08,B,273
1618,5689,2025-07-14,C,300
1619,5693,2023-01-29,A,876
1620,5694,2025-01-12,A,669
1621,5698,2022-09-13,A,36
1622,5699,2022-08-20,A,1428
1623,5704,2022-09-12,C,638
1624,5721,2023-03-13,A,760
1625,5722,2024-05-16,C,10
1626,5729,2024-10-30,A,1231
1627,5740,2023-06-27,C,1454
1628,5750,2024-10-13,A,646
1629,5760,2025-04-17,A,695
1630,5762,2024-10-24,B,459
1631,5764,2025-05-14,B,1590
1632,5765,2022-12-16,A,1612
1633,5766,2022-12-16,C,1091
1634,5769,2025-03-21,A,1255
1635,5774,2023-09-20,A,768
1636,5775,2024-04-03,C,1629
1637,5776,2022-11-03,A,1389
1638,5777,2025-01-20,C,1960
1639,5781,2023-02-01,A,572
1640,5788,2023-10-13,A,1067
1641,5791,2023-01-28,C,1269
1642,5795,2024-04-17,C,1096
1643,5799,2023-01-05,A,187
1644,5808,2024-10-30,A,927
1645,5809,2024-07-20,A,797
1646,5811,2025-06-09,A,951
1647,5812,2023-01-18,B,1723
1648,5824,2023-08-27,A,1781
1649,5825,2024-11-11,C,148
1650,5827,2024-06-24,A,1983
1651,5830,2024-08-30,A,1293
1652,5839,2022-11-16,A,1985
1653,5845,2024-05-26,A,582
1654,5852,2023-02-05,A,1855
1655,5857,2022-07-12,C,900
1656,5859,2023-11-27,C,1091
1657,5863,2025-09-13,A,842
1658,5866,2024-04-10,C,897
1659,5868,2023-12-19,A,1225
1660,5871,2022-08-16,B,450
1661,5873,2024-02-05,A,199
1662,5874,2022-07-05,A,699
1663,5880,2025-06-03,B,389
1664,5884,2023-08-01,A,421
1665,5885,2023-04-03,A,1390
1666,5889,2022-06-09,A,1421
1667,5891,2024-03-17,A,947
1668,5892,2023-02-15,A,1928
1669,5898,2022-12-06,C,1324
1670,5901,2024-05-12,B,200
1671,5903,2022-08-03,C,533
1672,5906,2024-04-11,A,477
1673,5915,2023-10-21,A,1396
1674,5918,2023-07-29,C,89
1675,5923,2024-02-05,A,51
1676,5925,2024-06-07,A,1709
1677,5928,2024-02-26,A,1712
1678,5930,2024-04-15,C,1842
1679,5932,2024-10-28,B,439
1680,5937,2024-05-24,C,406
1681,5940,2024-03-31,B,158
1682,5941,2022-07-10,A,1101
1683,5944,2023-01-11,A,1239
1684,5948,2025-03-02,A,1217
1685,5950,2023-04-12,B,383
1686,5952,2024-04-21,A,1
1687,5956,2023-04-03,C,1810
1688,5958,2025-02-28,A,1363
1689,5973,2025-05-14,A,671
1690,5983,2023-04-28,A,514
1691,5984,2025-07-18,A,1199
1692,5989,2023-01-29,B,1531
1693,5994,2025-10-07,B,635
1694,5996,2024-05-19,B,629
1695,6002,2024-04-30,A,1297
1696,6012,2023-06-12,C,1747
1697,6018,2023-09-18,B,1780
1698,6019,2022-10-20,A,425
1699,6021,2023-10-01,A,791
1700,6032,2025-02-21,A,962
1701,6034,2024-02-08,A,354
1702,6036,2023-10-20,A,1883
1703,6038,2023-02-05,A,1910
1704,6041,2023-11-27,A,1069
1705,6046,2022-11-26,A,1331
1706,6047,2025-01-29,C,1902
1707,6054,2024-05-04,B,812
1708,6056,2023-08-07,A,1724
1709,6060,2024-05-16,A,1830
1710,6062,2024-09-10,A,39
1711,6065,2023-07-10,A,367
1712,6067,2024-11-03,A,379
1713,6077,2025-02-18,A,600
1714,6081,2022-07-31,A,790
1715,6082,2023-12-31,B,902
1716,6086,2022-07-15,A,191
1717,6089,2024-07-23,A,379
1718,6098,2023-10-15,C,543
1719,6105,2024-07-01,A,1586
1720,6112,2023-12-06,A,282
1721,6113,2022-11-23,C,1386
1722,6116,2023-03-15,A,836
1723,6123,2022-06-23,A,333
1724,6125,2023-07-01,A,1622
1725,6126,2024-09-15,C,1022
1726,6127,2023-12-18,C,1722
1727,6134,2025-03-26,A,1160
1728,6135,2025-01-02,A,1610
1729,6137,2025-05-28,C,1360
1730,6142,2023-05-10,C,667
1731,6144,2024-12-31,B,403
1732,6145,2025-05-24,A,455
1733,6150,2024-05-05,A,1475
1734,6158,2023-10-26,C,921
1735,6160,2025-05-09,C,1164
1736,6163,2024-11-22,A,1174
1737,6166,2022-10-17,A,539
1738,6169,2023-05-11,A,1778
1739,6171,2025-01-09,C,1200
1740,6173,2022-08-13,A,731
1741,6174,2023-12-20,A,1293
1742,6177,2023-06-14,A,1894
1743,6181,2024-03-04,B,1992
1744,6182,2022-10-09,C,679
1745,6186,2023-07-05,A,793
1746,6190,2022-06-07,C,1862
1747,6191,2023-04-26,C,1823
1748,6204,2024-01-21,B,767
1749,6205,2023-09-19,C,12
1750,6207,2023-04-21,A,1846
1751,6208,2023-12-30,A,1964
1752,6210,2023-12-02,A,354
1753,6211,2024-10-23,A,11
1754,6215,2022-10-26,C,932
1755,6217,2023-06-28,C,1537
1756,6220,2023-09-16,A,1779
1757,6222,2023-10-04,A,401
1758,6223,2024-12-04,A,1177
1759,6228,2023-10-19,B,212
1760,6233,2023-05-14,A,1596
1761,6238,2024-08-27,A,678
1762,6242,2024-04-19,A,580
1763,6244,2023-09-18,A,982
1764,6245,2024-04-15,A,595
1765,6249,2023-12-07,C,419
1766,6250,2023-01-09,A,1850
1767,6251,2024-01-01,C,1563
1768,6252,2023-03-08,A,1830
1769,6255,2025-04-18,A,1620
1770,6261,2022-11-04,A,1067
1771,6262,2024-08-04,A,1930
1772,6277,2023-04-20,A,1440
1773,6278,2023-09-23,A,897
1774,6280,2022-09-13,A,242
1775,6283,2022-09-06,A,1172
1776,6284,2024-04-03,A,278
1777,6291,2025-01-04,C,1757
1778,6296,2022-07-18,B,246
1779,6298,2022-10-22,A,568
1780,6300,2024-01-11,A,1562
1781,6302,2023-03-05,C,379
1782,6309,2025-04-18,A,123
1783,6311,2025-02-24,C,269
1784,6312,2023-12-03,A,830
1785,6314,2024-01-09,A,855
1786,6317,2024-07-15,A,275
1787,6320,2025-04-22,A,1006
1788,6325,2022-07-27,A,1316
1789,6339,2023-05-18,C,894
1790,6341,2024-05-22,A,1961
1791,6345,2023-11-21,A,364
1792,6351,2022-11-12,A,588
1793,6354,2025-06-24,A,1243
1794,6364,2024-09-30,A,1709
1795,6378,2022-10-03,A,1981
1796,6379,2023-09-07,A,1790
1797,6385,2023-06-25,A,1669
1798,6386,2022-12-11,A,527
1799,6391,2025-02-23,C,283
1800,6394,2024-06-10,A,1918
1801,6396,2022-08-23,C,705
1802,6397,2023-03-15,A,212
1803,6404,2025-07-14,B,75
1804,6408,2024-12-05,B,218
1805,6411,2025-02-04,A,200
1806,6418,2023-07-01,A,1323
1807,6434,2024-06-01,A,1777
1808,6435,2022-04-28,A,739
1809,6438,2024-04-02,A,785
1810,6442,2024-01-29,B,1717
1811,6445,2025-06-08,A,440
1812,6448,2025-04-03,A,1736
1813,6449,2024-03-05,A,1989
1814,6452,2023-06-05,A,1544
1815,6460,2023-07-19,C,635
1816,6465,2023-03-24,A,487
1817,6469,2022-04-05,A,206
1818,6470,2023-08-23,A,768
1819,6471,2024-06-22,B,1872
1820,6477,2022-11-15,A,1178
1821,6481,2023-02-06,B,300
1822,6482,2023-05-07,A,1793
1823,6484,2024-01-30,C,69
1824,6491,2024-05-30,A,1591
1825,6494,2022-07-24,C,1949
1826,6495,2024-12-31,C,157
1827,6496,2023-12-12,A,1657
1828,6500,2025-05-03,A,521
1829,6503,2024-09-22,A,1044
1830,6511,2024-06-11,A,483
1831,6512,2024-05-06,A,921
1832,6513,2025-05-10,C,1898
1833,6515,2024-03-29,A,1119
1834,6516,2025-10-12,C,1752
1835,6518,2023-12-07,A,187
1836,6522,2023-03-02,A,552
1837,6523,2025-08-01,A,450
1838,6524,2023-05-01,C,1800
1839,6527,2024-07-03,C,14
1840,6528,2024-04-08,A,1408
1841,6531,2023-05-28,A,235
1842,6533,2023-10-09,A,1353
1843,6534,2023-04-03,A,693
1844,6535,2024-03-26,A,1492
1845,6540,2023-08-29,A,1201
1846,6542,2023-12-06,A,531
1847,6546,2023-07-03,A,1685
1848,6549,2025-02-21,C,1000
1849,6551,2023-06-07,A,513
1850,6552,2022-11-21,A,1380
1851,6560,2025-03-04,A,1241
1852,6562,2025-05-15,C,172
1853,6564,2023-01-04,B,1443
1854,6565,2022-07-06,A,1088
1855,6575,2024-12-09,C,1145
1856,6579,2024-08-09,A,1123
1857,6589,2023-09-17,A,399
1858,6592,2023-01-04,A,995
1859,6596,2023-04-12,A,1351
1860,6598,2024-04-22,A,304
1861,6599,2024-04-23,A,1982
1862,6601,2023-03-31,A,10
1863,6604,2024-09-22,C,1256
1864,6605,2024-09-04,C,423
1865,6612,2024-11-29,A,1629
1866,6613,2024-06-15,A,1919
1867,6615,2022-07-30,A,1704
1868,6618,2023-08-29,A,466
1869,6620,2025-12-08,A,845
1870,6621,2024-03-27,C,387
1871,6622,2025-08-29,A,224
1872,6623,2022-08-13,C,348
1873,6632,2023-01-05,C,622
1874,6635,2025-06-08,A,723
1875,6643,2024-04-27,C,284
1876,6644,2022-12-03,C,1604
1877,6652,2024-04-11,A,617
1878,6658,2023-03-09,A,1590
1879,6659,2023-07-07,A,510
1880,6660,2024-08-05,A,1477
1881,6670,2023-07-29,B,1227
1882,6671,2023-02-19,A,1689
1883,6675,2024-06-20,A,1676
1884,6679,2023-08-09,B,1170
1885,6686,2023-07-25,A,705
1886,6691,2024-02-02,A,1970
1887,6696,2022-08-11,A,1457
1888,6697,2024-10-15,A,240
1889,6698,2025-05-13,A,537
1890,6704,2024-05-26,A,1006
1891,6706,2024-02-17,A,1955
1892,6710,2025-04-22,A,585
1893,6713,2025-04-03,A,1078
1894,6714,2025-08-13,A,555
1895,6716,2022-12-31,C,1863
1896,6718,2025-02-27,C,242
1897,6728,2023-04-18,A,978
1898,6729,2023-11-04,C,1410
1899,6730,2022-07-30,A,770
1900,6735,2024-01-12,A,1234
1901,6737,2022-12-20,A,423
1902,6743,2022-09-17,C,1816
1903,6744,2024-10-23,A,1298
1904,6747,2024-11-23,A,1216
1905,6749,2025-06-18,B,112
1906,6750,2022-11-27,A,1722
1907,6753,2024-07-09,A,1021
1908,6756,2023-11-23,A,172
1909,6757,2025-04-27,A,546
1910,6758,2025-02-09,C,511
1911,6759,2023-06-22,A,1330
1912,6777,2025-05-21,C,1733
1913,6780,2023-11-22,A,159
1914,6781,2024-04-27,C,1294
1915,6791,2024-01-20,A,932
1916,6793,2024-05-06,C,597
1917,6794,2024-11-01,A,1383
1918,6795,2023-10-16,A,137
1919,6796,2024-02-17,C,1527
1920,6798,2024-11-05,A,682
1921,6803,2024-03-08,C,318
1922,6807,2024-05-09,A,1426
1923,6812,2024-06-22,A,1137
1924,6814,2024-05-07,C,1412
1925,6818,2022-12-12,A,463
1926,6823,2024-04-11,C,1073
1927,6828,2023-09-18,A,1510
1928,6829,2023-11-29,A,1965
1929,6834,2023-11-29,A,1801
1930,6836,2025-02-17,A,1178
1931,6838,2022-09-23,A,836
1932,6841,2024-08-22,A,580
1933,6843,2024-03-05,A,111
1934,6845,2022-08-04,A,535
1935,6847,2024-02-20,B,1164
1936,6850,2023-12-16,B,632
1937,6857,2024-02-14,A,926
1938,6859,2022-06-19,C,499
1939,6863,2023-03-05,C,300
1940,6864,2024-05-23,A,1462
1941,6865,2023-03-28,B,362
1942,6869,2022-12-06,A,967
1943,6870,2023-12-13,C,660
1944,6874,2022-12-09,A,1315
1945,6876,2022-06-10,C,1744
1946,6885,2024-03-17,C,963
1947,6886,2024-10-03,A,242
1948,6887,2023-06-09,C,351
1949,6889,2024-10-16,C,1292
1950,6891,2023-12-28,A,1226
1951,6893,2022-08-18,A,1345
1952,6898,2023-02-06,B,1919
1953,6899,2023-07-12,C,792
1954,6901,2024-11-11,C,811
1955,6905,2025-03-16,B,1618
1956,6906,2022-06-23,A,113
1957,6909,2024-12-17,A,21
1958,6913,2024-11-06,A,1050
1959,6915,2024-08-18,A,1248
1960,6916,2025-02-07,A,1927
1961,6917,2024-02-11,B,1839
1962,6920,2024-10-19,A,1622
1963,6938,2022-09-23,A,1981
1964,6945,2025-05-19,A,345
1965,6946,2024-06-03,A,1283
1966,6956,2023-11-02,A,525
1967,6960,2025-06-06,A,661
1968,6963,2024-06-14,A,418
1969,6966,2022-10-25,A,233
1970,6972,2024-05-28,A,698
1971,6979,2023-06-22,A,519
1972,6992,2023-09-22,A,202
1973,7000,2023-06-11,A,1616
1974,7006,2024-03-27,C,865
1975,7017,2025-06-30,A,1652
1976,7023,2023-02-12,A,527
1977,7027,2022-10-17,C,715
1978,7030,2023-06-02,A,1527
1979,7031,2023-08-08,A,770
1980,7036,2024-12-28,A,466
1981,7038,2022-09-19,C,623
1982,7040,2023-08-11,A,1560
1983,7043,2022-08-20,C,1876
1984,7055,2024-04-02,A,130
1985,7056,2022-08-18,A,1917
1986,7057,2024-12-28,A,1093
1987,7060,2023-01-16,A,1385
1988,7061,2023-08-12,A,1018
1989,7062,2025-03-11,A,727
1990,7065,2024-01-13,A,35
1991,7068,2024-07-07,A,1598
1992,7070,2024-04-30,A,1737
1993,7072,2023-09-30,A,510
1994,7075,2024-12-25,C,1950
1995,7078,2024-03-06,A,655
1996,7083,2024-05-07,A,1925
1997,7084,2022-04-01,A,292
1998,7087,2025-05-05,C,1328
1999,7093,2024-12-16,A,1241
2000,7094,2024-04-07,A,471
2001,7097,2023-01-15,A,1885
2002,7100,2023-05-23,A,459
2003,7104,2024-05-02,A,1530
2004,7106,2023-12-31,A,883
2005,7108,2024-12-27,A,1736
2006,7109,2024-06-25,C,970
2007,7118,2024-04-08,C,1260
2008,7119,2024-11-12,C,345
2009,7123,2022-12-16,A,1113
2010,7125,2024-06-08,A,1158
2011,7128,2022-09-23,A,463
2012,7130,2024-09-12,C,579
2013,7131,2022-12-01,C,1220
2014,7135,2024-06-10,A,587
2015,7136,2022-08-25,A,1474
2016,7138,2025-02-23,A,759
2017,7140,2022-07-07,A,739
2018,7143,2025-05-18,C,19
2019,7144,2024-09-10,A,573
2020,7150,2024-12-14,A,838
2021,7154,2024-09-08,B,351
2022,7158,2024-12-12,A,1843
2023,7161,2022-09-19,A,387
2024,7168,2022-07-18,C,1709
2025,7173,2025-02-21,C,988
2026,7174,2024-07-18,C,1593
2027,7175,2025-05-30,A,505
2028,7177,2022-09-24,B,1181
2029,7178,2024-11-23,A,292
2030,7184,2023-11-29,A,1483
2031,7186,2025-02-27,A,177
2032,7191,2023-11-09,A,1438
2033,7192,2024-08-02,A,1522
2034,7200,2023-03-10,A,1806
2035,7201,2022-04-29,A,1871
2036,7203,2023-02-06,C,1145
2037,7204,2024-01-18,A,447
2038,7205,2025-08-30,A,1691
2039,7206,2024-09-11,A,1772
2040,7209,2023-05-17,A,1918
2041,7212,2023-10-25,A,331
2042,7216,2024-02-23,A,1862
2043,7221,2022-07-14,A,786
2044,7222,2024-04-30,A,1551
2045,7224,2022-11-06,B,568
2046,7226,2025-05-29,A,1635
2047,7230,2024-05-15,A,1133
2048,7233,2024-08-08,A,1731
2049,7237,2023-11-03,A,1743
2050,7241,2023-08-07,A,26
2051,7242,2024-04-25,C,226
2052,7243,2022-10-24,A,1971
2053,7247,2023-12-24,A,481
2054,7248,2023-09-08,A,945
2055,7253,2023-05-02,C,1202
2056,7259,2024-08-07,A,120
2057,7260,2023-02-11,A,812
2058,7262,2024-10-22,C,273
2059,7263,2025-02-03,C,222
2060,7271,2024-03-16,C,756
2061,7272,2023-04-03,C,1952
2062,7282,2022-09-09,C,280
2063,7283,2024-07-31,A,619
2064,7287,2023-05-17,B,591
2065,7289,2023-05-02,A,730
2066,7300,2023-11-24,A,865
2067,7303,2024-11-06,A,1834
2068,7306,2024-12-03,C,1198
2069,7307,2022-07-30,A,1382
2070,7308,2022-09-28,A,1028
2071,7314,2025-05-13,A,834
2072,7318,2024-07-31,A,43
2073,7326,2025-01-29,C,829
2074,7329,2024-10-18,A,811
2075,7331,2025-04-07,A,597
2076,7339,2022-07-03,A,402
2077,7343,2024-04-15,B,1550
2078,7345,2024-12-26,A,759
2079,7347,2024-04-07,A,401
2080,7356,2023-08-03,B,205
2081,7359,2023-06-16,C,1841
2082,7361,2024-03-13,B,155
2083,7367,2025-01-07,A,611
2084,7374,2025-01-08,C,1062
2085,7375,2024-01-01,A,1706
2086,7396,2024-03-23,C,939
2087,7398,2024-11-29,A,1243
2088,7400,2024-06-28,C,226
2089,7401,2023-03-28,A,1475
2090,7402,2023-10-06,A,1305
2091,7405,2024-06-06,A,1620
2092,7408,2023-04-20,A,2
2093,7417,2024-12-03,B,246
2094,7421,2024-04-28,A,804
2095,7425,2023-04-14,A,547
2096,7429,2023-02-09,A,390
2097,7434,2025-02-17,C,1571
2098,7437,2023-01-10,A,1637
2099,7444,2023-09-23,A,1270
2100,7445,2022-12-29,A,1249
2101,7446,2023-08-09,A,1645
2102,7453,2024-08-27,C,1455
2103,7460,2025-02-23,C,37
2104,7466,2025-01-20,A,53
2105,7467,2025-03-04,A,137
2106,7471,2025-06-28,C,901
2107,7472,2025-02-09,B,960
2108,7473,2023-04-20,A,725
2109,7475,2024-05-09,A,698
2110,7482,2023-08-26,A,1354
2111,7483,2025-03-17,A,889
2112,7485,2022-05-09,A,1819
2113,7488,2024-02-17,C,1734
2114,7489,2023-07-17,A,534
2115,7490,2025-05-02,A,461
2116,7496,2023-10-10,C,260
2117,7499,2024-11-18,A,759
2118,7500,2025-02-10,A,593
2119,7502,2023-02-15,A,314
2120,7512,2024-11-03,A,616
2121,7515,2023-09-29,A,1427
2122,7521,2023-02-01,A,1626
2123,7523,2024-12-19,A,1390
2124,7529,2023-08-07,B,55
2125,7532,2022-12-19,A,459
2126,7533,2024-06-29,A,1346
2127,7538,2023-02-24,A,1599
2128,7540,2023-06-13,A,256
2129,7541,2023-08-18,A,1367
2130,7545,2025-04-11,A,1194
2131,7547,2022-11-10,A,366
2132,7548,2024-06-08,A,668
2133,7552,2025-01-11,A,980
2134,7557,2024-10-01,A,1573
2135,7558,2022-11-26,A,1685
2136,7560,2022-09-11,C,71
2137,7571,2022-09-22,B,531
2138,7574,2025-08-28,B,1132
2139,7582,2023-04-13,A,1241
2140,7587,2023-07-09,A,303
2141,7588,2025-06-07,C,872
2142,7589,2025-05-10,A,1178
2143,7603,2023-05-13,A,1499
2144,7604,2023-02-04,A,1573
2145,7605,2024-10-08,A,1754
2146,7609,2022-07-31,C,730
2147,7611,2024-01-26,A,1512
2148,7612,2023-01-02,A,333
2149,7613,2023-09-05,A,361
2150,7615,2024-12-10,B,864
2151,7624,2023-11-18,A,1009
2152,7629,2024-10-04,A,33
2153,7631,2022-09-05,C,410
2154,7632,2023-09-09,A,127
2155,7636,2023-09-25,A,1103
2156,7638,2024-12-12,A,1056
2157,7639,2023-09-06,C,1382
2158,7640,2023-11-08,A,159
2159,7641,2024-05-13,C,1697
2160,7643,2024-11-04,C,1915
2161,7652,2023-06-10,B,441
2162,7656,2022-07-09,C,201
2163,7659,2024-02-23,A,1788
2164,7660,2025-04-15,A,928
2165,7661,2024-10-01,C,1927
2166,7667,2024-03-30,A,1961
2167,7671,2025-02-10,A,1486
2168,7676,2024-04-10,A,475
2169,7685,2024-06-01,A,1285
2170,7689,2024-02-27,A,240
2171,7699,2023-03-26,A,1664
2172,7702,2024-03-19,B,1733
2173,7704,2023-10-31,C,730
2174,7706,2025-03-28,A,1811
2175,7712,2022-12-31,C,1062
2176,7716,2022-10-27,C,1155
2177,7720,2022-06-14,A,660
2178,7727,2024-04-09,A,752
2179,7732,2025-11-05,A,136
2180,7734,2024-07-08,A,9
2181,7738,2023-07-28,A,1409
2182,7739,2022-05-31,A,1368
2183,7742,2025-03-28,A,146
2184,7750,2022-11-14,A,1771
2185,7761,2023-12-14,A,1859
2186,7763,2024-05-16,B,929
2187,7775,2025-04-02,A,464
2188,7776,2022-11-08,C,1709
2189,7782,2022-07-16,A,235
2190,7783,2022-10-08,A,444
2191,7785,2024-09-30,A,1091
2192,7786,2024-03-23,A,1235
2193,7788,2023-12-26,A,1354
2194,7789,2024-10-12,A,212
2195,7790,2023-05-05,A,1906
2196,7792,2024-03-15,A,730
2197,7796,2022-10-25,A,367
2198,7801,2023-01-17,A,414
2199,7803,2024-06-29,A,691
2200,7804,2025-02-25,C,1598
2201,7807,2023-12-31,A,1983
2202,7812,2024-02-26,C,855
2203,7813,2025-03-09,A,639
2204,7815,2024-01-25,A,490
2205,7819,2025-02-17,A,730
2206,7824,2022-08-28,A,1315
2207,7825,2023-12-19,A,1402
2208,7832,2024-02-21,A,1795
2209,7833,2023-05-03,A,1154
2210,7837,2022-07-10,B,1722
2211,7838,2023-10-22,B,1918
2212,7841,2023-03-28,A,7
2213,7842,2022-12-13,A,431
2214,7849,2022-09-13,A,1333
2215,7852,2023-01-08,A,1907
2216,7859,2023-03-07,C,276
2217,7865,2022-09-27,A,1756
2218,7871,2024-07-18,C,571
2219,7877,2024-06-26,A,1115
2220,7878,2024-09-28,A,1555
2221,7879,2025-04-12,A,161
2222,7882,2022-10-21,A,371
2223,7887,2022-11-30,A,147
2224,7888,2022-09-19,B,1051
2225,7889,2025-02-05,C,573
2226,7894,2022-12-15,B,41
2227,7897,2022-07-29,A,983
2228,7901,2022-08-02,A,114
2229,7906,2023-09-03,A,1861
2230,7911,2022-12-04,A,1373
2231,7914,2024-07-03,A,1912
2232,7918,2023-01-03,A,962
2233,7919,2023-07-25,A,1888
2234,7920,2024-08-10,A,1370
2235,7922,2022-07-30,A,136
2236,7924,2024-01-22,A,1054
2237,7927,2022-09-01,A,1813
2238,7929,2023-07-22,A,664
2239,7937,2023-09-02,A,411
2240,7942,2024-01-11,A,1648
2241,7953,2022-11-16,B,972
2242,7958,2023-11-04,A,730
2243,7960,2023-06-18,A,251
2244,7965,2025-02-13,A,1472
2245,7968,2023-02-16,C,656
2246,7972,2024-07-19,A,1535
2247,7974,2024-09-26,A,724
2248,7976,2022-07-31,A,1261
2249,7978,2025-04-03,A,33
2250,7986,2025-03-06,A,1354
2251,7988,2023-12-13,C,1611
2252,7991,2025-05-22,B,932
2253,7993,2022-11-14,A,1277
2254,7999,2024-11-20,A,1820
2255,8014,2025-07-02,A,494
2256,8015,2023-02-23,A,1522
2257,8018,2025-08-20,A,832
2258,8019,2024-02-29,B,883
2259,8020,2022-08-21,B,382
2260,8026,2023-07-01,A,680
2261,8027,2025-02-03,A,1428
2262,8031,2025-02-18,A,340
2263,8039,2022-04-07,B,877
2264,8040,2025-01-13,A,495
2265,8043,2023-09-09,A,1910
2266,8044,2024-01-03,C,1358
2267,8056,2024-11-04,A,738
2268,8078,2025-02-19,A,343
2269,8079,2024-07-17,A,609
2270,8087,2025-08-20,A,1608
2271,8090,2023-02-28,A,324
2272,8095,2024-01-11,A,1538
2273,8098,2025-04-25,A,1940
2274,8109,2025-01-31,C,83
2275,8110,2023-11-16,A,1376
2276,8114,2024-02-29,C,362
2277,8117,2025-08-21,A,1625
2278,8118,2024-01-19,A,1704
2279,8119,2024-04-06,C,191
2280,8121,2024-12-28,A,1720
2281,8123,2024-06-06,A,1772
2282,8125,2025-02-25,A,1873
2283,8127,2023-07-11,A,35
2284,8128,2025-05-21,C,1146
2285,8135,2024-12-19,A,1276
2286,8137,2025-05-12,A,1160
2287,8141,2024-07-19,A,1620
2288,8142,2023-05-02,A,516
2289,8143,2023-08-06,C,607
2290,8152,2023-08-21,A,1705
2291,8153,2025-03-17,A,1593
2292,8154,2024-09-24,C,901
2293,8157,2024-05-22,A,1091
2294,8161,2025-04-22,C,1286
2295,8167,2022-09-27,A,1500
2296,8174,2025-03-06,B,1255
2297,8175,2022-10-28,A,892
2298,8181,2024-01-06,A,1194
2299,8187,2024-04-26,C,287
2300,8192,2024-09-25,A,3
2301,8198,2023-07-21,A,959
2302,8199,2025-07-30,A,1915
2303,8209,2022-10-28,B,900
2304,8210,2024-01-18,A,821
2305,8212,2024-09-27,A,1325
2306,8214,2025-11-12,A,1061
2307,8215,2024-03-20,A,1588
2308,8222,2023-08-14,C,1512
2309,8223,2025-05-03,A,1906
2310,8225,2025-01-12,C,881
2311,8227,2023-01-17,C,710
2312,8231,2022-05-01,A,439
2313,8234,2024-10-25,B,415
2314,8236,2023-12-10,C,1810
2315,8247,2024-08-28,B,1682
2316,8249,2023-02-25,A,569
2317,8250,2023-03-16,A,646
2318,8251,2023-12-18,A,17
2319,8267,2023-11-08,A,1826
2320,8272,2023-10-13,A,77
2321,8277,2025-06-28,B,1306
2322,8279,2024-12-28,A,390
2323,8280,2024-04-23,A,1221
2324,8281,2022-12-01,A,874
2325,8283,2023-05-04,A,698
2326,8293,2023-02-11,A,1513
2327,8294,2023-02-24,A,590
2328,8298,2025-06-09,A,312
2329,8300,2024-12-09,A,161
2330,8303,2023-11-26,A,1773
2331,8308,2023-02-15,A,697
2332,8309,2024-05-16,A,732
2333,8310,2023-11-18,A,1206
2334,8313,2024-02-10,A,1247
2335,8316,2025-01-01,A,216
2336,8317,2022-12-31,A,840
2337,8320,2024-02-11,B,1347
2338,8322,2022-12-14,B,1183
2339,8323,2022-11-14,C,12
2340,8325,2025-01-06,B,303
2341,8331,2022-12-06,C,1277
2342,8339,2022-07-25,C,1901
2343,8343,2024-05-28,A,1319
2344,8348,2023-09-17,A,1780
2345,8349,2025-04-12,A,205
2346,8353,2024-06-22,A,1324
2347,8359,2023-04-23,A,1292
2348,8363,2022-12-07,A,604
2349,8368,2023-02-13,A,1772
2350,8370,2023-02-13,A,1306
2351,8372,2023-04-26,A,950
2352,8374,2024-12-21,A,656
2353,8375,2023-01-02,A,153
2354,8379,2024-12-29,A,1794
2355,8382,2022-05-18,A,791
2356,8383,2022-10-17,A,1246
2357,8385,2024-09-20,C,1599
2358,8386,2023-09-28,A,413
2359,8387,2024-05-27,A,1306
2360,8390,2025-09-06,A,628
2361,8392,2023-04-11,A,1392
2362,8394,2023-04-16,C,1220
2363,8397,2023-11-20,A,1589
2364,8398,2024-02-20,A,1805
2365,8400,2024-01-25,A,1393
2366,8405,2023-11-20,A,1866
2367,8408,2023-02-04,A,1365
2368,8413,2023-02-25,A,710
2369,8414,2024-07-25,A,1549
2370,8416,2024-06-08,A,459
2371,8418,2023-11-23,A,616
2372,8419,2023-09-30,A,1548
2373,8420,2024-11-02,A,1720
2374,8421,2024-11-02,A,1447
2375,8423,2024-12-23,B,488
2376,8425,2022-08-22,A,555
2377,8426,2024-01-09,B,211
2378,8428,2024-04-30,A,541
2379,8429,2024-08-09,A,1890
2380,8434,2022-12-27,A,103
2381,8438,2023-05-16,A,1991
2382,8439,2025-01-01,A,1020
2383,8444,2023-09-26,A,1024
2384,8446,2025-02-08,C,767
2385,8448,2022-09-22,C,721
2386,8452,2025-03-11,C,673
2387,8453,2024-05-17,A,490
2388,8455,2024-10-23,A,1771
2389,8459,2023-08-11,A,71
2390,8463,2024-05-14,A,1308
2391,8467,2025-01-14,A,1635
2392,8474,2025-04-06,A,1394
2393,8479,2023-04-08,A,891
2394,8482,2023-10-28,A,65
2395,8486,2025-01-18,A,1273
2396,8488,2023-08-28,A,1103
2397,8490,2025-08-25,A,428
2398,8494,2025-01-18,A,1269
2399,8496,2023-08-29,A,427
2400,8497,2023-05-14,A,90
2401,8502,2025-06-06,B,1810
2402,8504,2023-08-30,A,669
2403,8505,2024-02-16,C,1208
2404,8512,2024-07-13,A,144
2405,8514,2023-08-29,C,1096
2406,8520,2024-12-30,A,950
2407,8536,2022-07-26,A,1334
2408,8538,2025-09-02,A,157
2409,8542,2022-11-25,A,1774
2410,8543,2023-10-27,A,1583
2411,8547,2024-11-18,A,157
2412,8550,2024-07-07,A,1164
2413,8552,2024-04-07,A,1018
2414,8553,2023-12-24,C,579
2415,8556,2023-08-22,A,507
2416,8559,2023-11-11,A,1985
2417,8561,2023-02-08,A,1132
2418,8563,2023-12-06,C,1551
2419,8565,2022-07-21,B,1553
2420,8570,2022-12-13,A,1110
2421,8572,2023-05-25,C,217
2422,8573,2024-06-06,A,381
2423,8577,2023-12-02,A,249
2424,8583,2022-06-02,A,1806
2425,8584,2022-11-08,A,1870
2426,8598,2023-04-16,C,1625
2427,8600,2025-01-31,C,69
2428,8607,2024-03-22,A,1375
2429,8609,2022-11-21,A,1847
2430,8611,2024-02-26,A,1968
2431,8612,2022-07-26,A,419
2432,8622,2024-12-16,B,1920
2433,8624,2025-05-27,A,1220
2434,8635,2022-06-21,C,1228
2435,8642,2025-09-21,B,1458
2436,8643,2024-03-22,C,522
2437,8651,2023-06-27,C,274
2438,8653,2025-02-13,A,1627
2439,8655,2024-07-04,A,880
2440,8657,2024-07-28,B,1276
2441,8664,2025-08-24,A,298
2442,8667,2024-02-13,A,49
2443,8671,2023-01-13,A,515
2444,8672,2024-07-18,C,981
2445,8675,2024-02-01,A,1867
2446,8676,2025-05-10,C,881
2447,8678,2025-07-24,A,702
2448,8686,2025-04-28,A,1083
2449,8687,2023-04-24,C,195
2450,8689,2023-12-08,A,1482
2451,8691,2025-02-11,A,1253
2452,8693,2023-09-20,C,1933
2453,8696,2025-06-08,C,710
2454,8701,2025-03-26,C,609
2455,8707,2024-04-10,A,1242
2456,8710,2025-01-29,A,308
2457,8712,2023-11-29,A,165
2458,8713,2023-09-18,B,893
2459,8714,2023-05-28,B,1184
2460,8716,2023-10-02,A,1640
2461,8719,2023-10-13,A,108
2462,8724,2025-04-16,A,1195
2463,8725,2024-07-26,C,1490
2464,8733,2024-07-11,C,147
2465,8735,2024-07-08,C,1925
2466,8740,2023-10-03,C,1072
2467,8741,2023-10-18,B,1227
2468,8744,2024-11-24,A,1383
2469,8747,2024-04-05,A,1599
2470,8751,2023-03-02,A,209
2471,8752,2025-09-29,B,1864
2472,8754,2022-10-22,A,252
2473,8755,2024-06-27,A,1435
2474,8756,2023-08-31,A,459
2475,8758,2022-07-29,A,896
2476,8760,2022-11-23,B,1598
2477,8761,2025-06-24,C,1556
2478,8769,2025-03-27,A,1891
2479,8773,2024-07-25,A,1000
2480,8774,2023-07-18,A,1837
2481,8775,2024-04-22,A,495
2482,8777,2025-01-13,A,1213
2483,8778,2023-10-12,A,151
2484,8779,2025-07-29,A,354
2485,8780,2022-09-19,A,1525
2486,8785,2023-03-21,A,1183
2487,8787,2025-06-28,B,1501
2488,8788,2023-11-28,A,1919
2489,8789,2025-05-26,A,802
2490,8790,2025-07-19,B,350
2491,8791,2022-11-22,A,1571
2492,8798,2025-01-07,A,1107
2493,8803,2023-11-30,A,501
2494,8806,2022-07-20,A,1175
2495,8808,2022-04-21,A,647
2496,8821,2023-10-27,C,1804
2497,8823,2023-04-08,A,1427
2498,8828,2023-08-22,A,390
2499,8834,2024-07-25,A,80
2500,8837,2023-01-31,B,776
2501,8839,2022-10-28,A,1450
2502,8843,2022-10-22,C,884
2503,8855,2024-07-25,C,1067
2504,8858,2023-09-11,B,1910
2505,8865,2023-06-19,A,947
2506,8867,2022-10-15,A,1667
2507,8872,2024-05-08,A,1213
2508,8873,2023-06-18,C,921
2509,8876,2024-03-30,A,526
2510,8882,2022-10-27,A,1527
2511,8885,2023-04-29,C,533
2512,8886,2023-05-14,A,1957
2513,8888,2024-07-13,A,1622
2514,8900,2024-03-20,A,379
2515,8904,2023-07-19,A,465
2516,8913,2024-07-28,A,242
2517,8915,2024-01-11,A,588
2518,8921,2024-10-23,C,1299
2519,8923,2023-03-13,A,567
2520,8928,2024-06-22,C,1139
2521,8929,2022-12-08,A,1474
2522,8934,2024-03-16,A,1584
2523,8935,2022-11-09,B,888
2524,8939,2025-04-20,C,325
2525,8941,2024-03-04,B,1286
2526,8950,2022-07-26,C,536
2527,8956,2023-08-04,A,1982
2528,8958,2024-04-11,A,1377
2529,8961,2023-08-19,B,119
2530,8964,2025-05-04,C,837
2531,8965,2024-08-11,A,1146
2532,8967,2025-04-07,A,1811
2533,8975,2023-11-28,C,320
2534,8976,2023-07-30,C,1509
2535,8978,2023-03-16,C,1887
2536,8979,2024-09-22,C,1510
2537,8981,2023-12-30,A,1788
2538,8982,2022-12-19,A,723
2539,8984,2023-06-05,A,323
2540,8987,2025-09-05,A,1852
2541,8988,2023-09-22,A,388
2542,8990,2024-02-29,A,1451
2543,8991,2025-02-04,A,1397
2544,8992,2022-11-04,A,453
2545,8993,2024-10-04,A,1591
2546,8999,2024-08-07,A,1902
2547,9004,2022-11-27,A,250
2548,9005,2023-02-08,A,426
2549,9007,2024-06-14,B,462
2550,9008,2024-02-25,C,1013
2551,9010,2022-05-22,A,1085
2552,9012,2024-04-28,A,684
2553,9020,2023-10-11,A,234
2554,9032,2022-09-16,B,1954
2555,9038,2024-04-14,C,1754
2556,9039,2023-03-18,A,1303
2557,9042,2024-10-30,C,906
2558,9044,2024-05-30,A,1157
2559,9045,2023-11-16,A,92
2560,9046,2024-10-05,A,39
2561,9050,2023-09-23,A,422
2562,9051,2023-10-06,B,452
2563,9056,2023-07-04,A,1156
2564,9057,2025-01-28,C,1377
2565,9059,2023-01-07,C,1598
2566,9061,2024-11-21,A,1183
2567,9064,2024-11-04,B,1302
2568,9065,2024-11-25,A,978
2569,9066,2024-10-05,A,1777
2570,9070,2023-06-14,A,509
2571,9074,2024-10-17,A,1910
2572,9077,2023-02-24,A,806
2573,9080,2022-10-17,C,1377
2574,9087,2024-06-19,B,1873
2575,9089,2023-10-14,A,882
2576,9092,2025-01-11,A,1598
2577,9094,2023-11-23,A,862
2578,9097,2022-09-12,A,36
2579,9098,2024-07-12,A,932
2580,9103,2023-01-31,A,1617
2581,9104,2024-11-26,A,345
2582,9112,2025-07-22,A,210
2583,9116,2023-03-03,A,1306
2584,9118,2023-02-12,A,1572
2585,9122,2022-06-14,A,1162
2586,9127,2024-12-11,A,97
2587,9129,2025-02-20,A,699
2588,9130,2022-11-23,A,600
2589,9131,2024-03-12,C,746
2590,9132,2024-02-21,A,1020
2591,9133,2024-05-22,A,1137
2592,9134,2022-10-05,A,1078
2593,9136,2023-09-20,A,858
2594,9142,2023-03-03,A,1064
2595,9143,2024-05-16,C,865
2596,9151,2024-01-30,A,1895
2597,9152,2023-09-17,A,1232
2598,9158,2022-04-01,A,937
2599,9163,2022-10-03,A,1547
2600,9172,2023-06-08,B,279
2601,9185,2025-02-25,C,1598
2602,9186,2025-05-14,C,266
2603,9187,2023-11-06,A,257
2604,9195,2022-09-30,C,873
2605,9196,2023-08-29,C,1487
2606,9202,2022-08-26,A,121
2607,9205,2024-11-10,A,1213
2608,9206,2023-01-24,A,1002
2609,9208,2024-07-09,A,174
2610,9215,2024-11-21,A,774
2611,9216,2024-08-08,B,871
2612,9218,2022-06-19,A,134
2613,9225,2024-07-30,C,1596
2614,9226,2023-02-26,A,611
2615,9227,2024-09-07,A,1497
2616,9228,2023-04-21,A,348
2617,9231,2024-04-06,A,1013
2618,9233,2025-01-19,A,1666
2619,9235,2023-11-03,C,1738
2620,9236,2023-07-29,A,1102
2621,9239,2024-10-11,A,982
2622,9240,2023-05-11,A,1519
2623,9247,2024-11-02,A,234
2624,9251,2024-01-24,C,108
2625,9252,2023-01-17,A,42
2626,9253,2025-01-14,A,707
2627,9263,2023-04-26,C,305
2628,9264,2022-07-31,C,1375
2629,9265,2023-02-03,C,685
2630,9267,2025-06-08,A,1713
2631,9268,2025-02-01,A,667
2632,9279,2022-10-25,A,1663
2633,9281,2022-11-22,A,1735
2634,9282,2024-08-18,A,235
2635,9283,2023-06-30,A,9
2636,9287,2022-10-27,A,1293
2637,9288,2024-01-22,C,1662
2638,9293,2024-09-07,A,1035
2639,9294,2023-03-03,C,1721
2640,9300,2024-06-14,A,973
2641,9303,2023-02-10,B,646
2642,9311,2024-01-15,A,1972
2643,9322,2024-01-24,A,1863
2644,9329,2025-02-14,A,1341
2645,9330,2025-02-15,A,1404
2646,9331,2023-06-30,C,1641
2647,9332,2024-07-11,A,484
2648,9335,2024-05-10,A,228
2649,9338,2023-06-11,A,960
2650,9340,2022-07-16,C,226
2651,9341,2024-05-06,A,10
2652,9343,2025-05-17,A,348
2653,9345,2024-10-15,C,1684
2654,9348,2024-10-12,C,313
2655,9353,2024-04-25,A,1589
2656,9359,2025-05-22,B,1695
2657,9361,2025-04-02,A,1409
2658,9368,2025-05-03,C,1113
2659,9370,2023-10-07,C,1318
2660,9398,2025-06-26,A,1219
2661,9403,2023-06-11,A,663
2662,9410,2022-05-25,A,1327
2663,9412,2024-09-07,A,391
2664,9420,2023-07-19,A,409
2665,9424,2024-04-22,A,212
2666,9426,2023-10-02,C,820
2667,9427,2024-05-24,C,1724
2668,9428,2025-08-11,C,730
2669,9429,2025-03-23,A,1524
2670,9431,2022-10-08,A,1711
2671,9432,2025-07-17,A,692
2672,9434,2025-03-15,C,907
2673,9438,2023-12-15,A,371
2674,9441,2022-09-05,A,607
2675,9444,2025-05-28,C,271
2676,9448,2025-07-04,A,1710
2677,9449,2022-07-29,A,671
2678,9451,2023-09-23,A,989
2679,9453,2024-04-24,A,1524
2680,9460,2023-02-27,A,1986
2681,9461,2023-05-26,A,212
2682,9462,2023-03-26,A,640
2683,9465,2024-06-19,A,1578
2684,9471,2024-06-14,C,1018
2685,9482,2024-01-01,A,730
2686,9484,2025-02-03,A,1096
2687,9485,2023-01-22,A,751
2688,9486,2024-01-18,B,1922
2689,9489,2024-07-19,A,1708
2690,9491,2022-06-02,A,1912
2691,9495,2024-08-26,A,557
2692,9497,2024-03-17,A,361
2693,9500,2023-12-05,B,1112
2694,9512,2024-08-20,A,420
2695,9513,2023-02-10,A,1752
2696,9517,2023-02-22,A,1541
2697,9518,2023-10-08,C,859
2698,9519,2024-01-31,A,902
2699,9528,2024-07-12,A,1498
2700,9531,2022-11-16,A,1238
2701,9535,2024-06-26,A,350
2702,9539,2025-04-26,A,125
2703,9542,2023-07-10,A,232
2704,9546,2023-05-01,A,1427
2705,9554,2025-02-25,C,1788
2706,9557,2025-04-03,C,1301
2707,9570,2022-08-10,A,1670
2708,9572,2024-01-30,A,1836
2709,9573,2025-03-21,B,919
2710,9574,2023-07-09,C,1016
2711,9576,2023-07-06,A,948
2712,9579,2024-02-17,A,1535
2713,9581,2023-09-13,A,672
2714,9583,2023-12-16,C,488
2715,9587,2022-07-16,A,905
2716,9589,2024-10-27,A,1943
2717,9590,2023-07-09,A,254
2718,9595,2024-11-29,A,212
2719,9596,2023-03-02,B,1330
2720,9603,2022-10-17,B,1863
2721,9607,2024-07-08,A,745
2722,9612,2024-07-18,B,1877
2723,9615,2023-10-28,A,1722
2724,9616,2023-01-23,C,1385
2725,9617,2025-01-12,A,638
2726,9621,2023-05-17,A,1269
2727,9622,2022-08-25,A,284
2728,9625,2024-02-29,A,347
2729,9626,2024-12-03,A,371
2730,9629,2024-02-20,A,1845
2731,9642,2024-10-04,C,1626
2732,9645,2022-10-31,A,190
2733,9648,2024-09-27,C,340
2734,9649,2022-10-20,A,1656
2735,9652,2024-02-23,B,499
2736,9655,2025-06-15,C,1593
2737,9659,2023-01-10,A,350
2738,9661,2024-10-06,A,558
2739,9667,2024-05-19,A,627
2740,9669,2023-10-22,B,1500
2741,9671,2024-03-20,C,1624
2742,9676,2022-10-31,A,941
2743,9679,2023-12-19,C,436
2744,9682,2023-11-08,A,1710
2745,9684,2024-12-08,A,1522
2746,9686,2023-12-27,B,110
2747,9689,2023-05-18,A,214
2748,9690,2025-05-25,C,874
2749,9691,2023-10-02,A,1083
2750,9694,2023-12-11,A,855
2751,9696,2025-03-10,A,595
2752,9699,2023-12-08,C,1316
2753,9704,2022-07-18,A,1001
2754,9706,2022-11-07,A,561
2755,9714,2023-11-23,C,104
2756,9716,2024-03-01,B,1313
2757,9718,2025-02-28,C,985
2758,9719,2023-06-07,B,978
2759,9723,2025-01-07,B,1544
2760,9724,2025-06-09,A,44
2761,9727,2023-09-18,A,1569
2762,9728,2023-04-22,C,765
2763,9729,2024-03-26,A,1792
2764,9730,2024-07-09,A,53
2765,9738,2024-02-17,B,573
2766,9740,2023-11-26,A,103
2767,9745,2023-04-05,A,1665
2768,9751,2023-12-13,A,957
2769,9762,2024-01-14,A,599
2770,9764,2024-11-04,A,1424
2771,9768,2025-09-18,A,1962
2772,9773,2023-10-24,A,768
2773,9780,2023-12-22,A,584
2774,9782,2025-01-08,C,1360
2775,9785,2024-05-02,A,6
2776,9789,2024-01-04,A,672
2777,9793,2023-03-22,C,680
2778,9796,2024-06-06,A,1757
2779,9797,2023-09-13,A,1244
2780,9798,2024-12-04,A,301
2781,9802,2024-12-16,A,1567
2782,9804,2022-06-04,A,351
2783,9808,2024-02-05,A,1862
2784,9811,2022-12-26,C,1861
2785,9812,2023-03-03,C,145
2786,9813,2023-10-27,A,380
2787,9815,2023-02-17,A,1132
2788,9817,2024-10-26,C,1437
2789,9820,2023-06-22,C,1969
2790,9821,2024-01-28,A,1257
2791,9826,2023-10-20,C,1074
2792,9831,2025-10-23,C,431
2793,9832,2022-10-31,A,114
2794,9834,2023-03-04,A,1749
2795,9837,2024-12-29,A,1496
2796,9838,2024-02-01,A,910
2797,9840,2024-10-07,B,1556
2798,9843,2024-02-14,A,1330
2799,9845,2023-02-02,A,646
2800,9848,2023-04-25,B,1359
2801,9850,2023-12-20,A,495
2802,9851,2024-02-07,A,1921
2803,9852,2023-02-20,A,1468
2804,9856,2022-10-03,A,1529
2805,9857,2022-06-14,B,888
2806,9859,2024-11-10,B,1738
2807,9864,2023-06-10,A,20
2808,9867,2024-07-17,B,428
2809,9868,2025-03-14,A,1846
2810,9878,2024-04-10,A,1160
2811,9881,2022-09-19,A,1871
2812,9883,2024-03-15,C,1765
2813,9885,2022-09-28,C,755
2814,9887,2025-04-27,B,729
2815,9889,2022-12-24,A,892
2816,9890,2023-02-12,A,1602
2817,9893,2023-12-18,C,249
2818,9898,2025-01-12,A,467
2819,9901,2024-01-13,A,350
2820,9907,2024-01-17,A,1070
2821,9908,2023-11-16,A,1144
2822,9909,2024-06-11,C,132
2823,9911,2022-09-29,A,568
2824,9913,2024-07-10,A,24
2825,9919,2025-05-17,C,731
2826,9921,2023-09-06,A,990
2827,9923,2025-03-03,A,1096
2828,9924,2024-08-02,A,1641
2829,9927,2023-08-01,A,1321
2830,9931,2024-06-19,A,1418
2831,9937,2024-11-09,A,129
2832,9939,2024-09-01,A,1455
2833,9946,2023-04-15,A,1957
2834,9958,2024-05-11,B,746
2835,9960,2025-01-19,A,1184
2836,9963,2023-10-18,A,1995
2837,9966,2023-12-06,A,1693
2838,9971,2024-05-28,A,1158
2839,9973,2022-10-25,C,518
2840,9975,2023-09-04,A,288
2841,9977,2023-12-12,A,140
2842,9978,2024-09-22,C,201
2843,9980,2025-09-28,A,725
2844,9985,2023-02-04,C,313
2845,9987,2024-06-27,A,1490
2846,9988,2024-03-23,A,597
2847,9994,2024-09-21,B,175
2848,9998,2022-07-22,C,908
2849,10004,2023-06-16,A,857
2850,10017,2024-01-11,A,38
2851,10018,2025-03-30,A,948
2852,10025,2025-01-30,C,1189
2853,10030,2023-01-08,A,1246
2854,10034,2025-03-04,A,1864
2855,10035,2024-03-24,A,1987
2856,10037,2022-10-24,C,663
2857,10038,2025-06-05,A,264
2858,10041,2023-10-20,A,1342
2859,10042,2025-06-15,A,1453
2860,10045,2024-07-01,C,533
2861,10046,2023-02-24,A,351
2862,10050,2023-11-20,A,1387
2863,10053,2023-04-05,C,211
2864,10057,2023-09-01,A,145
2865,10059,2023-01-20,A,701
2866,10062,2025-04-19,A,1404
2867,10069,2024-12-17,A,1774
2868,10070,2023-01-12,B,1654
2869,10073,2024-12-20,A,813
2870,10074,2022-09-10,C,45
2871,10076,2023-09-16,A,729
2872,10080,2024-06-11,A,1227
2873,10081,2024-04-11,A,1809
2874,10083,2025-02-08,C,1339
2875,10087,2024-02-16,A,378
2876,10091,2024-03-06,C,780
2877,10093,2024-11-28,C,1890
2878,10098,2022-09-04,A,1262
2879,10102,2022-12-09,A,1657
2880,10104,2024-03-06,A,131
2881,10107,2024-07-28,A,1059
2882,10112,2023-07-08,A,1245
2883,10120,2025-02-27,A,1240
2884,10123,2023-09-25,A,1778
2885,10124,2023-10-24,A,1445
2886,10127,2023-03-17,A,1106
2887,10134,2022-08-24,A,1570
2888,10139,2022-06-09,A,638
2889,10143,2023-05-11,C,1674
2890,10145,2023-09-27,A,1535
2891,10148,2025-04-27,C,1765
2892,10151,2025-01-05,A,1076
2893,10152,2025-03-25,A,1892
2894,10154,2023-04-03,A,3
2895,10158,2024-12-22,A,1471
2896,10170,2024-12-14,B,881
2897,10179,2024-12-30,A,836
2898,10190,2023-02-19,A,670
2899,10206,2024-02-29,A,1655
2900,10212,2024-10-01,B,1971
2901,10213,2023-09-25,A,623
2902,10215,2022-12-29,A,778
2903,10216,2025-09-27,C,1035
2904,10219,2025-05-22,A,428
2905,10222,2023-03-25,A,918
2906,10225,2023-12-24,A,193
2907,10227,2022-10-17,A,1616
2908,10228,2024-02-19,A,235
2909,10231,2024-09-21,C,1913
2910,10237,2023-01-07,A,1602
2911,10240,2022-11-14,A,1357
2912,10244,2023-10-18,C,1427
2913,10251,2025-01-14,A,157
2914,10254,2022-07-07,A,831
2915,10260,2023-07-20,C,1582
2916,10264,2022-05-14,A,388
2917,10267,2024-10-26,B,595
2918,10272,2023-03-12,A,435
2919,10281,2022-08-22,A,316
2920,10282,2025-03-05,A,1126
2921,10290,2022-09-22,A,486
2922,10292,2024-08-15,B,1641
2923,10298,2025-03-17,A,1820
2924,10299,2022-12-19,C,140
2925,10301,2022-09-06,A,304
2926,10314,2023-10-05,C,289
2927,10319,2023-08-08,A,296
2928,10320,2025-03-02,A,993
2929,10322,2025-11-13,A,672
2930,10326,2025-08-18,A,1268
2931,10334,2023-08-06,A,1697
2932,10335,2023-07-22,B,1185
2933,10338,2025-05-20,A,679
2934,10340,2023-03-03,B,71
2935,10343,2023-06-28,A,36
2936,10346,2022-10-11,A,698
2937,10349,2023-03-14,A,1520
2938,10351,2023-04-21,A,1797
2939,10353,2024-06-28,B,749
2940,10357,2025-04-03,A,1645
2941,10360,2024-11-24,C,959
2942,10370,2022-10-14,A,597
2943,10371,2025-04-20,A,1730
2944,10379,2023-03-23,A,1364
2945,10380,2023-05-19,A,309
2946,10389,2024-02-25,A,1470
2947,10392,2025-01-02,C,621
2948,10395,2024-06-01,A,642
2949,10397,2023-08-17,A,174
2950,10400,2023-09-08,A,860
2951,10403,2024-05-09,A,1289
2952,10404,2023-12-30,A,1427
2953,10405,2024-01-24,A,460
2954,10411,2022-11-16,B,722
2955,10413,2023-02-15,A,1715
2956,10414,2023-02-01,A,1813
2957,10416,2022-05-14,A,114
2958,10420,2024-08-16,A,1178
2959,10421,2024-12-25,A,408
2960,10430,2024-11-23,A,36
2961,10435,2022-10-15,B,1772
2962,10436,2024-05-19,A,779
2963,10437,2022-08-27,A,777
2964,10440,2023-04-08,B,536
2965,10443,2024-10-06,A,1961
2966,10446,2023-10-28,A,154
2967,10456,2023-02-05,B,791
2968,10465,2023-08-09,A,1636
2969,10467,2024-07-08,A,406
2970,10470,2023-01-31,A,1918
2971,10473,2022-12-22,C,252
2972,10474,2022-09-23,A,1194
2973,10475,2023-11-08,C,481
2974,10476,2024-03-04,A,693
2975,10477,2024-08-18,A,485
2976,10483,2024-06-08,A,1455
2977,10487,2023-09-30,A,901
2978,10489,2023-08-29,B,1383
2979,10490,2023-11-14,C,1936
2980,10492,2025-02-24,A,1639
2981,10498,2025-01-03,A,1495
2982,10502,2024-12-22,A,434
2983,10509,2025-09-27,A,1613
2984,10511,2023-11-02,B,581
2985,10517,2025-02-23,A,1368
2986,10520,2025-03-30,A,530
2987,10524,2023-02-03,A,351
2988,10530,2025-03-30,A,1193
2989,10532,2024-11-19,B,1259
2990,10533,2025-01-14,A,1520
2991,10534,2024-05-07,A,294
2992,10537,2025-03-16,A,1366
2993,10541,2023-12-25,A,662
2994,10543,2023-01-06,A,961
2995,10550,2023-10-27,A,1061
2996,10556,2023-07-10,A,592
2997,10559,2024-02-22,A,1032
2998,10560,2022-11-03,A,1260
2999,10563,2025-02-02,A,1196
3000,10566,2024-10-05,A,1842
3001,10576,2023-01-03,C,1789
3002,10578,2025-04-09,A,54
3003,10579,2022-09-21,C,996
3004,10581,2023-08-15,A,1197
3005,10586,2025-08-23,A,54
3006,10587,2025-02-01,A,707
3007,10588,2024-12-04,A,701
3008,10590,2023-10-15,A,1164
3009,10597,2023-03-25,A,1271
3010,10600,2024-01-28,C,340
3011,10602,2024-03-03,A,1499
3012,10605,2024-09-04,A,1612
3013,10609,2022-11-24,A,1863
3014,10611,2024-11-25,C,830
3015,10617,2025-03-18,A,722
3016,10626,2024-04-04,A,663
3017,10629,2023-04-15,C,18
3018,10632,2023-07-13,B,688
3019,10635,2023-05-01,A,867
3020,10639,2025-01-01,B,1553
3021,10642,2023-07-29,C,237
3022,10660,2023-03-26,A,1825
3023,10665,2024-10-09,A,322
3024,10667,2022-12-25,A,882
3025,10668,2024-12-01,C,1491
3026,10671,2022-12-18,A,1765
3027,10676,2024-03-07,C,1337
3028,10677,2025-02-20,A,560
3029,10679,2025-01-31,A,1263
3030,10680,2022-07-28,A,700
3031,10681,2024-06-24,A,465
3032,10684,2024-11-16,A,1221
3033,10695,2023-09-18,B,1720
3034,10696,2023-07-24,B,1940
3035,10698,2024-11-28,A,851
3036,10699,2024-02-19,A,409
3037,10704,2023-02-21,A,1851
3038,10705,2023-05-22,C,306
3039,10706,2022-12-02,A,534
3040,10708,2022-10-15,B,1055
3041,10709,2023-07-12,A,169
3042,10714,2024-01-13,C,778
3043,10717,2024-08-14,C,897
3044,10720,2023-05-10,A,1386
3045,10721,2025-04-29,A,1291
3046,10722,2024-06-14,A,686
3047,10724,2024-11-11,B,60
3048,10728,2025-06-11,A,705
3049,10729,2024-09-02,A,708
3050,10730,2023-11-08,A,598
3051,10732,2023-03-26,A,1193
3052,10733,2023-08-24,A,1983
3053,10746,2024-12-07,B,602
3054,10748,2025-01-22,A,56
3055,10751,2023-07-25,B,1054
3056,10759,2025-07-17,A,1953
3057,10762,2024-05-13,A,1565
3058,10765,2025-04-03,C,1047
3059,10766,2022-12-02,A,973
3060,10767,2022-12-26,A,1970
3061,10768,2024-02-26,A,1932
3062,10770,2023-05-10,A,486
3063,10773,2025-01-31,A,1007
3064,10774,2023-06-25,A,721
3065,10775,2023-07-26,A,1830
3066,10776,2023-05-27,A,1277
3067,10779,2025-11-04,A,1251
3068,10780,2023-04-30,A,1171
3069,10782,2025-06-21,A,546
3070,10783,2024-06-20,A,573
3071,10785,2024-02-16,A,275
3072,10787,2023-01-05,A,787
3073,10788,2024-05-11,B,749
3074,10790,2023-08-30,A,1223
3075,10793,2023-08-03,A,1508
3076,10801,2022-12-22,A,1459
3077,10804,2022-08-01,C,1519
3078,10805,2024-11-18,A,147
3079,10807,2023-01-12,A,364
3080,10811,2022-06-21,A,1585
3081,10815,2023-02-02,A,1087
3082,10818,2024-05-25,A,1672
3083,10819,2023-07-09,A,1402
3084,10822,2023-12-01,B,1586
3085,10823,2025-01-28,A,1043
3086,10825,2024-09-19,A,1066
3087,10827,2025-01-03,A,488
3088,10839,2025-01-05,A,726
3089,10840,2025-07-10,A,235
3090,10843,2024-03-20,C,443
3091,10845,2024-01-02,B,1733
3092,10850,2024-05-23,B,359
3093,10855,2023-08-25,A,1277
3094,10857,2025-01-01,A,1683
3095,10860,2023-12-05,A,149
3096,10866,2023-04-28,B,1497
3097,10868,2023-05-19,A,1481
3098,10872,2025-11-21,A,1198
3099,10875,2025-03-02,A,474
3100,10879,2023-09-18,A,1658
3101,10881,2024-04-13,C,928
3102,10884,2025-05-14,A,1200
3103,10889,2023-04-13,A,187
3104,10891,2023-06-13,A,53
3105,10894,2024-05-02,A,1808
3106,10895,2023-10-24,A,1634
3107,10896,2024-05-05,A,1678
3108,10903,2025-01-05,A,944
3109,10921,2024-11-21,B,459
3110,10926,2024-10-17,A,1781
3111,10934,2024-12-24,B,490
3112,10943,2022-08-09,B,487
3113,10945,2023-12-27,A,1543
3114,10946,2022-11-19,C,214
3115,10950,2022-07-27,A,54
3116,10955,2022-11-01,A,1886
3117,10957,2024-10-30,A,1405
3118,10958,2024-06-28,A,998
3119,10972,2025-03-20,C,266
3120,10973,2022-09-24,C,1637
3121,10977,2023-05-26,A,1511
3122,10978,2023-01-16,A,1452
3123,10980,2022-08-03,A,157
3124,10981,2024-07-30,B,215
3125,10983,2024-12-26,C,485
3126,10986,2022-06-02,A,1765
3127,10987,2024-06-08,C,97
3128,10989,2025-01-29,C,375
3129,10991,2025-06-17,C,1040
3130,10992,2024-07-23,A,1231
3131,10993,2024-08-28,A,635
3132,10997,2022-09-13,C,429
3133,11004,2023-06-24,B,568
3134,11007,2023-05-07,C,386
3135,11011,2023-05-06,A,1004
3136,11012,2024-12-10,B,109
3137,11017,2024-02-22,A,944
3138,11019,2024-07-20,C,1079
3139,11022,2023-04-28,B,375
3140,11032,2024-11-25,A,342
3141,11033,2023-10-29,A,500
3142,11034,2024-03-18,C,3
3143,11035,2023-01-31,A,841
3144,11036,2022-06-17,C,1429
3145,11040,2023-05-23,A,1046
3146,11041,2022-09-29,A,185
3147,11053,2024-07-27,A,251
3148,11058,2022-12-06,C,645
3149,11061,2023-07-20,A,1144
3150,11062,2025-05-14,A,978
3151,11064,2025-05-29,B,581
3152,11068,2023-02-09,A,1826
3153,11083,2023-11-12,A,525
3154,11084,2024-07-23,A,1202
3155,11086,2024-03-23,A,1097
3156,11087,2022-04-21,A,1561
3157,11091,2025-06-11,C,1463
3158,11096,2023-04-16,C,242
3159,11097,2023-08-06,A,379
3160,11101,2025-03-19,A,1533
3161,11102,2023-01-11,A,1059
3162,11105,2025-02-04,C,1430
3163,11117,2024-04-25,C,1419
3164,11120,2022-06-12,A,650
3165,11121,2024-04-14,C,1653
3166,11123,2024-11-06,C,1835
3167,11127,2025-02-12,A,1399
3168,11128,2024-12-14,A,806
3169,11129,2025-04-03,A,1407
3170,11137,2024-05-05,A,996
3171,11140,2024-03-08,A,1755
3172,11141,2024-05-26,A,1735
3173,11143,2023-02-15,C,220
3174,11155,2024-07-26,A,803
3175,11156,2023-04-09,A,1511
3176,11163,2024-09-10,C,1229
3177,11170,2023-12-07,C,1658
3178,11173,2022-10-20,A,1627
3179,11176,2025-03-11,A,183
3180,11177,2023-06-13,A,1207
3181,11179,2024-03-08,B,1837
3182,11180,2022-06-08,B,356
3183,11184,2022-11-22,B,1899
3184,11186,2024-01-13,A,232
3185,11189,2025-03-26,A,591
3186,11190,2024-07-19,C,245
3187,11191,2024-08-07,C,833
3188,11194,2022-11-17,C,1080
3189,11195,2022-11-28,A,6
3190,11197,2024-02-01,A,606
3191,11198,2022-09-18,A,1408
3192,11199,2025-06-13,A,251
3193,11207,2024-12-17,C,1512
3194,11210,2023-08-26,A,1667
3195,11211,2022-09-11,A,1885
3196,11213,2023-03-19,A,532
3197,11217,2023-04-25,A,317
3198,11220,2022-12-28,A,670
3199,11223,2023-07-26,A,1534
3200,11226,2024-12-13,A,263
3201,11228,2025-05-01,A,963
3202,11230,2025-03-31,A,583
3203,11231,2022-11-12,B,1746
3204,11232,2025-07-06,A,965
3205,11234,2023-09-20,A,67
3206,11236,2024-03-26,A,656
3207,11239,2025-03-21,A,97
3208,11240,2025-07-18,A,449
3209,11246,2025-03-17,A,1306
3210,11252,2024-03-18,A,809
3211,11259,2023-03-11,A,1909
3212,11264,2025-06-24,A,970
3213,11265,2024-10-18,A,1266
3214,11270,2023-04-15,C,1953
3215,11271,2024-02-08,C,891
3216,11278,2023-04-02,B,270
3217,11281,2024-07-12,C,1078
3218,11282,2022-09-16,A,1783
3219,11289,2024-10-01,A,1597
3220,11290,2022-11-18,A,1130
3221,11293,2025-05-28,A,1403
3222,11294,2023-05-13,A,453
3223,11295,2023-09-11,A,1694
3224,11301,2024-09-18,A,1175
3225,11305,2025-02-09,A,1645
3226,11307,2024-10-14,A,642
3227,11311,2024-01-15,B,488
3228,11314,2023-11-08,A,740
3229,11318,2024-03-19,A,463
3230,11338,2024-08-13,A,1160
3231,11339,2023-05-18,C,420
3232,11340,2023-01-06,C,1496
3233,11341,2025-01-24,A,1807
3234,11346,2024-01-03,A,420
3235,11349,2023-02-27,B,1895
3236,11350,2025-03-13,A,590
3237,11352,2022-08-10,A,1824
3238,11353,2023-08-22,A,163
3239,11356,2024-01-18,C,1699
3240,11358,2024-09-10,A,1386
3241,11363,2024-07-18,A,38
3242,11364,2024-11-23,A,518
3243,11365,2022-08-06,A,1872
3244,11366,2024-01-28,A,1277
3245,11367,2022-11-02,B,890
3246,11373,2024-10-09,C,933
3247,11378,2022-08-11,C,589
3248,11382,2024-03-19,A,812
3249,11386,2023-08-12,A,1978
3250,11390,2023-04-27,C,1520
3251,11392,2024-02-20,A,370
3252,11398,2025-05-10,A,445
3253,11401,2022-10-25,B,1866
3254,11404,2025-07-30,A,727
3255,11410,2024-03-08,B,1021
3256,11416,2024-12-16,C,1173
3257,11417,2025-03-08,A,1568
3258,11423,2022-05-27,A,921
3259,11427,2022-04-10,A,1793
3260,11428,2025-04-28,B,1773
3261,11431,2023-04-30,A,738
3262,11434,2023-06-20,A,770
3263,11438,2023-09-21,A,1258
3264,11442,2022-05-14,A,622
3265,11445,2025-02-11,A,1345
3266,11453,2024-06-26,A,856
3267,11454,2022-11-29,C,58
3268,11456,2023-10-18,A,1760
3269,11457,2024-07-20,C,1754
3270,11463,2023-03-01,A,53
3271,11467,2023-10-04,A,1966
3272,11469,2022-09-09,A,1593
3273,11473,2023-06-15,A,1847
3274,11475,2022-06-26,A,274
3275,11478,2023-03-30,A,1566
3276,11479,2024-08-17,A,450
3277,11481,2023-07-15,A,657
3278,11485,2023-04-24,C,1323
3279,11486,2024-11-08,C,1835
3280,11488,2022-11-18,C,571
3281,11498,2024-02-12,C,645
3282,11500,2023-05-08,A,964
3283,11501,2024-10-08,A,133
3284,11503,2023-10-06,A,1881
3285,11504,2022-05-28,A,569
3286,11506,2024-03-11,C,1216
3287,11510,2023-12-14,A,68
3288,11513,2022-08-03,C,710
3289,11515,2023-07-26,A,1368
3290,11516,2023-07-22,A,1579
3291,11518,2024-11-01,A,1404
3292,11525,2023-12-21,A,776
3293,11527,2023-06-06,A,14
3294,11528,2023-01-29,B,495
3295,11531,2022-06-23,A,1613
3296,11540,2023-10-15,A,1629
3297,11543,2023-05-28,A,1147
3298,11549,2023-09-10,B,1211
3299,11550,2023-05-02,C,1758
3300,11552,2023-10-19,C,1285
3301,11553,2023-04-03,A,1468
3302,11556,2023-10-26,A,1366
3303,11559,2022-09-30,A,733
3304,11562,2024-09-19,A,123
3305,11564,2025-01-30,A,879
3306,11568,2023-05-05,C,879
3307,11571,2023-11-04,A,966
3308,11572,2024-04-14,C,546
3309,11574,2022-10-29,A,1433
3310,11580,2024-11-17,A,240
3311,11585,2025-03-26,A,1286
3312,11591,2025-04-07,A,382
3313,11597,2025-03-17,B,921
3314,11598,2025-03-24,A,1975
3315,11599,2025-11-17,A,848
3316,11603,2022-09-07,B,1545
3317,11605,2023-03-21,A,365
3318,11606,2023-06-24,C,1897
3319,11607,2024-10-07,C,767
3320,11610,2024-05-29,A,1974
3321,11615,2025-04-20,C,1178
3322,11616,2024-12-05,C,11
3323,11620,2025-04-28,A,99
3324,11621,2024-08-06,A,1544
3325,11622,2024-01-24,A,942
3326,11624,2023-04-07,A,1720
3327,11634,2024-09-09,A,1661
3328,11637,2024-09-21,C,189
3329,11638,2024-02-21,A,649
3330,11643,2022-10-12,C,1457
3331,11645,2022-11-11,C,860
3332,11652,2022-07-21,C,746
3333,11654,2024-11-26,A,889
3334,11655,2025-04-16,A,1493
3335,11656,2023-04-30,A,668
3336,11657,2025-01-28,A,646
3337,11663,2023-05-17,A,1083
3338,11669,2024-11-28,A,1010
3339,11670,2023-12-29,B,141
3340,11672,2023-12-25,A,1793
3341,11676,2025-02-14,A,617
3342,11678,2024-04-27,A,172
3343,11679,2023-08-19,A,1670
3344,11682,2023-12-26,A,483
3345,11683,2024-04-27,B,1766
3346,11684,2023-10-05,C,670
3347,11687,2025-02-05,C,1698
3348,11692,2024-09-29,A,1024
3349,11693,2023-06-20,A,744
3350,11695,2024-01-02,A,764
3351,11699,2023-04-02,A,454
3352,11703,2025-02-18,A,807
3353,11705,2023-11-05,B,325
3354,11708,2025-06-11,A,890
3355,11711,2023-04-20,A,1831
3356,11712,2023-03-28,B,501
3357,11715,2024-02-18,A,1753
3358,11722,2024-12-08,A,1935
3359,11726,2024-12-21,B,1201
3360,11727,2023-06-23,A,1943
3361,11728,2023-10-06,A,925
3362,11733,2025-08-10,A,246
3363,11734,2024-07-07,A,1025
3364,11737,2024-06-27,A,230
3365,11739,2022-11-12,A,1832
3366,11742,2025-03-29,A,306
3367,11745,2024-03-01,A,1611
3368,11746,2024-06-14,C,1573
3369,11750,2022-11-19,A,1922
3370,11754,2023-06-09,A,1833
3371,11755,2023-12-07,A,855
3372,11759,2023-02-06,A,844
3373,11767,2023-06-27,C,1521
3374,11769,2022-11-19,B,1311
3375,11770,2024-11-12,C,921
3376,11774,2024-07-06,A,921
3377,11777,2024-04-23,A,793
3378,11780,2024-10-02,A,800
3379,11781,2024-06-09,A,823
3380,11784,2022-11-14,A,902
3381,11787,2023-11-15,A,730
3382,11798,2023-07-26,A,1174
3383,11807,2024-01-20,C,520
3384,11809,2024-04-30,A,249
3385,11813,2024-02-23,C,223
3386,11817,2025-03-11,A,1660
3387,11821,2022-07-13,C,827
3388,11823,2025-10-23,A,1097
3389,11825,2025-02-05,A,247
3390,11826,2022-07-18,A,76
3391,11830,2023-09-30,B,881
3392,11835,2024-04-17,A,1640
3393,11842,2025-01-21,A,1304
3394,11848,2022-05-04,C,1264
3395,11849,2023-10-30,A,1295
3396,11852,2022-11-10,A,1854
3397,11856,2024-07-20,A,513
3398,11857,2023-10-31,B,1921
3399,11861,2022-11-14,A,763
3400,11863,2024-10-27,A,728
3401,11872,2024-12-14,A,1986
3402,11876,2025-05-30,C,1646
3403,11886,2024-04-19,A,82
3404,11887,2025-05-17,B,508
3405,11892,2025-06-08,A,956
3406,11893,2023-08-18,A,1793
3407,11894,2024-06-20,A,568
3408,11895,2022-12-22,C,1151
3409,11900,2023-08-11,A,1592
3410,11906,2023-07-07,A,580
3411,11907,2025-03-15,C,1910
3412,11908,2024-02-14,A,929
3413,11910,2024-04-21,A,1879
3414,11911,2024-03-22,A,1420
3415,11913,2024-02-19,C,1472
3416,11914,2023-05-04,A,97
3417,11915,2022-09-10,A,1569
3418,11919,2023-03-06,A,1055
3419,11920,2024-05-28,C,401
3420,11922,2023-05-03,B,361
3421,11923,2023-07-21,C,1083
3422,11926,2022-09-10,C,991
3423,11930,2025-05-07,A,1061
3424,11931,2023-01-11,A,429
3425,11932,2024-08-08,A,1414
3426,11944,2024-11-28,A,957
3427,11946,2025-03-31,B,624
3428,11956,2025-07-06,A,116
3429,11957,2024-10-06,A,573
3430,11959,2025-02-04,A,571
3431,11961,2022-10-13,A,1073
3432,11962,2024-07-26,A,132
3433,11968,2023-01-06,A,439
3434,11973,2023-11-14,B,825
3435,11975,2024-09-19,A,344
3436,11976,2022-05-15,A,914
3437,11978,2024-04-30,A,633
3438,11980,2022-08-31,A,141
3439,11983,2024-06-03,A,467
3440,11984,2024-01-22,A,707
3441,11985,2023-05-15,A,261
3442,11986,2024-09-28,A,223
3443,11988,2023-11-02,C,290
3444,11991,2023-03-17,A,39
3445,11995,2024-10-29,A,116
3446,12001,2022-10-04,C,1624
3447,12005,2025-03-03,A,1074
3448,12007,2023-02-23,A,1481
3449,12011,2025-06-20,A,1848
3450,12013,2024-09-28,A,1049
3451,12023,2025-02-13,C,942
3452,12028,2025-05-07,C,1249
3453,12030,2022-12-23,A,1157
3454,12032,2023-11-20,A,691
3455,12035,2023-08-27,C,1983
3456,12044,2025-01-05,A,1258
3457,12046,2023-08-18,A,563
3458,12048,2024-11-23,A,873
3459,12049,2022-04-23,A,471
3460,12053,2023-06-24,A,583
3461,12056,2022-06-09,B,1620
3462,12057,2022-12-12,A,99
3463,12058,2025-03-11,A,78
3464,12070,2022-09-15,A,921
3465,12073,2023-10-18,A,920
3466,12075,2024-07-12,C,53
3467,12080,2023-06-23,A,1545
3468,12081,2024-01-26,A,1520
3469,12083,2023-11-10,A,1268
3470,12084,2023-02-18,A,104
3471,12089,2025-04-15,A,421
3472,12097,2023-01-12,A,369
3473,12098,2025-03-06,B,168
3474,12105,2025-03-03,A,1378
3475,12110,2023-05-25,A,1585
3476,12113,2023-03-18,A,467
3477,12114,2023-10-15,A,217
3478,12121,2024-06-06,A,360
3479,12125,2025-06-26,C,921
3480,12128,2023-01-15,A,227
3481,12130,2023-07-10,A,576
3482,12134,2025-03-06,A,297
3483,12135,2024-12-23,A,142
3484,12137,2023-07-04,A,1403
3485,12138,2023-08-01,A,1953
3486,12139,2024-04-16,A,833
3487,12142,2023-07-04,A,1515
3488,12144,2023-03-05,A,1039
3489,12145,2023-12-07,C,28
3490,12146,2025-01-14,A,452
3491,12148,2024-02-27,B,1288
3492,12152,2023-06-27,A,882
3493,12155,2025-03-05,A,755
3494,12156,2024-09-18,A,1711
3495,12167,2023-06-25,A,1356
3496,12169,2023-05-15,A,1877
3497,12171,2023-05-20,C,1648
3498,12173,2024-07-27,A,1775
3499,12174,2022-08-05,B,1968
3500,12186,2023-02-12,C,1487
3501,12189,2024-06-26,A,662
3502,12196,2024-01-21,C,236
3503,12199,2024-12-14,A,445
3504,12202,2024-10-15,A,284
3505,12205,2024-06-28,A,1419
3506,12207,2023-01-11,A,1847
3507,12209,2024-12-12,A,1516
3508,12212,2025-09-01,A,377
3509,12213,2024-01-28,A,1985
3510,12214,2023-08-24,C,292
3511,12218,2025-05-28,A,200
3512,12220,2023-12-01,A,65
3513,12226,2023-05-13,A,1468
3514,12227,2025-03-26,A,1060
3515,12231,2023-02-04,A,869
3516,12233,2022-10-05,A,431
3517,12236,2024-10-15,A,721
3518,12238,2025-04-07,A,454
3519,12240,2024-08-03,A,183
3520,12241,2023-12-22,A,404
3521,12245,2024-09-02,A,1300
3522,12248,2023-10-04,A,172
3523,12250,2023-02-16,A,1100
3524,12252,2025-06-11,C,570
3525,12262,2023-03-25,A,1325
3526,12263,2024-10-29,A,916
3527,12266,2023-04-10,C,528
3528,12267,2024-01-03,A,945
3529,12271,2023-02-26,A,252
3530,12272,2024-01-04,A,719
3531,12275,2023-07-27,A,1323
3532,12278,2023-06-13,A,939
3533,12280,2024-08-20,A,652
3534,12281,2023-10-25,C,140
3535,12282,2022-03-25,A,750
3536,12289,2024-06-16,A,540
3537,12292,2022-12-01,B,1855
3538,12293,2025-08-12,A,1683
3539,12294,2024-02-16,A,407
3540,12298,2023-03-28,C,1610
3541,12304,2022-05-16,A,574
3542,12305,2023-04-05,A,716
3543,12307,2024-07-29,A,1352
3544,12311,2024-10-19,A,1242
3545,12313,2022-08-29,A,172
3546,12318,2024-04-20,A,210
3547,12319,2025-06-14,C,1018
3548,12321,2023-05-30,A,308
3549,12323,2024-03-19,C,1251
3550,12326,2023-04-11,A,1880
3551,12335,2024-08-13,A,724
3552,12336,2025-05-14,A,666
3553,12341,2024-07-20,C,1595
3554,12345,2023-08-02,A,1006
3555,12350,2022-10-08,A,1478
3556,12351,2024-11-29,A,1872
3557,12352,2024-08-01,B,76
3558,12354,2024-10-16,A,1232
3559,12355,2024-04-23,B,1402
3560,12358,2023-07-17,A,1889
3561,12362,2024-07-07,A,543
3562,12366,2024-07-06,A,1438
3563,12372,2024-01-06,A,436
3564,12373,2022-12-21,A,313
3565,12378,2024-12-06,A,14
3566,12381,2022-10-14,A,332
3567,12382,2024-08-18,A,54
3568,12392,2025-06-28,A,1518
3569,12393,2025-07-09,A,11
3570,12395,2023-05-30,A,900
3571,12397,2023-08-25,A,1906
3572,12398,2024-08-23,A,1472
3573,12399,2023-05-30,A,568
3574,12401,2024-04-02,C,892
3575,12407,2024-03-15,A,1503
3576,12411,2023-02-10,A,1945
3577,12412,2023-11-17,B,698
3578,12414,2023-02-21,A,632
3579,12415,2024-08-06,A,1165
3580,12417,2022-06-22,C,1887
3581,12418,2023-11-23,A,1780
3582,12421,2023-08-11,A,757
3583,12425,2023-06-06,A,1357
3584,12427,2025-03-09,C,765
3585,12429,2025-01-21,A,1187
3586,12432,2024-12-09,A,1579
3587,12434,2023-11-20,A,1113
3588,12435,2025-02-15,A,1949
3589,12438,2024-04-29,A,1901
3590,12441,2024-11-07,C,26
3591,12443,2022-12-15,C,609
3592,12446,2023-07-23,A,28
3593,12452,2024-01-24,C,1357
3594,12454,2024-12-29,A,1494
3595,12455,2024-09-24,A,1392
3596,12467,2024-03-25,A,1244
3597,12468,2024-11-20,A,758
3598,12470,2023-02-17,A,1931
3599,12472,2024-10-12,A,1344
3600,12478,2024-02-09,C,1
3601,12481,2024-09-05,C,1462
3602,12483,2024-02-23,A,1235
3603,12486,2023-11-01,C,1572
3604,12489,2024-07-26,A,436
3605,12490,2023-10-06,A,1884
3606,12495,2023-03-31,C,1419
3607,12500,2022-11-27,A,459
3608,12503,2023-06-27,A,545
3609,12505,2024-12-07,C,698
3610,12507,2025-10-31,A,1814
3611,12509,2023-07-05,A,483
3612,12514,2023-06-07,A,1824
3613,12522,2024-11-22,A,1023
3614,12525,2023-12-24,C,1058
3615,12527,2024-05-27,C,746
3616,12532,2024-12-15,A,1331
3617,12533,2024-05-30,A,1106
3618,12537,2022-12-02,A,1484
3619,12539,2022-06-17,C,1444
3620,12547,2023-05-14,B,1894
3621,12548,2024-04-06,B,1462
3622,12551,2024-08-09,A,131
3623,12557,2023-01-27,A,498
3624,12564,2025-10-12,A,1987
3625,12566,2024-08-27,A,848
3626,12567,2024-09-09,A,1149
3627,12582,2024-07-24,A,1153
3628,12584,2024-04-26,C,578
3629,12585,2023-02-12,A,1099
3630,12593,2023-02-17,A,1610
3631,12595,2024-03-24,C,122
3632,12596,2024-11-07,B,344
3633,12598,2024-01-25,C,434
3634,12599,2022-11-09,C,1097
3635,12607,2025-04-19,A,774
3636,12614,2025-04-16,A,288
3637,12617,2024-11-20,A,28
3638,12624,2022-10-29,A,1299
3639,12625,2023-04-19,A,184
3640,12629,2023-05-05,B,510
3641,12633,2023-10-21,A,1516
3642,12634,2023-11-28,A,848
3643,12639,2023-06-19,A,67
3644,12640,2024-08-02,C,145
3645,12642,2025-01-26,B,588
3646,12644,2023-05-07,C,992
3647,12646,2022-04-27,A,856
3648,12649,2022-06-17,C,1656
3649,12656,2022-08-26,A,672
3650,12659,2025-01-07,A,432
3651,12661,2022-04-25,A,1052
3652,12666,2022-08-09,A,229
3653,12667,2022-07-28,B,1805
3654,12668,2024-10-17,C,596
3655,12672,2024-11-23,A,1720
3656,12674,2024-06-23,A,750
3657,12684,2024-08-31,A,350
3658,12688,2022-08-01,A,1221
3659,12690,2025-03-03,A,1588
3660,12696,2023-08-21,A,1603
3661,12697,2023-01-12,B,736
3662,12698,2024-03-13,A,668
3663,12701,2024-10-19,A,1073
3664,12707,2024-09-24,C,724
3665,12709,2024-05-16,A,1637
3666,12714,2024-10-31,A,880
3667,12718,2022-11-17,B,1934
3668,12719,2023-02-27,A,1392
3669,12720,2024-04-07,A,798
3670,12721,2022-07-02,B,885
3671,12723,2025-02-10,A,1391
3672,12726,2024-03-10,A,1213
3673,12730,2022-08-02,A,3
3674,12731,2023-11-03,A,388
3675,12733,2024-07-04,C,858
3676,12746,2024-11-21,A,46
3677,12750,2023-06-29,C,1792
3678,12754,2024-12-01,C,549
3679,12758,2025-04-26,A,1350
3680,12764,2022-09-29,A,1192
3681,12775,2022-11-03,A,875
3682,12783,2022-10-14,A,879
3683,12788,2023-06-28,A,1050
3684,12789,2023-10-05,A,65
3685,12790,2023-03-29,A,842
3686,12791,2024-09-23,C,1789
3687,12796,2023-06-15,A,1779
3688,12797,2025-03-15,A,345
3689,12799,2023-02-23,C,1232
3690,12800,2023-04-20,B,1179
3691,12801,2022-12-10,B,1836
3692,12802,2023-12-15,C,1624
3693,12805,2022-06-10,A,1494
3694,12807,2023-05-25,A,181
3695,12821,2023-02-12,C,48
3696,12822,2024-07-18,A,1287
3697,12825,2022-02-20,A,1230
3698,12827,2023-02-17,A,518
3699,12829,2025-01-09,A,826
3700,12830,2023-03-17,A,1741
3701,12833,2024-06-30,A,1085
3702,12834,2025-09-21,C,552
3703,12838,2024-03-06,A,1966
3704,12845,2023-02-04,A,1026
3705,12850,2023-11-10,B,1968
3706,12852,2023-04-05,A,493
3707,12853,2024-03-04,C,1035
3708,12855,2024-09-14,A,1234
3709,12861,2024-05-19,A,1194
3710,12862,2022-05-11,C,982
3711,12864,2022-07-15,A,619
3712,12869,2023-12-26,A,959
3713,12873,2024-07-19,A,1906
3714,12876,2022-08-11,A,801
3715,12877,2022-11-30,C,333
3716,12881,2024-04-21,A,1900
3717,12885,2023-07-22,B,1973
3718,12894,2023-03-30,C,1165
3719,12897,2023-03-25,A,668
3720,12901,2024-04-23,A,1357
3721,12903,2022-10-24,A,496
3722,12904,2025-03-29,A,1741
3723,12907,2025-01-19,A,1733
3724,12911,2024-10-16,B,1296
3725,12915,2023-01-25,A,21
3726,12918,2025-01-07,A,1168
3727,12923,2022-09-08,B,1995
3728,12924,2025-01-26,C,601
3729,12925,2024-11-22,C,848
3730,12928,2022-12-21,A,1406
3731,12930,2022-08-27,A,1315
3732,12934,2023-09-06,B,693
3733,12941,2022-07-03,A,957
3734,12948,2024-05-28,A,1112
3735,12949,2023-03-03,C,526
3736,12952,2025-04-25,A,256
3737,12953,2023-03-12,C,1916
3738,12956,2022-11-11,A,507
3739,12957,2023-04-12,B,1479
3740,12958,2022-08-20,C,1121
3741,12961,2024-05-04,A,621
3742,12963,2023-04-30,C,43
3743,12964,2025-01-25,A,1910
3744,12967,2025-04-10,B,1024
3745,12970,2023-02-17,A,1448
3746,12973,2023-05-08,A,1533
3747,12978,2023-09-09,A,1927
3748,12979,2023-03-01,A,121
3749,12981,2023-09-03,A,32
3750,12985,2023-10-24,A,1805
3751,12986,2024-05-23,A,822
3752,12992,2023-12-29,A,707
3753,12998,2022-05-19,A,1128
3754,12999,2023-12-24,A,542
3755,13001,2024-05-01,A,465
3756,13002,2025-03-17,A,1691
3757,13006,2023-08-02,B,234
3758,13007,2025-07-09,C,576
3759,13008,2023-10-22,C,72
3760,13009,2024-12-25,A,424
3761,13011,2025-03-16,C,400
3762,13013,2025-03-31,C,1051
3763,13022,2024-08-23,A,650
3764,13027,2024-07-20,A,843
3765,13028,2025-03-10,C,1735
3766,13032,2024-07-13,A,1733
3767,13038,2025-03-26,A,1536
3768,13040,2024-09-14,A,1089
3769,13044,2024-10-16,A,1402
3770,13048,2023-01-15,C,979
3771,13050,2024-02-29,A,620
3772,13057,2023-05-11,A,1848
3773,13058,2024-05-28,C,229
3774,13059,2024-03-31,A,752
3775,13061,2025-03-04,A,1156
3776,13072,2025-07-03,A,662
3777,13074,2024-03-30,B,1870
3778,13079,2022-04-04,C,764
3779,13081,2023-02-01,A,1314
3780,13082,2024-11-14,A,1651
3781,13087,2023-10-06,A,349
3782,13088,2024-05-05,A,1520
3783,13091,2022-11-20,A,915
3784,13093,2024-01-15,C,1528
3785,13100,2023-01-03,A,596
3786,13105,2023-01-27,A,727
3787,13113,2024-06-25,A,657
3788,13115,2023-11-08,C,1906
3789,13117,2023-06-07,A,1383
3790,13129,2023-12-27,C,1733
3791,13130,2023-02-20,C,1031
3792,13135,2023-09-07,B,198
3793,13141,2022-10-07,A,1065
3794,13144,2024-04-07,A,914
3795,13147,2023-05-12,C,1860
3796,13148,2023-10-22,A,169
3797,13150,2022-06-05,A,1985
3798,13151,2023-03-29,B,414
3799,13152,2024-07-10,A,1099
3800,13154,2022-09-29,C,146
3801,13155,2023-02-27,A,431
3802,13156,2022-09-27,B,1796
3803,13162,2023-05-26,B,1861
3804,13166,2023-08-18,A,351
3805,13169,2025-07-09,A,164
3806,13175,2022-04-19,C,903
3807,13176,2023-06-17,A,18
3808,13181,2024-08-06,A,908
3809,13186,2023-08-22,C,85
3810,13188,2023-04-09,C,1680
3811,13193,2024-01-29,A,1933
3812,13194,2025-01-28,A,1410
3813,13195,2025-10-26,A,1126
3814,13199,2022-08-30,A,352
3815,13204,2025-12-11,A,1106
3816,13210,2022-10-23,A,663
3817,13211,2023-02-26,A,1235
3818,13217,2024-07-25,A,533
3819,13222,2025-06-19,C,191
3820,13228,2023-07-31,C,662
3821,13231,2024-02-28,A,1569
3822,13232,2023-02-02,A,1292
3823,13237,2025-03-05,C,1045
3824,13244,2024-07-16,A,1310
3825,13245,2023-12-22,A,456
3826,13246,2022-11-29,C,1789
3827,13251,2023-03-31,C,1274
3828,13254,2024-07-19,A,1250
3829,13256,2024-07-01,A,1270
3830,13259,2022-08-22,A,1879
3831,13260,2025-01-31,A,1259
3832,13262,2025-06-04,A,1186
3833,13269,2023-04-09,A,457
3834,13271,2023-09-18,A,1399
3835,13275,2023-09-17,A,241
3836,13276,2022-10-21,A,1670
3837,13279,2023-08-27,B,261
3838,13281,2022-03-26,C,448
3839,13283,2024-04-03,A,1310
3840,13284,2024-07-13,B,1153
3841,13285,2022-08-26,A,913
3842,13292,2024-11-18,A,1537
3843,13294,2025-08-23,C,316
3844,13295,2025-03-28,A,1703
3845,13310,2024-03-18,A,1543
3846,13314,2024-11-07,A,335
3847,13322,2022-11-08,A,1196
3848,13326,2024-05-30,A,205
3849,13327,2025-03-26,C,798
3850,13332,2023-10-22,A,1543
3851,13333,2023-08-15,A,479
3852,13335,2024-07-07,A,1715
3853,13339,2022-11-25,A,99
3854,13341,2025-06-01,A,1234
3855,13346,2023-02-23,A,546
3856,13347,2022-08-18,A,1522
3857,13348,2025-07-08,B,1016
3858,13350,2024-11-04,C,632
3859,13352,2023-10-21,A,1165
3860,13354,2023-03-26,A,705
3861,13355,2023-08-06,A,897
3862,13357,2023-11-28,A,1967
3863,13359,2024-04-01,A,1364
3864,13363,2022-12-04,B,593
3865,13364,2023-06-12,C,1354
3866,13371,2023-03-26,A,929
3867,13372,2025-03-26,A,1051
3868,13381,2023-05-23,A,210
3869,13383,2024-04-26,A,720
3870,13385,2024-08-24,A,835
3871,13410,2024-09-03,A,246
3872,13411,2024-02-07,B,100
3873,13420,2023-11-02,A,1398
3874,13423,2024-05-12,A,1218
3875,13424,2025-03-11,A,1729
3876,13425,2024-01-31,A,88
3877,13430,2024-01-25,A,656
3878,13431,2024-10-21,A,933
3879,13436,2022-12-31,A,713
3880,13438,2024-01-26,A,1854
3881,13441,2023-07-16,A,1734
3882,13442,2024-09-18,A,992
3883,13444,2025-04-29,A,784
3884,13445,2025-03-26,A,564
3885,13446,2023-07-22,A,40
3886,13447,2023-05-03,A,1380
3887,13450,2023-12-22,A,805
3888,13454,2023-12-13,A,969
3889,13455,2023-11-10,C,1329
3890,13458,2022-05-11,C,590
3891,13469,2023-02-10,A,1602
3892,13471,2024-09-10,B,1422
3893,13479,2025-03-02,A,1345
3894,13480,2023-11-09,C,1810
3895,13484,2024-09-05,A,1122
3896,13485,2022-12-28,A,184
3897,13494,2025-01-21,C,1037
3898,13495,2025-01-05,A,398
3899,13497,2023-06-07,A,1378
3900,13501,2024-11-09,A,1221
3901,13503,2024-05-11,B,1337
3902,13504,2023-03-17,A,692
3903,13515,2023-03-28,A,44
3904,13517,2025-07-09,A,632
3905,13520,2023-11-15,A,348
3906,13522,2023-03-06,A,1944
3907,13523,2024-03-30,A,238
3908,13528,2023-04-07,A,403
3909,13529,2023-01-14,A,1629
3910,13530,2023-08-25,A,1848
3911,13534,2022-06-12,A,682
3912,13536,2024-04-25,A,1776
3913,13537,2024-01-13,B,967
3914,13540,2025-04-11,A,495
3915,13541,2025-02-11,C,1738
3916,13547,2022-07-21,A,635
3917,13551,2022-11-12,A,743
3918,13553,2024-03-01,A,1028
3919,13559,2022-10-30,A,1243
3920,13563,2023-08-15,C,1914
3921,13564,2024-11-17,A,1757
3922,13567,2023-08-01,A,1892
3923,13571,2023-04-23,A,1599
3924,13574,2022-12-26,C,1320
3925,13575,2025-02-08,A,431
3926,13579,2025-05-07,A,1060
3927,13581,2022-10-30,A,1823
3928,13588,2023-10-31,A,1541
3929,13590,2023-07-16,C,826
3930,13594,2023-06-16,A,679
3931,13598,2023-10-17,A,1889
3932,13604,2024-11-15,A,891
3933,13607,2022-06-21,C,1456
3934,13608,2023-02-06,B,1801
3935,13610,2025-02-18,A,1159
3936,13627,2022-04-16,A,1997
3937,13628,2024-03-27,A,11
3938,13629,2024-04-01,B,576
3939,13632,2023-09-18,A,1000
3940,13633,2022-10-14,C,1784
3941,13634,2023-06-06,A,1932
3942,13637,2025-01-11,C,1521
3943,13639,2024-11-03,A,1163
3944,13643,2023-06-19,B,869
3945,13645,2024-12-19,C,416
3946,13647,2022-08-19,A,1502
3947,13649,2023-08-25,A,882
3948,13652,2023-07-02,A,664
3949,13654,2022-11-09,A,1588
3950,13659,2025-01-13,A,470
3951,13665,2025-02-17,C,519
3952,13666,2023-10-13,A,398
3953,13670,2024-05-05,A,506
3954,13675,2022-10-05,C,1273
3955,13676,2022-08-12,B,291
3956,13677,2024-10-10,A,596
3957,13683,2023-04-25,A,330
3958,13686,2023-02-28,A,1651
3959,13692,2022-10-13,A,1456
3960,13694,2025-05-04,A,34
3961,13696,2024-12-01,A,1110
3962,13697,2023-05-19,A,417
3963,13699,2024-06-27,C,1598
3964,13708,2024-02-27,A,1276
3965,13713,2023-09-07,C,1228
3966,13716,2023-04-11,B,790
3967,13717,2025-02-11,A,1985
3968,13718,2023-07-19,B,1482
3969,13720,2022-12-05,B,225
3970,13722,2022-12-21,A,170
3971,13723,2022-11-05,C,1464
3972,13730,2024-06-10,A,406
3973,13738,2022-08-03,C,792
3974,13745,2022-05-20,A,1267
3975,13751,2024-10-07,C,911
3976,13752,2025-03-13,A,1801
3977,13754,2022-12-07,B,660
3978,13761,2024-03-26,A,1491
3979,13767,2024-06-03,A,663
3980,13768,2022-11-22,C,1392
3981,13770,2025-02-15,A,821
3982,13771,2023-08-30,A,640
3983,13777,2023-07-29,A,1441
3984,13779,2024-07-07,C,1922
3985,13784,2025-05-14,B,1323
3986,13787,2022-11-09,A,1945
3987,13798,2025-04-18,B,853
3988,13799,2024-05-25,A,721
3989,13802,2023-03-20,A,1847
3990,13806,2022-05-26,C,209
3991,13824,2025-02-01,C,1872
3992,13826,2025-11-15,A,1226
3993,13828,2023-11-03,A,504
3994,13836,2022-10-22,A,1700
3995,13839,2023-05-11,A,981
3996,13847,2023-10-15,A,139
3997,13849,2023-05-12,A,1970
3998,13856,2024-08-15,B,590
3999,13858,2023-07-12,A,164
4000,13863,2023-03-14,A,798
4001,13864,2022-11-07,A,707
4002,13867,2024-03-22,C,764
4003,13868,2024-01-09,A,168
4004,13869,2024-02-07,A,434
4005,13874,2023-11-12,B,1089
4006,13880,2022-06-03,C,679
4007,13882,2024-09-16,A,266
4008,13883,2024-04-01,A,1866
4009,13887,2023-10-30,B,1924
4010,13894,2024-12-17,A,1628
4011,13895,2025-05-18,A,717
4012,13896,2022-09-25,A,1958
4013,13897,2024-02-12,A,49
4014,13898,2023-11-22,C,730
4015,13900,2022-11-05,A,261
4016,13902,2024-10-04,A,514
4017,13908,2024-09-08,C,1483
4018,13911,2022-06-19,C,805
4019,13917,2022-11-01,A,1179
4020,13920,2023-08-25,A,1465
4021,13922,2024-02-01,A,108
4022,13924,2023-05-27,A,702
4023,13925,2024-08-26,C,335
4024,13930,2024-03-16,C,335
4025,13932,2023-11-22,A,1636
4026,13933,2023-10-04,A,1829
4027,13935,2024-09-20,C,1064
4028,13939,2023-02-02,A,586
4029,13942,2023-06-04,A,1846
4030,13946,2023-01-19,A,1370
4031,13947,2024-07-07,A,588
4032,13948,2024-10-14,A,1681
4033,13954,2025-04-06,C,855
4034,13958,2023-12-14,A,6
4035,13959,2023-02-04,A,1669
4036,13960,2023-09-01,A,973
4037,13966,2023-03-15,A,879
4038,13968,2024-04-12,A,322
4039,13969,2024-02-08,A,206
4040,13972,2025-03-10,A,183
4041,13974,2024-06-04,A,679
4042,13975,2024-11-15,A,16
4043,13978,2025-06-29,A,212
4044,13979,2022-11-03,A,1051
4045,13983,2025-03-17,A,1475
4046,13984,2023-05-26,A,1254
4047,13986,2022-11-30,A,22
4048,13988,2023-05-19,A,79
4049,13990,2022-06-17,A,497
4050,13997,2023-08-05,A,1408
4051,14002,2024-03-14,C,368
4052,14005,2024-10-29,A,1884
4053,14006,2024-12-18,A,1208
4054,14012,2023-10-07,C,738
4055,14024,2024-01-19,A,191
4056,14025,2023-07-24,A,1401
4057,14029,2023-03-18,C,409
4058,14030,2024-03-28,A,552
4059,14032,2024-04-01,C,1934
4060,14047,2023-03-18,C,1456
4061,14050,2022-08-21,A,278
4062,14052,2025-03-31,B,859
4063,14055,2022-12-15,C,1294
4064,14056,2024-04-03,A,1805
4065,14057,2025-02-20,A,1036
4066,14060,2023-07-06,A,132
4067,14065,2023-05-15,A,715
4068,14066,2023-03-03,C,1472
4069,14069,2024-04-04,C,439
4070,14070,2024-05-07,B,1966
4071,14076,2024-02-06,C,1925
4072,14083,2024-07-09,A,901
4073,14100,2025-05-17,A,1476
4074,14102,2023-01-27,A,67
4075,14112,2024-01-31,A,75
4076,14115,2023-11-08,C,1408
4077,14118,2022-07-01,C,612
4078,14121,2022-08-04,A,391
4079,14123,2023-02-26,A,1028
4080,14124,2024-06-25,A,611
4081,14125,2023-04-06,A,190
4082,14126,2023-11-20,A,1846
4083,14135,2022-12-18,B,1759
4084,14136,2023-09-26,A,1926
4085,14147,2024-11-22,C,162
4086,14150,2024-02-26,A,44
4087,14153,2023-03-12,B,1509
4088,14156,2022-07-29,A,25
4089,14157,2024-09-11,C,962
4090,14159,2025-05-30,A,1452
4091,14160,2025-04-05,A,1912
4092,14161,2024-07-04,B,1257
4093,14163,2023-05-15,C,1809
4094,14164,2025-01-29,C,974
4095,14172,2025-06-14,C,1422
4096,14175,2023-03-26,A,421
4097,14176,2023-10-19,A,1881
4098,14179,2022-12-06,A,123
4099,14181,2022-09-26,B,1740
4100,14192,2022-09-30,C,674
4101,14194,2022-11-15,A,911
4102,14196,2022-11-29,A,1969
4103,14197,2025-04-15,A,285
4104,14201,2022-07-07,A,1636
4105,14205,2023-05-30,A,939
4106,14206,2023-05-01,B,235
4107,14207,2023-02-05,C,498
4108,14208,2022-10-31,A,1505
4109,14209,2024-08-01,A,81
4110,14212,2025-08-05,C,1669
4111,14217,2024-10-05,A,605
4112,14218,2023-11-13,A,1742
4113,14221,2025-01-10,A,1128
4114,14222,2024-05-24,A,1104
4115,14224,2022-11-29,A,639
4116,14226,2024-01-27,A,30
4117,14228,2024-12-07,A,921
4118,14231,2023-01-12,A,115
4119,14236,2022-12-06,C,613
4120,14238,2023-01-14,A,1339
4121,14241,2023-12-09,B,1427
4122,14242,2023-06-22,A,401
4123,14248,2022-10-04,A,1287
4124,14250,2023-05-08,A,460
4125,14254,2024-06-04,C,1221
4126,14255,2023-09-10,C,1795
4127,14257,2024-02-23,A,1829
4128,14259,2024-05-19,A,1359
4129,14261,2024-05-01,B,1571
4130,14262,2022-08-13,A,1738
4131,14271,2024-10-14,A,1619
4132,14275,2023-09-30,A,1060
4133,14285,2023-10-02,A,850
4134,14297,2023-10-22,A,327
4135,14302,2023-09-20,B,891
4136,14303,2024-03-11,B,1036
4137,14309,2023-10-29,A,1754
4138,14310,2024-01-02,B,1242
4139,14314,2024-09-13,B,932
4140,14318,2022-07-20,A,1176
4141,14320,2025-03-01,C,700
4142,14325,2023-07-27,A,976
4143,14336,2024-02-07,A,90
4144,14337,2023-02-18,A,915
4145,14345,2023-07-18,A,976
4146,14346,2023-05-23,B,1601
4147,14350,2023-04-09,A,145
4148,14358,2022-10-20,B,651
4149,14359,2023-09-08,A,611
4150,14360,2025-03-17,C,634
4151,14364,2024-08-13,C,486
4152,14365,2023-03-26,C,1632
4153,14368,2023-03-10,A,399
4154,14372,2024-08-28,A,65
4155,14373,2024-04-01,A,1523
4156,14384,2023-01-03,C,434
4157,14386,2022-12-21,A,965
4158,14387,2024-11-11,A,1175
4159,14392,2024-03-13,A,1172
4160,14396,2023-03-06,A,584
4161,14397,2023-10-13,C,1814
4162,14398,2022-10-22,B,1200
4163,14406,2024-10-08,C,676
4164,14412,2023-02-13,B,161
4165,14414,2024-07-12,C,614
4166,14416,2023-01-20,A,1773
4167,14418,2022-11-30,A,1895
4168,14422,2025-03-11,A,219
4169,14423,2023-04-15,A,1779
4170,14437,2024-03-12,A,1081
4171,14441,2023-07-18,A,1351
4172,14442,2024-09-20,A,1323
4173,14444,2023-05-02,A,742
4174,14445,2024-09-11,A,1383
4175,14447,2022-12-28,A,399
4176,14450,2023-06-22,A,1018
4177,14453,2024-12-08,B,564
4178,14454,2022-12-03,A,209
4179,14460,2023-03-19,A,1290
4180,14468,2024-10-03,C,1172
4181,14472,2023-08-21,A,403
4182,14474,2023-10-20,C,510
4183,14475,2023-03-27,A,1760
4184,14477,2023-10-12,C,166
4185,14478,2023-12-19,A,1914
4186,14481,2022-07-19,C,892
4187,14483,2024-05-29,A,304
4188,14485,2025-02-08,A,411
4189,14486,2023-08-06,A,1270
4190,14498,2023-07-19,A,1477
4191,14505,2023-04-29,A,1651
4192,14507,2024-04-26,A,1679
4193,14508,2024-09-22,A,269
4194,14512,2023-03-14,C,863
4195,14513,2025-05-07,C,1825
4196,14515,2022-08-11,A,425
4197,14520,2022-11-17,A,1263
4198,14521,2024-05-23,A,527
4199,14522,2024-06-27,A,614
4200,14527,2024-12-25,A,1546
4201,14528,2023-06-03,C,612
4202,14535,2023-11-29,A,839
4203,14540,2024-12-13,A,1889
4204,14542,2023-02-26,A,23
4205,14547,2024-01-23,A,762
4206,14556,2023-03-30,A,1657
4207,14557,2023-03-15,A,354
4208,14558,2025-01-22,A,843
4209,14560,2024-03-16,A,452
4210,14564,2024-01-10,A,863
4211,14566,2024-05-16,C,1704
4212,14567,2024-05-19,B,135
4213,14568,2023-02-20,C,1166
4214,14573,2025-03-17,A,491
4215,14575,2025-11-03,C,1533
4216,14577,2023-12-21,A,1129
4217,14579,2023-04-12,A,1280
4218,14580,2025-04-27,A,1994
4219,14581,2023-11-17,A,1672
4220,14583,2025-01-20,A,1592
4221,14585,2024-04-05,A,1247
4222,14586,2022-05-21,C,1597
4223,14590,2023-09-08,A,630
4224,14594,2024-10-25,B,1279
4225,14595,2023-08-30,A,1120
4226,14602,2025-02-07,C,1285
4227,14606,2024-01-07,A,361
4228,14607,2024-10-03,A,17
4229,14610,2024-08-18,A,1350
4230,14611,2022-11-17,C,1016
4231,14619,2022-12-26,A,763
4232,14620,2023-06-11,A,1074
4233,14621,2022-10-23,A,835
4234,14624,2025-06-07,C,526
4235,14625,2024-04-23,C,798
4236,14626,2023-03-01,A,34
4237,14627,2025-03-20,A,140
4238,14631,2023-09-28,A,541
4239,14633,2025-04-26,A,375
4240,14635,2023-08-07,A,182
4241,14636,2023-08-14,A,358
4242,14637,2024-01-03,A,831
4243,14638,2022-10-09,B,189
4244,14645,2024-12-11,A,68
4245,14647,2024-03-09,A,519
4246,14649,2025-04-18,A,318
4247,14652,2024-12-20,A,348
4248,14654,2023-09-26,A,214
4249,14655,2022-07-13,A,778
4250,14656,2023-11-22,C,897
4251,14657,2022-09-18,A,967
4252,14664,2025-03-11,A,662
4253,14665,2023-09-08,A,1565
4254,14667,2024-06-09,A,1464
4255,14669,2025-05-12,A,1208
4256,14670,2023-01-09,A,1870
4257,14674,2023-06-23,A,1901
4258,14675,2024-12-16,A,120
4259,14682,2023-07-22,B,14
4260,14685,2024-08-31,C,916
4261,14687,2022-08-09,A,885
4262,14693,2024-10-04,A,1037
4263,14694,2023-10-10,A,1407
4264,14699,2025-02-12,A,1424
4265,14701,2023-07-11,A,1078
4266,14702,2024-12-08,A,351
4267,14703,2025-04-21,A,188
4268,14705,2024-03-02,A,1474
4269,14707,2024-11-19,A,859
4270,14718,2022-10-15,C,821
4271,14721,2025-01-24,A,1782
4272,14722,2024-07-20,A,1929
4273,14726,2023-12-20,A,1937
4274,14730,2025-04-20,C,1694
4275,14732,2022-05-14,A,1726
4276,14739,2025-06-25,A,303
4277,14746,2024-08-09,A,890
4278,14747,2023-10-05,A,1804
4279,14752,2022-11-17,B,1524
4280,14757,2023-09-06,B,1398
4281,14764,2023-12-29,A,1742
4282,14768,2023-11-21,A,1861
4283,14770,2022-08-31,A,1773
4284,14772,2022-11-25,A,967
4285,14773,2024-09-30,A,485
4286,14778,2023-06-07,A,1199
4287,14782,2022-07-21,A,1082
4288,14784,2023-06-22,A,976
4289,14786,2023-09-25,B,856
4290,14791,2023-11-05,C,935
4291,14792,2023-11-26,A,854
4292,14793,2024-08-31,A,1622
4293,14794,2025-03-30,A,212
4294,14795,2023-07-24,A,1126
4295,14797,2024-01-30,A,938
4296,14801,2023-08-06,A,1731
4297,14807,2025-05-22,A,1467
4298,14809,2025-01-22,B,501
4299,14814,2023-04-08,A,1472
4300,14830,2023-10-23,A,1323
4301,14832,2023-06-05,A,168
4302,14842,2022-03-20,A,674
4303,14847,2023-06-10,A,488
4304,14851,2024-01-28,C,462
4305,14852,2023-03-15,A,1065
4306,14853,2022-09-11,A,1613
4307,14854,2022-12-28,C,1145
4308,14857,2025-01-05,A,1244
4309,14858,2023-02-23,A,1326
4310,14861,2023-03-12,A,921
4311,14862,2022-04-02,A,1790
4312,14869,2023-07-01,B,508
4313,14872,2022-05-28,C,1547
4314,14874,2024-10-20,A,434
4315,14876,2025-03-24,A,740
4316,14878,2023-06-08,A,690
4317,14880,2025-08-03,A,1005
4318,14884,2022-06-21,A,1736
4319,14885,2025-01-11,B,1082
4320,14889,2024-10-12,A,1729
4321,14891,2024-07-17,A,1637
4322,14896,2024-01-30,A,1598
4323,14901,2022-07-05,C,1360
4324,14902,2023-03-15,A,439
4325,14904,2024-05-02,A,1026
4326,14905,2023-08-11,B,827
4327,14906,2024-03-04,A,278
4328,14911,2023-11-05,A,1543
4329,14912,2022-07-02,A,679
4330,14915,2024-12-30,C,503
4331,14919,2023-08-27,A,1228
4332,14920,2024-05-03,A,1105
4333,14933,2024-02-09,A,1412
4334,14934,2024-06-02,A,100
4335,14938,2023-07-26,A,267
4336,14945,2024-12-11,C,215
4337,14949,2023-06-08,C,1831
4338,14950,2024-06-30,A,67
4339,14951,2023-03-24,A,568
4340,14952,2023-06-08,C,159
4341,14955,2025-03-07,B,253
4342,14966,2024-10-21,C,793
4343,14975,2024-10-28,A,1694
4344,14980,2025-01-26,C,1328
4345,14983,2023-10-22,A,1849
4346,14986,2024-11-21,A,1217
4347,14991,2025-03-17,A,1020
4348,14992,2023-09-12,A,1856
4349,14993,2024-10-30,C,130
4350,14994,2023-06-16,A,826
4351,15000,2025-02-19,A,228
4352,15002,2023-03-26,A,890
4353,15004,2024-09-05,A,141
4354,15005,2022-09-25,C,1426
4355,15007,2023-05-09,A,269
4356,15013,2023-11-09,A,383
4357,15015,2024-08-26,A,215
4358,15016,2022-10-19,A,821
4359,15021,2025-01-30,C,1666
4360,15023,2023-11-08,C,630
4361,15026,2024-02-23,A,855
4362,15036,2022-11-18,A,28
4363,15037,2023-09-18,A,157
4364,15039,2025-03-24,A,1797
4365,15042,2025-07-29,A,845
4366,15046,2024-05-17,A,282
4367,15049,2024-01-02,C,1462
4368,15052,2023-10-17,C,821
4369,15060,2024-05-30,B,1250
4370,15065,2024-08-18,B,1699
4371,15069,2024-04-09,A,1006
4372,15072,2025-08-12,A,1679
4373,15074,2022-10-03,A,1075
4374,15077,2023-11-10,A,1337
4375,15082,2025-01-14,A,1569
4376,15087,2025-04-11,C,408
4377,15089,2023-05-31,C,11
4378,15092,2024-03-04,A,1059
4379,15094,2024-09-24,A,1873
4380,15097,2023-03-08,A,1747
4381,15111,2025-01-27,A,672
4382,15114,2023-10-05,A,1505
4383,15119,2024-05-05,A,1653
4384,15122,2022-07-02,C,329
4385,15123,2025-08-22,A,1317
4386,15128,2024-06-16,A,607
4387,15129,2024-05-03,C,1481
4388,15134,2022-12-28,B,1085
4389,15137,2024-04-04,A,1662
4390,15139,2025-01-04,C,428
4391,15143,2024-06-18,A,916
4392,15146,2023-06-12,A,827
4393,15147,2024-09-21,B,1690
4394,15153,2023-02-07,A,1365
4395,15156,2024-04-10,A,1783
4396,15164,2023-03-17,B,1949
4397,15166,2025-02-22,A,367
4398,15175,2023-02-12,C,700
4399,15183,2023-09-08,B,1887
4400,15184,2022-05-31,A,684
4401,15187,2024-03-24,A,528
4402,15191,2023-03-01,A,347
4403,15201,2023-10-31,A,1455
4404,15202,2023-10-19,C,254
4405,15203,2023-01-17,A,542
4406,15205,2023-12-27,C,1949
4407,15210,2025-02-23,A,1362
4408,15211,2023-12-04,A,771
4409,15213,2023-08-16,A,821
4410,15220,2023-08-03,A,405
4411,15225,2023-08-15,C,928
4412,15226,2022-06-19,A,335
4413,15228,2025-03-24,A,1685
4414,15230,2023-10-14,A,556
4415,15235,2025-04-15,A,594
4416,15236,2024-07-04,C,1452
4417,15237,2025-01-02,A,767
4418,15241,2022-10-05,A,1793
4419,15248,2024-05-02,A,509
4420,15249,2022-09-28,A,731
4421,15254,2024-02-20,A,682
4422,15257,2025-02-10,A,1341
4423,15260,2022-12-14,A,1947
4424,15262,2024-11-30,A,1287
4425,15263,2023-10-02,A,757
4426,15265,2024-09-26,A,153
4427,15266,2024-07-21,A,912
4428,15270,2023-04-16,C,172
4429,15271,2024-03-14,A,1902
4430,15273,2024-10-26,A,580
4431,15275,2024-12-24,A,1664
4432,15277,2024-02-29,A,1761
4433,15278,2023-03-12,A,652
4434,15281,2023-06-22,A,521
4435,15282,2022-04-18,C,1139
4436,15289,2025-03-23,C,1932
4437,15291,2024-06-15,A,1418
4438,15301,2023-05-28,A,888
4439,15314,2022-12-19,C,773
4440,15317,2024-05-31,C,886
4441,15323,2024-10-07,A,631
4442,15324,2025-06-10,A,1480
4443,15332,2024-10-19,A,1357
4444,15334,2024-10-08,A,1287
4445,15337,2024-05-27,A,1834
4446,15338,2024-11-20,A,1523
4447,15345,2024-06-25,A,578
4448,15346,2022-08-27,A,145
4449,15362,2024-09-11,A,1272
4450,15373,2024-10-26,A,1846
4451,15378,2025-02-03,A,401
4452,15379,2023-05-25,A,3
4453,15381,2023-05-16,A,353
4454,15389,2024-08-01,C,1887
4455,15390,2022-09-02,C,1226
4456,15392,2022-07-06,A,836
4457,15393,2024-02-15,A,1604
4458,15395,2023-04-28,B,61
4459,15398,2022-11-08,A,1810
4460,15400,2024-08-17,A,460
4461,15401,2023-09-24,C,259
4462,15403,2024-10-21,A,97
4463,15404,2025-05-05,A,1569
4464,15406,2022-10-16,C,229
4465,15407,2023-08-10,A,1697
4466,15409,2022-09-15,B,1814
4467,15410,2024-09-13,A,165
4468,15413,2022-06-30,A,821
4469,15414,2025-05-01,A,661
4470,15418,2024-06-07,C,1466
4471,15419,2023-03-13,B,435
4472,15421,2023-08-28,A,1741
4473,15422,2024-03-11,C,1979
4474,15423,2024-03-02,A,1077
4475,15429,2024-04-27,A,1543
4476,15431,2025-04-19,B,1940
4477,15432,2022-05-21,B,41
4478,15435,2024-05-20,C,1228
4479,15439,2025-01-01,C,922
4480,15441,2024-12-23,A,506
4481,15443,2022-09-22,A,876
4482,15448,2023-05-07,B,552
4483,15452,2023-12-01,A,1152
4484,15455,2024-10-20,A,648
4485,15456,2022-11-18,A,496
4486,15459,2024-01-04,C,1939
4487,15469,2024-07-30,A,666
4488,15470,2024-08-04,C,181
4489,15480,2024-12-01,B,928
4490,15484,2023-04-15,A,89
4491,15486,2024-02-03,C,787
4492,15488,2023-10-12,A,46
4493,15489,2023-09-10,A,1299
4494,15490,2024-09-21,A,1780
4495,15496,2024-06-25,A,19
4496,15499,2022-12-01,A,504
4497,15500,2023-10-23,C,1609
4498,15505,2024-09-16,A,1178
4499,15508,2022-12-12,A,85
4500,15524,2023-07-23,A,1362
4501,15525,2022-04-19,A,562
4502,15532,2024-05-16,B,49
4503,15543,2024-10-31,A,1084
4504,15546,2025-02-24,C,1131
4505,15547,2024-02-01,A,988
4506,15551,2024-03-28,C,1303
4507,15552,2024-11-07,A,1388
4508,15555,2025-04-01,A,1934
4509,15556,2023-07-30,A,1916
4510,15558,2024-11-06,A,963
4511,15560,2023-11-24,A,1527
4512,15563,2025-05-17,A,743
4513,15569,2024-03-19,A,199
4514,15573,2022-08-16,A,1453
4515,15574,2023-02-24,A,759
4516,15578,2025-06-01,A,1796
4517,15579,2023-12-22,A,418
4518,15580,2024-07-30,A,361
4519,15582,2024-11-07,A,15
4520,15584,2023-07-25,B,288
4521,15588,2023-04-05,A,1286
4522,15590,2024-11-25,B,1931
4523,15591,2025-06-15,B,615
4524,15592,2023-07-01,A,489
4525,15593,2023-11-23,A,156
4526,15604,2023-08-23,A,1916
4527,15610,2023-12-06,A,750
4528,15612,2022-12-15,A,197
4529,15614,2023-03-19,A,325
4530,15617,2024-01-17,A,1806
4531,15623,2025-05-18,C,1478
4532,15626,2023-06-22,A,661
4533,15634,2024-01-31,A,428
4534,15638,2022-10-25,A,208
4535,15641,2024-10-06,A,724
4536,15642,2023-11-27,B,710
4537,15647,2024-01-26,A,1083
4538,15648,2022-12-16,A,1404
4539,15649,2024-06-15,A,455
4540,15650,2023-01-30,A,1741
4541,15657,2023-08-06,C,1328
4542,15662,2023-09-02,B,202
4543,15665,2024-04-08,A,1918
4544,15668,2023-09-17,A,417
4545,15670,2023-03-22,C,1205
4546,15674,2022-08-06,C,306
4547,15675,2024-11-22,C,705
4548,15676,2023-01-28,A,956
4549,15678,2023-12-27,C,1783
4550,15679,2025-01-02,A,1519
4551,15684,2022-11-24,A,393
4552,15687,2023-10-25,A,665
4553,15689,2022-11-30,A,1107
4554,15693,2024-01-26,C,87
4555,15695,2022-12-19,A,856
4556,15698,2023-10-19,A,1054
4557,15701,2025-05-26,B,1714
4558,15704,2025-03-05,A,1243
4559,15711,2023-12-27,A,1947
4560,15713,2024-08-01,A,833
4561,15716,2023-07-17,A,1689
4562,15717,2022-08-30,A,234
4563,15718,2023-11-16,A,224
4564,15720,2023-03-04,C,645
4565,15722,2025-03-15,A,1822
4566,15727,2024-07-02,A,493
4567,15732,2022-11-23,C,208
4568,15737,2023-11-06,A,1677
4569,15738,2025-01-29,A,962
4570,15739,2023-01-23,A,395
4571,15745,2023-09-17,B,197
4572,15759,2024-09-07,C,1978
4573,15760,2023-11-04,C,1403
4574,15766,2022-10-18,A,476
4575,15768,2022-10-05,A,851
4576,15771,2023-06-17,C,38
4577,15775,2023-12-06,A,697
4578,15782,2022-11-23,A,1164
4579,15785,2025-06-26,B,1290
4580,15787,2023-12-11,B,1598
4581,15788,2022-12-01,A,1607
4582,15790,2023-07-31,A,1442
4583,15795,2024-02-14,C,1498
4584,15798,2024-05-28,A,325
4585,15801,2023-06-19,C,1163
4586,15803,2023-11-27,C,1260
4587,15806,2024-06-30,C,894
4588,15818,2025-01-25,A,1414
4589,15826,2024-11-26,A,833
4590,15828,2024-04-02,A,646
4591,15833,2025-04-13,A,423
4592,15835,2025-05-13,A,825
4593,15839,2023-12-20,A,1591
4594,15842,2023-03-03,A,145
4595,15844,2024-02-24,B,1196
4596,15848,2025-01-22,A,1383
4597,15850,2023-07-27,A,317
4598,15851,2024-05-24,A,401
4599,15854,2023-12-01,B,1005
4600,15861,2023-02-03,A,1846
4601,15866,2023-04-12,B,848
4602,15871,2022-07-19,B,331
4603,15888,2024-07-02,C,1555
4604,15889,2024-10-04,A,351
4605,15890,2023-01-31,A,510
4606,15897,2023-07-20,A,925
4607,15900,2023-05-01,A,1573
4608,15906,2024-02-26,A,918
4609,15909,2023-02-18,A,1840
4610,15920,2023-02-18,A,143
4611,15925,2023-09-17,A,1055
4612,15929,2024-05-14,B,13
4613,15930,2024-02-13,A,381
4614,15932,2023-06-26,A,705
4615,15940,2024-08-16,B,195
4616,15943,2023-11-22,B,808
4617,15945,2022-06-25,B,976
4618,15946,2024-11-18,A,1735
4619,15953,2022-05-20,A,1971
4620,15960,2024-06-06,A,1783
4621,15968,2022-12-19,B,268
4622,15969,2024-01-19,A,865
4623,15970,2023-10-07,C,1085
4624,15972,2023-07-27,A,1359
4625,15975,2024-07-26,A,1806
4626,15978,2024-02-07,B,358
4627,15986,2023-12-25,A,1532
4628,15989,2022-08-16,A,969
4629,15990,2024-01-05,A,914
4630,15991,2024-07-05,A,1860
4631,16002,2023-11-10,A,469
4632,16007,2024-08-06,A,1853
4633,16008,2022-02-22,C,866
4634,16011,2023-11-27,A,727
4635,16013,2023-08-28,A,892
4636,16017,2025-09-13,C,1712
4637,16022,2024-01-30,A,200
4638,16024,2024-05-23,A,131
4639,16031,2024-07-08,A,1735
4640,16033,2024-06-30,A,1180
4641,16034,2024-12-30,A,1639
4642,16036,2025-01-27,A,810
4643,16040,2022-08-18,C,1868
4644,16042,2024-03-08,C,1792
4645,16043,2023-04-06,A,1622
4646,16051,2023-08-19,A,960
4647,16053,2024-10-02,A,384
4648,16054,2023-04-19,C,1552
4649,16057,2023-06-24,A,905
4650,16060,2025-05-28,A,1888
4651,16062,2024-06-08,A,1541
4652,16065,2024-12-23,A,1643
4653,16073,2022-08-06,C,398
4654,16074,2022-10-26,A,1931
4655,16086,2023-11-18,A,180
4656,16087,2024-12-08,A,1257
4657,16088,2023-08-22,A,962
4658,16090,2025-05-30,A,550
4659,16091,2022-11-28,A,913
4660,16095,2023-05-29,C,1045
4661,16104,2023-08-30,A,1272
4662,16105,2023-08-20,C,1004
4663,16107,2023-05-09,C,1413
4664,16110,2023-02-07,C,802
4665,16111,2023-08-25,B,1059
4666,16113,2023-04-28,A,96
4667,16120,2022-09-26,A,558
4668,16123,2025-06-08,A,1566
4669,16128,2024-01-17,A,91
4670,16129,2024-09-10,A,1860
4671,16130,2025-01-10,A,348
4672,16133,2023-05-18,A,900
4673,16137,2025-07-11,C,511
4674,16144,2024-02-10,A,1556
4675,16146,2023-03-03,A,289
4676,16147,2024-02-23,B,653
4677,16149,2025-11-13,C,1602
4678,16164,2022-12-04,A,1453
4679,16170,2023-08-20,A,1411
4680,16171,2024-03-24,A,969
4681,16173,2023-10-06,B,1512
4682,16174,2025-05-09,A,1427
4683,16176,2024-09-24,B,1100
4684,16177,2024-05-29,A,1510
4685,16179,2022-05-26,C,1509
4686,16185,2024-05-11,B,1171
4687,16189,2023-07-29,B,694
4688,16197,2022-12-12,A,382
4689,16200,2025-08-17,C,631
4690,16201,2025-04-28,C,1085
4691,16202,2025-03-01,A,1340
4692,16204,2023-07-17,B,306
4693,16211,2025-03-15,B,698
4694,16217,2025-01-22,A,1419
4695,16226,2022-09-09,A,956
4696,16227,2025-01-31,A,1354
4697,16235,2024-01-26,A,1014
4698,16241,2024-07-02,A,1075
4699,16244,2023-03-30,A,1957
4700,16248,2025-01-14,A,1863
4701,16257,2025-01-12,C,466
4702,16260,2022-11-23,A,1956
4703,16263,2022-09-15,A,248
4704,16269,2024-02-19,B,1510
4705,16272,2024-10-12,A,1705
4706,16273,2024-07-13,A,1291
4707,16274,2023-06-06,A,705
4708,16276,2025-06-14,C,1369
4709,16278,2023-03-18,A,23
4710,16283,2024-09-28,A,1462
4711,16292,2022-09-10,B,202
4712,16296,2022-09-11,A,1110
4713,16298,2025-01-25,A,1758
4714,16302,2024-02-06,A,1258
4715,16303,2024-03-31,B,510
4716,16310,2022-09-05,A,753
4717,16315,2022-12-15,A,299
4718,16317,2024-11-04,C,1247
4719,16327,2024-06-15,A,1015
4720,16328,2022-09-05,A,104
4721,16330,2023-05-03,C,1528
4722,16335,2024-07-27,A,710
4723,16341,2024-05-24,A,1935
4724,16343,2024-08-03,B,908
4725,16345,2024-12-22,A,1707
4726,16348,2025-04-27,A,1370
4727,16349,2023-01-21,C,1505
4728,16351,2023-08-23,B,113
4729,16360,2023-11-12,A,1713
4730,16361,2024-01-17,A,1141
4731,16364,2024-09-26,A,657
4732,16365,2023-03-18,A,994
4733,16366,2025-01-09,A,552
4734,16370,2023-08-23,A,1954
4735,16374,2024-05-14,A,354
4736,16376,2025-04-19,A,90
4737,16377,2023-08-11,A,126
4738,16378,2023-04-17,A,1401
4739,16386,2023-06-13,A,235
4740,16393,2023-06-21,B,199
4741,16394,2022-10-21,A,1284
4742,16397,2023-01-11,A,1124
4743,16398,2022-12-30,A,1147
4744,16399,2024-07-09,C,809
4745,16405,2024-04-25,A,1257
4746,16408,2023-05-15,A,39
4747,16411,2024-06-08,A,578
4748,16416,2022-09-06,A,793
4749,16431,2024-09-17,A,256
4750,16436,2025-03-07,C,843
4751,16440,2024-09-19,A,1172
4752,16443,2024-11-15,C,1987
4753,16447,2023-01-04,A,277
4754,16451,2024-12-23,A,1474
4755,16458,2025-03-24,A,1224
4756,16464,2024-10-18,A,1399
4757,16472,2023-03-26,A,70
4758,16475,2025-02-08,B,265
4759,16478,2022-08-17,A,1834
4760,16480,2024-02-14,A,1436
4761,16483,2025-03-15,A,632
4762,16488,2023-11-13,A,169
4763,16489,2024-10-23,B,1086
4764,16490,2024-05-03,A,623
4765,16492,2023-09-28,C,1050
4766,16494,2022-11-25,C,835
4767,16497,2022-06-13,A,960
4768,16501,2025-02-21,A,215
4769,16509,2024-04-22,A,1869
4770,16512,2025-11-12,A,1094
4771,16513,2022-05-26,A,1355
4772,16515,2024-09-30,A,266
4773,16516,2024-04-08,A,1332
4774,16518,2022-08-31,A,43
4775,16519,2025-01-06,A,1617
4776,16520,2025-03-26,C,755
4777,16521,2024-12-17,A,21
4778,16525,2022-06-15,B,1918
4779,16526,2025-02-11,A,790
4780,16527,2025-05-01,C,1914
4781,16539,2023-04-07,C,248
4782,16541,2025-04-02,C,1874
4783,16549,2023-05-22,A,921
4784,16552,2023-09-16,A,625
4785,16554,2023-02-23,A,53
4786,16556,2025-07-05,C,1311
4787,16557,2024-08-10,C,440
4788,16564,2024-03-11,C,181
4789,16565,2025-08-03,B,1610
4790,16573,2024-06-29,C,815
4791,16575,2024-01-03,A,576
4792,16578,2024-10-15,A,1886
4793,16584,2024-12-02,A,18
4794,16585,2023-03-12,A,1632
4795,16587,2024-03-24,A,824
4796,16595,2023-08-02,A,701
4797,16599,2025-04-28,A,767
4798,16603,2023-08-23,A,90
4799,16609,2024-08-29,B,95
4800,16611,2022-07-27,C,602
4801,16618,2024-11-18,B,390
4802,16621,2022-11-04,A,1444
4803,16629,2024-02-25,A,1397
4804,16632,2025-02-19,A,409
4805,16643,2025-08-29,A,1862
4806,16645,2024-12-20,A,937
4807,16647,2023-10-11,A,438
4808,16661,2024-07-11,C,1639
4809,16664,2024-01-08,B,1002
4810,16667,2023-01-20,A,1761
4811,16676,2023-01-22,C,1419
4812,16677,2024-01-14,C,246
4813,16678,2024-06-09,A,1024
4814,16687,2024-07-18,A,730
4815,16688,2023-07-25,A,343
4816,16689,2024-03-13,A,1730
4817,16691,2024-07-06,A,1224
4818,16692,2023-02-23,A,266
4819,16693,2022-05-26,C,1046
4820,16697,2022-11-07,C,735
4821,16698,2023-12-15,C,1866
4822,16703,2024-08-13,A,1971
4823,16707,2023-12-20,A,1345
4824,16711,2025-01-06,A,1159
4825,16713,2025-01-06,A,752
4826,16716,2024-07-12,A,1969
4827,16721,2023-08-09,A,910
4828,16726,2023-04-13,C,412
4829,16727,2024-10-30,B,102
4830,16728,2025-02-06,A,162
4831,16729,2024-01-24,A,586
4832,16730,2025-02-05,A,646
4833,16733,2023-11-08,C,1788
4834,16735,2025-10-09,A,1208
4835,16739,2025-04-01,A,1205
4836,16740,2024-03-14,B,1904
4837,16744,2023-05-22,C,1405
4838,16745,2023-05-25,B,325
4839,16746,2023-11-22,C,366
4840,16749,2024-08-26,A,1445
4841,16751,2024-01-13,C,806
4842,16754,2025-04-01,A,1323
4843,16762,2022-09-01,A,35
4844,16763,2024-02-11,A,1711
4845,16764,2023-02-01,C,1860
4846,16768,2022-08-06,C,1202
4847,16773,2023-05-24,C,167
4848,16774,2022-09-27,C,971
4849,16776,2022-08-14,A,844
4850,16777,2024-06-30,A,1686
4851,16780,2024-10-02,A,469
4852,16781,2022-07-04,A,1128
4853,16787,2024-03-21,A,1165
4854,16791,2023-05-19,C,754
4855,16793,2024-07-09,A,13
4856,16794,2024-03-06,A,1756
4857,16797,2022-10-23,A,1753
4858,16801,2025-04-03,C,631
4859,16802,2024-04-26,A,1685
4860,16804,2023-09-18,A,121
4861,16808,2025-09-01,C,494
4862,16809,2025-04-04,A,450
4863,16813,2023-02-12,A,388
4864,16823,2024-02-06,C,273
4865,16825,2024-03-21,A,1390
4866,16829,2022-10-15,A,913
4867,16831,2022-11-23,A,1602
4868,16836,2025-01-30,A,1132
4869,16838,2023-12-21,A,973
4870,16839,2023-07-27,A,559
4871,16840,2025-05-23,B,1657
4872,16842,2024-09-05,C,1846
4873,16845,2024-06-07,C,778
4874,16847,2025-06-07,A,749
4875,16849,2023-01-19,A,833
4876,16851,2022-06-23,A,274
4877,16852,2024-04-19,A,1424
4878,16863,2022-05-25,A,1860
4879,16864,2023-11-26,B,1446
4880,16867,2024-01-27,A,952
4881,16884,2023-02-28,A,1679
4882,16886,2023-10-25,A,1716
4883,16888,2024-09-09,A,1883
4884,16901,2025-03-10,C,1063
4885,16908,2023-08-25,C,418
4886,16918,2023-09-16,B,708
4887,16920,2025-03-04,A,1430
4888,16921,2023-05-08,A,1595
4889,16924,2024-09-26,A,1687
4890,16925,2023-10-24,C,1918
4891,16929,2025-03-14,C,144
4892,16931,2023-09-07,A,44
4893,16938,2024-12-31,A,83
4894,16941,2022-10-31,A,591
4895,16942,2022-10-22,A,1354
4896,16944,2023-06-22,B,1362
4897,16945,2023-07-28,A,1378
4898,16946,2025-03-05,A,1089
4899,16948,2024-10-09,A,1095
4900,16955,2023-06-02,A,1465
4901,16965,2022-09-23,A,1025
4902,16969,2025-02-09,B,1993
4903,16971,2022-12-08,A,1825
4904,16975,2023-02-10,B,430
4905,16977,2025-07-27,C,1726
4906,16982,2025-04-05,A,441
4907,16984,2024-07-13,A,1888
4908,16985,2025-03-12,B,207
4909,16986,2025-05-04,A,78
4910,16987,2022-09-16,B,88
4911,16991,2024-01-16,A,684
4912,16995,2022-08-22,A,894
4913,17005,2023-02-13,A,1427
4914,17008,2024-05-02,A,1354
4915,17009,2023-12-01,A,247
4916,17010,2022-10-01,A,1974
4917,17011,2024-09-28,A,1453
4918,17016,2025-08-03,A,1218
4919,17018,2023-12-29,A,1575
4920,17021,2025-04-11,A,933
4921,17023,2022-07-07,A,56
4922,17024,2023-10-21,A,1755
4923,17026,2025-04-18,A,222
4924,17029,2023-08-26,C,363
4925,17032,2024-07-17,A,1245
4926,17041,2024-08-24,B,1345
4927,17044,2023-05-17,C,1474
4928,17046,2025-03-28,C,1914
4929,17055,2025-05-22,A,1427
4930,17068,2024-05-12,A,1365
4931,17070,2024-10-06,B,730
4932,17073,2022-09-26,A,495
4933,17075,2023-06-15,A,275
4934,17082,2023-12-26,C,1419
4935,17083,2025-06-23,A,212
4936,17084,2024-07-27,A,950
4937,17093,2024-04-15,A,1824
4938,17098,2025-07-10,C,439
4939,17100,2024-11-02,A,354
4940,17102,2024-04-25,C,1406
4941,17104,2022-07-01,B,1399
4942,17105,2025-05-19,A,165
4943,17108,2025-07-04,C,1676
4944,17109,2023-12-27,C,1113
4945,17114,2024-05-17,C,1905
4946,17118,2024-09-07,A,1950
4947,17125,2024-06-14,A,1948
4948,17127,2024-11-07,A,351
4949,17129,2024-05-21,C,987
4950,17132,2022-09-02,A,319
4951,17133,2024-04-26,A,1620
4952,17134,2022-05-12,A,1334
4953,17142,2023-12-22,C,542
4954,17151,2023-10-31,A,1627
4955,17152,2025-06-12,A,1183
4956,17154,2023-07-21,B,665
4957,17155,2025-01-12,A,1351
4958,17161,2024-03-17,A,493
4959,17165,2025-05-26,A,970
4960,17170,2023-10-05,A,1452
4961,17172,2023-06-18,C,238
4962,17177,2022-11-07,A,175
4963,17178,2022-05-17,A,127
4964,17179,2023-06-28,A,1312
4965,17180,2022-08-31,C,1384
4966,17181,2023-02-19,A,1721
4967,17184,2023-10-07,A,1636
4968,17193,2024-01-11,C,488
4969,17194,2025-02-09,A,1691
4970,17199,2024-10-30,C,90
4971,17201,2024-01-01,A,598
4972,17202,2023-12-13,C,784
4973,17212,2023-11-19,A,821
4974,17217,2024-12-08,A,1802
4975,17218,2024-11-17,A,1404
4976,17221,2023-08-01,A,557
4977,17225,2025-04-11,A,9
4978,17231,2022-11-13,A,1717
4979,17232,2025-06-24,C,932
4980,17233,2025-04-28,B,883
4981,17242,2024-01-31,A,886
4982,17244,2024-10-08,A,374
4983,17245,2022-03-29,A,705
4984,17249,2023-11-19,A,1184
4985,17257,2023-08-17,A,1894
4986,17258,2025-08-24,C,1226
4987,17259,2025-04-13,A,1071
4988,17261,2024-09-15,A,940
4989,17267,2024-06-23,C,394
4990,17268,2024-08-10,A,416
4991,17271,2023-05-16,A,302
4992,17274,2024-07-09,A,883
4993,17277,2024-09-10,B,523
4994,17281,2022-11-11,A,574
4995,17282,2023-03-09,A,1913
4996,17283,2025-02-15,B,1009
4997,17284,2023-05-02,C,461
4998,17285,2024-04-03,A,1555
4999,17286,2022-10-14,A,453
5000,17287,2023-02-23,C,50
5001,17291,2023-11-27,A,656
5002,17295,2022-12-28,C,187
5003,17300,2023-02-25,A,1944
5004,17303,2023-08-24,A,867
5005,17307,2024-11-02,A,5
5006,17309,2024-01-08,B,181
5007,17311,2025-02-19,A,616
5008,17313,2023-09-01,A,1062
5009,17314,2023-10-19,A,1342
5010,17318,2025-03-14,A,1893
5011,17319,2023-07-09,A,534
5012,17322,2024-04-02,C,1343
5013,17326,2024-09-30,A,1591
5014,17327,2023-09-15,A,1669
5015,17331,2023-06-22,A,20
5016,17333,2024-07-09,A,1768
5017,17341,2024-09-20,A,1272
5018,17342,2024-04-25,A,1469
5019,17349,2023-06-24,A,52
5020,17351,2024-01-10,A,484
5021,17357,2024-10-31,C,1276
5022,17362,2024-06-26,C,21
5023,17364,2022-09-10,C,74
5024,17366,2022-08-26,A,1806
5025,17368,2024-10-03,A,1445
5026,17369,2024-04-15,A,1329
5027,17378,2023-10-10,A,1536
5028,17380,2024-09-27,A,20
5029,17384,2024-11-03,A,747
5030,17386,2023-12-29,A,1128
5031,17387,2024-07-18,A,1283
5032,17390,2025-02-25,A,823
5033,17393,2025-02-13,A,1753
5034,17397,2024-03-13,B,186
5035,17402,2023-11-13,B,843
5036,17406,2024-02-10,A,1663
5037,17407,2025-04-13,C,9
5038,17410,2024-03-20,B,829
5039,17413,2024-06-17,A,210
5040,17417,2025-10-25,A,1066
5041,17421,2024-02-09,A,1985
5042,17422,2023-04-12,A,1159
5043,17423,2023-01-17,B,1029
5044,17427,2024-11-12,A,994
5045,17428,2025-07-31,A,1075
5046,17430,2024-12-18,A,222
5047,17432,2023-12-07,A,1810
5048,17438,2023-11-29,B,1412
5049,17440,2023-07-20,A,1735
5050,17444,2023-08-12,C,1325
5051,17450,2025-04-19,A,1501
5052,17451,2025-01-12,A,1171
5053,17464,2022-11-20,A,1404
5054,17467,2024-10-07,A,1572
5055,17468,2024-11-18,A,538
5056,17471,2023-12-09,A,1623
5057,17472,2022-12-29,A,1593
5058,17479,2025-03-20,A,1758
5059,17480,2024-03-07,C,835
5060,17482,2022-08-09,A,362
5061,17484,2023-08-11,A,1204
5062,17489,2023-07-08,A,617
5063,17495,2025-01-03,C,227
5064,17496,2023-10-09,B,1500
5065,17498,2024-09-19,A,1645
5066,17505,2025-03-27,A,1704
5067,17507,2022-06-21,A,1689
5068,17508,2024-07-13,A,1441
5069,17509,2022-12-01,A,358
5070,17510,2025-03-31,C,864
5071,17511,2024-12-23,A,1622
5072,17519,2025-04-14,B,890
5073,17520,2024-12-25,A,568
5074,17522,2022-09-23,C,1516
5075,17523,2023-11-25,C,397
5076,17526,2024-08-12,C,513
5077,17527,2023-10-09,C,1907
5078,17528,2023-07-21,A,1362
5079,17535,2023-11-06,A,571
5080,17541,2022-06-18,C,731
5081,17545,2023-10-01,C,703
5082,17547,2023-03-26,B,754
5083,17550,2024-12-07,A,128
5084,17551,2025-06-14,C,766
5085,17554,2022-12-11,B,17
5086,17562,2023-11-18,A,1160
5087,17564,2025-01-20,A,698
5088,17565,2024-05-06,A,658
5089,17566,2023-01-02,A,1025
5090,17568,2024-01-11,A,1897
5091,17570,2024-03-18,A,1674
5092,17571,2024-04-22,B,838
5093,17575,2023-08-22,C,1375
5094,17576,2025-02-24,A,606
5095,17577,2023-10-06,C,1355
5096,17580,2025-03-28,A,1761
5097,17587,2023-09-01,C,1475
5098,17589,2022-10-15,A,1188
5099,17592,2023-02-09,B,695
5100,17594,2025-05-06,A,959
5101,17595,2022-11-10,A,1771
5102,17599,2025-01-11,A,1446
5103,17608,2023-08-07,A,957
5104,17610,2023-06-23,A,1058
5105,17611,2025-03-10,A,1015
5106,17613,2024-02-21,A,814
5107,17616,2022-06-29,A,1308
5108,17618,2025-01-11,A,1315
5109,17621,2023-10-19,A,1805
5110,17635,2022-12-11,A,1368
5111,17639,2024-10-28,A,894
5112,17643,2023-05-20,C,168
5113,17644,2023-03-13,C,652
5114,17648,2024-03-10,A,960
5115,17651,2023-03-29,A,822
5116,17652,2024-10-04,A,1657
5117,17663,2022-07-14,A,733
5118,17664,2024-04-06,A,1972
5119,17665,2023-04-03,A,1213
5120,17670,2024-10-25,C,1081
5121,17673,2023-06-20,A,1960
5122,17680,2023-02-13,A,1017
5123,17681,2022-11-14,A,1649
5124,17685,2024-12-29,A,132
5125,17686,2022-11-18,C,790
5126,17688,2023-09-22,A,1516
5127,17698,2022-06-12,A,1707
5128,17701,2025-02-17,C,354
5129,17706,2025-05-25,B,1532
5130,17707,2022-06-26,A,382
5131,17709,2024-08-26,A,794
5132,17711,2025-01-07,A,753
5133,17715,2024-04-25,C,1371
5134,17716,2025-01-01,A,376
5135,17722,2023-02-27,A,1426
5136,17723,2024-12-13,A,37
5137,17724,2023-03-27,A,833
5138,17725,2024-04-07,B,1657
5139,17727,2024-05-16,C,1250
5140,17742,2023-08-28,A,1000
5141,17748,2022-07-23,A,51
5142,17749,2023-04-14,C,270
5143,17751,2025-08-28,A,1735
5144,17757,2022-09-24,A,397
5145,17759,2023-10-25,A,743
5146,17763,2025-07-08,A,664
5147,17766,2024-03-20,C,1800
5148,17768,2023-01-22,A,516
5149,17777,2023-01-05,A,1514
5150,17779,2023-08-02,A,1875
5151,17787,2024-02-12,C,691
5152,17788,2022-10-14,C,1196
5153,17793,2023-01-28,C,882
5154,17796,2023-11-03,C,423
5155,17800,2023-09-30,A,884
5156,17801,2022-09-30,A,1754
5157,17803,2022-12-12,A,1283
5158,17804,2022-07-13,A,37
5159,17812,2023-10-16,C,1461
5160,17814,2022-07-23,C,783
5161,17817,2023-07-19,C,854
5162,17819,2024-03-16,B,11
5163,17824,2024-08-20,A,1394
5164,17828,2024-10-02,A,1341
5165,17831,2024-07-27,C,201
5166,17837,2024-06-03,A,1359
5167,17838,2022-09-02,A,962
5168,17839,2024-11-14,B,1897
5169,17840,2023-05-08,B,704
5170,17849,2022-12-21,A,1407
5171,17852,2023-05-17,A,180
5172,17861,2024-10-13,A,363
5173,17865,2025-03-26,A,1919
5174,17866,2024-05-12,C,1780
5175,17867,2023-03-12,C,1310
5176,17883,2023-03-22,A,1892
5177,17885,2023-04-27,A,862
5178,17886,2024-06-20,A,796
5179,17889,2023-07-02,A,911
5180,17891,2025-01-04,A,1293
5181,17892,2023-06-12,B,211
5182,17902,2024-12-25,A,427
5183,17905,2025-12-21,C,53
5184,17906,2025-01-09,A,1258
5185,17908,2023-05-19,A,1544
5186,17909,2024-03-06,A,1219
5187,17910,2023-02-19,C,129
5188,17916,2023-04-11,A,54
5189,17923,2024-03-10,C,633
5190,17933,2023-10-19,B,175
5191,17935,2023-02-17,A,69
5192,17937,2024-03-13,A,1775
5193,17938,2023-11-21,A,1194
5194,17940,2023-09-19,A,992
5195,17942,2024-08-28,A,652
5196,17943,2024-09-25,A,287
5197,17945,2022-11-03,A,136
5198,17946,2024-07-23,B,1129
5199,17947,2025-05-04,A,459
5200,17950,2024-04-07,A,1036
5201,17956,2023-04-10,A,643
5202,17961,2024-11-24,A,325
5203,17962,2023-02-03,A,1843
5204,17966,2024-03-20,A,1587
5205,17969,2024-07-05,B,1620
5206,17974,2024-12-09,C,1296
5207,17980,2025-06-05,A,730
5208,17985,2024-02-01,A,479
5209,18004,2023-11-05,A,1271
5210,18005,2025-04-17,A,1495
5211,18009,2024-05-14,A,1995
5212,18019,2023-03-13,A,805
5213,18022,2024-03-19,A,1096
5214,18023,2023-03-05,A,963
5215,18026,2022-12-14,B,1598
5216,18029,2025-02-23,C,145
5217,18030,2025-03-29,A,1582
5218,18035,2025-05-19,A,959
5219,18036,2025-03-15,C,37
5220,18041,2024-07-12,C,543
5221,18043,2023-05-20,B,140
5222,18048,2023-09-10,C,1894
5223,18051,2024-03-01,B,689
5224,18054,2025-02-05,A,1543
5225,18055,2023-10-27,C,1462
5226,18057,2025-03-31,A,486
5227,18065,2024-08-15,A,1619
5228,18066,2024-11-22,A,1806
5229,18070,2023-04-25,A,248
5230,18072,2024-10-23,C,1877
5231,18074,2025-01-09,C,970
5232,18076,2025-04-24,C,1803
5233,18077,2024-11-21,C,351
5234,18085,2023-05-18,C,1912
5235,18090,2025-09-26,C,301
5236,18091,2022-08-29,A,8
5237,18096,2023-07-12,C,1570
5238,18104,2023-04-18,C,1215
5239,18105,2024-06-27,A,1092
5240,18117,2024-12-23,A,463
5241,18118,2023-07-02,C,1226
5242,18124,2022-09-19,A,270
5243,18128,2024-11-22,A,421
5244,18132,2022-11-11,A,1508
5245,18135,2023-03-27,A,1390
5246,18137,2023-08-13,A,705
5247,18140,2024-12-12,C,1824
5248,18143,2025-05-06,A,1840
5249,18147,2024-05-26,A,241
5250,18149,2024-08-16,A,579
5251,18152,2024-12-16,B,416
5252,18154,2023-09-17,A,615
5253,18159,2023-10-07,A,932
5254,18160,2024-12-12,A,1923
5255,18161,2023-08-03,A,1999
5256,18162,2023-12-03,A,536
5257,18164,2024-09-14,A,1646
5258,18166,2024-04-07,A,1866
5259,18167,2022-05-12,A,1549
5260,18168,2024-05-31,A,215
5261,18172,2023-04-29,A,98
5262,18184,2024-06-24,C,1456
5263,18185,2023-02-26,A,909
5264,18186,2025-06-10,C,300
5265,18192,2023-07-22,A,417
5266,18195,2024-07-13,A,786
5267,18196,2024-01-04,A,1539
5268,18202,2022-07-11,A,1192
5269,18215,2023-09-28,B,212
5270,18216,2023-04-30,A,779
5271,18217,2022-07-31,B,1257
5272,18223,2024-05-19,A,63
5273,18224,2024-12-30,A,1982
5274,18227,2024-10-25,C,763
5275,18229,2022-11-22,C,1898
5276,18232,2024-08-22,C,570
5277,18234,2022-10-27,A,1759
5278,18242,2025-03-24,A,1692
5279,18245,2025-01-23,C,351
5280,18246,2023-01-20,C,1131
5281,18252,2023-10-22,A,56
5282,18255,2025-02-28,B,1689
5283,18256,2023-07-02,A,401
5284,18257,2024-12-20,A,7
5285,18258,2024-01-01,A,1964
5286,18261,2022-05-31,C,8
5287,18265,2023-11-19,A,817
5288,18269,2023-10-08,C,1676
5289,18271,2022-10-30,A,493
5290,18274,2023-03-03,B,542
5291,18275,2023-02-02,A,1952
5292,18281,2024-09-04,A,1481
5293,18286,2023-09-12,A,1352
5294,18287,2024-04-19,C,961
5295,18289,2024-03-13,A,1390
5296,18293,2023-01-30,A,255
5297,18295,2023-03-03,A,1835
5298,18299,2023-02-12,A,1230
5299,18306,2024-11-05,A,825
5300,18311,2024-03-28,A,48
5301,18315,2024-09-18,A,688
5302,18316,2024-10-26,A,1475
5303,18317,2024-03-08,A,288
5304,18318,2023-02-20,C,360
5305,18321,2024-02-19,A,338
5306,18325,2023-08-04,A,1932
5307,18326,2024-05-17,A,1614
5308,18328,2024-10-09,A,1838
5309,18332,2024-04-04,B,1910
5310,18336,2024-07-13,A,684
5311,18341,2025-03-30,A,691
5312,18343,2025-03-14,A,560
5313,18346,2024-05-12,C,1697
5314,18357,2024-03-08,C,698
5315,18358,2024-09-07,A,1596
5316,18359,2023-09-16,A,936
5317,18360,2025-06-04,A,209
5318,18369,2025-03-11,A,1949
5319,18377,2022-09-02,A,1325
5320,18382,2024-11-20,C,1088
5321,18383,2022-07-30,A,901
5322,18387,2025-07-30,C,313
5323,18388,2024-12-20,A,426
5324,18390,2023-08-10,A,565
5325,18393,2025-03-09,A,1355
5326,18394,2024-11-04,A,367
5327,18397,2022-09-23,A,137
5328,18400,2022-08-26,A,1736
5329,18406,2025-03-01,C,494
5330,18407,2024-09-09,A,1443
5331,18409,2022-08-10,A,1692
5332,18411,2022-08-31,C,1470
5333,18413,2022-07-13,A,1029
5334,18414,2024-02-14,B,1172
5335,18419,2024-01-30,A,872
5336,18425,2022-11-19,A,1477
5337,18426,2024-12-08,A,465
5338,18427,2025-09-05,A,1775
5339,18428,2023-06-02,A,171
5340,18434,2024-08-23,C,165
5341,18437,2024-12-26,A,1146
5342,18440,2024-04-16,C,1684
5343,18443,2024-01-28,A,267
5344,18445,2022-12-25,A,495
5345,18458,2022-07-20,A,1914
5346,18462,2024-05-04,C,1057
5347,18463,2024-09-06,A,1192
5348,18474,2023-12-22,A,1658
5349,18477,2023-07-23,A,1768
5350,18480,2022-07-20,B,1778
5351,18483,2023-08-18,B,1863
5352,18484,2023-08-05,A,913
5353,18487,2023-02-19,A,714
5354,18489,2023-08-29,A,359
5355,18490,2023-08-18,A,1337
5356,18493,2023-09-18,A,690
5357,18501,2023-05-19,B,160
5358,18505,2022-08-25,A,1512
5359,18508,2025-04-12,C,521
5360,18511,2025-05-06,A,1901
5361,18515,2023-08-08,A,579
5362,18519,2024-02-29,A,825
5363,18526,2023-07-16,C,791
5364,18527,2023-10-22,C,664
5365,18528,2024-07-13,A,833
5366,18534,2025-03-07,A,635
5367,18535,2024-09-12,A,1078
5368,18537,2022-10-08,A,1585
5369,18543,2024-10-01,A,1812
5370,18544,2024-02-16,C,181
5371,18549,2023-07-30,C,1598
5372,18550,2023-06-03,A,1259
5373,18555,2022-09-14,C,1228
5374,18557,2022-06-10,B,431
5375,18560,2024-11-24,C,1672
5376,18569,2023-10-11,A,1069
5377,18573,2022-10-19,B,201
5378,18575,2024-03-01,C,1415
5379,18577,2025-09-11,B,1501
5380,18578,2024-08-14,A,1516
5381,18580,2023-03-24,A,607
5382,18581,2024-06-02,A,997
5383,18584,2022-12-30,C,1021
5384,18585,2022-10-08,A,974
5385,18586,2024-03-22,A,867
5386,18589,2025-04-16,A,16
5387,18592,2024-05-31,A,237
5388,18597,2023-01-06,A,764
5389,18598,2023-10-20,A,1161
5390,18601,2022-11-09,C,1682
5391,18603,2023-11-06,A,1747
5392,18604,2022-10-08,B,1225
5393,18605,2023-04-25,A,1445
5394,18615,2025-06-08,C,79
5395,18618,2025-06-06,A,786
5396,18625,2023-07-19,A,1991
5397,18626,2022-07-27,C,1249
5398,18627,2023-10-20,A,944
5399,18628,2024-02-08,A,504
5400,18630,2022-05-11,C,822
5401,18638,2025-04-20,A,291
5402,18643,2023-08-14,A,1267
5403,18644,2022-10-26,A,1987
5404,18646,2024-12-30,A,680
5405,18651,2022-12-31,A,246
5406,18652,2025-05-17,A,1538
5407,18654,2024-05-02,C,1299
5408,18655,2023-02-23,C,1867
5409,18660,2023-07-28,A,655
5410,18664,2023-04-29,A,587
5411,18666,2023-07-19,A,546
5412,18672,2025-06-04,A,229
5413,18673,2025-01-02,A,579
5414,18676,2024-11-25,A,730
5415,18677,2023-02-05,B,1070
5416,18685,2025-04-26,A,662
5417,18688,2024-09-13,A,1457
5418,18691,2024-05-18,A,440
5419,18693,2023-07-19,A,439
5420,18694,2025-02-28,A,1567
5421,18698,2023-01-15,C,864
5422,18701,2023-02-14,A,1042
5423,18702,2022-09-14,A,670
5424,18706,2025-03-23,B,1160
5425,18718,2024-12-14,A,216
5426,18720,2024-01-27,A,1219
5427,18721,2023-05-23,A,1200
5428,18723,2023-10-09,A,653
5429,18724,2022-12-02,A,1442
5430,18728,2022-11-17,B,490
5431,18732,2023-12-27,A,652
5432,18736,2024-11-08,A,976
5433,18737,2024-09-11,A,1583
5434,18740,2022-06-16,C,301
5435,18741,2023-03-12,A,198
5436,18742,2024-02-16,A,1237
5437,18749,2022-11-27,C,1241
5438,18752,2022-08-18,A,1346
5439,18756,2022-09-13,A,1705
5440,18757,2022-09-06,A,1220
5441,18758,2025-02-24,C,865
5442,18759,2023-07-25,B,575
5443,18764,2024-06-05,A,292
5444,18770,2024-04-22,A,267
5445,18771,2025-08-17,A,59
5446,18773,2024-08-26,B,1977
5447,18781,2024-03-08,C,1723
5448,18783,2023-11-23,A,1578
5449,18793,2024-12-02,C,1177
5450,18795,2023-01-27,C,1551
5451,18796,2024-03-27,A,740
5452,18800,2024-02-09,A,1401
5453,18803,2024-05-20,A,824
5454,18807,2025-05-26,A,139
5455,18809,2024-11-14,C,394
5456,18810,2023-04-25,A,316
5457,18814,2023-01-17,A,2
5458,18819,2023-02-01,A,1941
5459,18825,2024-07-07,A,1762
5460,18830,2023-01-11,B,1665
5461,18834,2024-10-07,A,1224
5462,18835,2025-09-05,A,1889
5463,18839,2022-11-03,A,1669
5464,18844,2024-03-27,A,873
5465,18853,2025-07-26,A,1925
5466,18856,2022-11-20,A,392
5467,18858,2022-12-30,A,1315
5468,18859,2022-09-18,A,1546
5469,18862,2022-09-14,A,1185
5470,18865,2025-03-23,A,537
5471,18871,2023-02-01,B,1778
5472,18875,2022-10-03,A,125
5473,18879,2023-10-18,A,1554
5474,18880,2023-01-29,A,718
5475,18881,2025-02-27,C,519
5476,18887,2024-10-31,A,1736
5477,18888,2023-07-09,A,1303
5478,18891,2024-03-10,A,176
5479,18900,2023-06-05,A,155
5480,18901,2023-06-07,A,1516
5481,18902,2023-08-07,A,954
5482,18905,2024-03-19,A,903
5483,18906,2023-07-20,A,534
5484,18911,2022-09-23,A,1542
5485,18913,2023-04-07,A,2
5486,18915,2024-01-17,C,1128
5487,18916,2024-07-26,A,683
5488,18919,2024-03-14,C,266
5489,18928,2024-12-01,A,1467
5490,18931,2024-03-16,A,39
5491,18932,2024-09-09,A,1843
5492,18934,2024-11-05,A,1827
5493,18935,2025-01-30,C,723
5494,18938,2023-01-16,C,504
5495,18943,2025-04-04,A,1072
5496,18948,2023-04-24,A,1435
5497,18955,2024-08-24,C,1992
5498,18956,2022-09-14,B,619
5499,18959,2023-01-20,A,1007
5500,18960,2023-03-07,A,685
5501,18963,2022-06-11,A,1777
5502,18970,2023-10-15,A,1329
5503,18977,2023-09-09,A,1113
5504,18978,2025-10-30,C,56
5505,18990,2024-11-25,C,1407
5506,18991,2023-04-24,A,673
5507,18992,2023-11-11,A,1917
5508,18993,2023-09-11,A,1212
5509,18994,2023-11-14,C,715
5510,18998,2024-04-11,B,1624
5511,18999,2024-11-14,A,1558
5512,19000,2023-12-26,A,266
5513,19006,2023-10-22,A,1598
5514,19009,2024-01-25,A,38
5515,19012,2023-09-12,A,279
5516,19016,2023-08-09,B,1155
5517,19017,2024-10-10,A,1103
5518,19021,2023-11-06,C,1060
5519,19023,2024-05-08,A,417
5520,19026,2024-01-21,A,803
5521,19033,2024-07-03,A,715
5522,19035,2024-04-30,A,1105
5523,19039,2024-12-01,A,1870
5524,19041,2024-01-24,C,1447
5525,19042,2022-12-15,C,1070
5526,19043,2023-06-04,C,153
5527,19046,2023-09-07,A,506
5528,19051,2022-09-02,A,1788
5529,19053,2025-02-06,A,876
5530,19054,2022-08-26,A,366
5531,19065,2022-06-03,A,1195
5532,19070,2025-07-11,A,219
5533,19075,2025-05-05,A,1022
5534,19083,2023-04-29,A,1305
5535,19084,2022-10-29,C,510
5536,19085,2022-08-29,C,784
5537,19093,2024-10-09,B,1572
5538,19101,2025-01-08,A,851
5539,19103,2023-07-26,C,615
5540,19104,2022-10-19,A,1533
5541,19105,2024-09-05,A,37
5542,19108,2023-11-25,A,322
5543,19112,2023-08-17,B,1505
5544,19113,2022-09-18,A,1382
5545,19114,2022-07-06,B,374
5546,19116,2022-10-12,B,1541
5547,19122,2024-04-30,C,426
5548,19123,2023-01-11,B,600
5549,19126,2024-08-11,A,1550
5550,19131,2022-10-01,A,712
5551,19134,2025-02-05,A,189
5552,19140,2023-12-24,A,1831
5553,19145,2025-02-06,A,1422
5554,19148,2022-09-12,A,231
5555,19154,2023-09-26,B,721
5556,19155,2024-05-25,A,694
5557,19164,2023-08-30,A,1607
5558,19168,2023-11-13,A,583
5559,19169,2025-01-17,A,1066
5560,19175,2023-05-13,A,1392
5561,19177,2024-09-11,A,1436
5562,19179,2025-06-16,A,1607
5563,19182,2025-05-06,B,821
5564,19183,2024-05-09,A,1839
5565,19184,2024-08-11,C,795
5566,19186,2024-12-07,A,1743
5567,19192,2023-11-27,A,1382
5568,19193,2024-06-15,C,1442
5569,19194,2024-12-27,A,1009
5570,19195,2023-08-01,A,1487
5571,19201,2025-08-09,C,849
5572,19202,2023-03-11,A,689
5573,19204,2023-11-09,A,764
5574,19205,2025-04-22,A,1087
5575,19212,2024-06-22,A,1347
5576,19213,2023-06-29,A,1016
5577,19217,2025-07-14,C,835
5578,19222,2025-06-11,A,933
5579,19226,2023-01-08,A,769
5580,19231,2024-03-10,B,645
5581,19233,2024-01-05,C,413
5582,19238,2024-04-04,C,447
5583,19243,2025-06-04,A,497
5584,19251,2023-04-07,C,1359
5585,19252,2024-05-05,A,294
5586,19264,2024-06-17,B,1598
5587,19270,2024-06-11,B,750
5588,19272,2023-12-13,A,1906
5589,19273,2024-06-11,C,95
5590,19274,2023-01-21,A,426
5591,19278,2024-02-14,A,178
5592,19282,2024-12-08,C,1024
5593,19285,2024-08-10,A,127
5594,19289,2023-12-26,A,1346
5595,19290,2025-04-03,A,1734
5596,19296,2022-06-19,A,1729
5597,19304,2024-07-14,A,1205
5598,19309,2025-03-07,B,1048
5599,19313,2024-07-09,B,1277
5600,19318,2024-02-09,A,913
5601,19319,2024-05-17,A,254
5602,19320,2025-03-08,C,44
5603,19328,2023-06-28,A,655
5604,19330,2024-01-25,A,537
5605,19331,2023-12-07,C,690
5606,19336,2023-09-24,A,1853
5607,19339,2024-08-08,A,276
5608,19340,2023-01-14,C,238
5609,19342,2022-09-24,A,1016
5610,19345,2023-09-03,C,1010
5611,19351,2024-09-04,B,76
5612,19352,2024-01-17,A,223
5613,19353,2024-11-19,B,1735
5614,19354,2022-07-08,A,879
5615,19357,2024-02-03,C,1561
5616,19359,2024-07-08,C,726
5617,19361,2022-11-09,A,851
5618,19364,2025-01-25,B,533
5619,19365,2025-06-02,A,261
5620,19372,2025-05-26,B,1534
5621,19375,2025-04-23,A,1031
5622,19377,2024-01-31,A,1380
5623,19380,2023-03-05,A,1457
5624,19382,2025-04-20,A,333
5625,19388,2023-05-17,A,219
5626,19392,2023-02-16,B,1203
5627,19394,2022-05-17,C,1098
5628,19410,2023-04-06,A,136
5629,19415,2022-07-13,A,200
5630,19417,2024-05-29,C,1247
5631,19422,2025-01-31,A,1448
5632,19425,2024-12-26,A,766
5633,19426,2024-07-21,A,308
5634,19432,2023-06-18,A,1039
5635,19433,2024-05-06,A,35
5636,19434,2023-08-23,A,320
5637,19436,2024-11-16,A,432
5638,19442,2022-11-15,B,981
5639,19443,2023-09-04,A,1683
5640,19446,2024-12-14,A,1467
5641,19451,2023-08-16,A,911
5642,19453,2023-03-13,A,1362
5643,19456,2024-05-08,A,608
5644,19458,2022-09-08,A,963
5645,19460,2024-11-08,A,956
5646,19462,2022-08-14,C,1702
5647,19467,2025-02-28,A,705
5648,19471,2024-01-15,A,633
5649,19480,2022-07-05,A,466
5650,19482,2022-10-12,A,341
5651,19484,2023-10-20,B,103
5652,19489,2023-08-21,A,1502
5653,19491,2023-05-09,A,1363
5654,19492,2024-01-27,A,156
5655,19496,2023-10-02,A,873
5656,19501,2023-03-04,A,461
5657,19503,2023-11-17,B,568
5658,19506,2024-10-15,C,956
5659,19508,2022-11-01,A,1257
5660,19519,2025-01-23,A,1023
5661,19523,2023-05-04,C,536
5662,19524,2025-01-28,A,451
5663,19526,2023-10-30,A,504
5664,19528,2022-10-03,A,39
5665,19532,2024-01-18,C,334
5666,19533,2022-04-22,A,1579
5667,19534,2024-07-30,A,1569
5668,19535,2023-07-11,B,1557
5669,19537,2022-08-16,C,1235
5670,19539,2025-02-22,B,768
5671,19540,2024-11-06,C,1458
5672,19543,2022-11-09,A,1572
5673,19545,2024-02-07,A,142
5674,19550,2022-10-14,A,1931
5675,19551,2022-08-02,C,547
5676,19552,2023-07-16,A,985
5677,19557,2024-08-06,A,849
5678,19558,2023-12-19,A,33
5679,19559,2022-11-15,A,932
5680,19560,2025-03-01,A,1877
5681,19562,2025-05-25,A,174
5682,19563,2023-03-05,A,134
5683,19565,2022-10-23,A,1301
5684,19567,2024-09-07,A,1283
5685,19569,2022-07-15,A,1575
5686,19572,2024-08-02,A,634
5687,19574,2024-04-30,A,1488
5688,19579,2024-05-03,A,1010
5689,19584,2023-01-23,C,578
5690,19592,2022-05-26,A,642
5691,19595,2025-01-09,C,1732
5692,19598,2024-03-01,A,763
5693,19599,2023-11-21,A,1623
5694,19602,2024-07-01,A,924
5695,19603,2024-09-01,A,1473
5696,19604,2023-01-28,C,1315
5697,19606,2024-12-31,A,1291
5698,19608,2023-08-17,B,540
5699,19611,2023-03-09,A,147
5700,19614,2024-05-06,A,202
5701,19616,2024-06-27,A,40
5702,19622,2023-11-04,A,1707
5703,19623,2022-06-09,A,1865
5704,19626,2024-04-13,A,224
5705,19628,2023-05-03,A,1852
5706,19630,2022-11-06,A,549
5707,19633,2023-03-23,B,860
5708,19641,2022-04-02,A,1283
5709,19643,2023-03-07,A,317
5710,19644,2024-03-03,A,739
5711,19646,2024-07-09,A,1180
5712,19652,2024-08-10,A,1984
5713,19654,2023-11-02,A,646
5714,19656,2024-09-10,C,1083
5715,19658,2023-03-11,C,993
5716,19660,2024-01-20,C,967
5717,19663,2022-10-21,A,220
5718,19664,2023-03-16,C,166
5719,19666,2022-10-24,A,1790
5720,19668,2023-07-25,C,1534
5721,19669,2024-09-03,A,309
5722,19674,2025-03-30,A,1846
5723,19681,2025-02-22,A,428
5724,19682,2024-09-12,A,1652
5725,19683,2023-04-13,A,1253
5726,19685,2025-02-18,A,1789
5727,19687,2024-03-17,B,1960
5728,19688,2023-04-15,A,1462
5729,19689,2023-12-06,A,535
5730,19690,2023-04-26,A,1431
5731,19692,2025-05-31,A,1186
5732,19695,2023-04-06,A,819
5733,19696,2023-05-06,A,504
5734,19698,2025-05-31,A,763
5735,19699,2023-04-13,A,92
5736,19701,2024-04-18,A,1446
5737,19702,2022-05-08,A,700
5738,19708,2023-06-15,A,1060
5739,19711,2022-07-29,A,1892
5740,19712,2024-07-06,C,120
5741,19717,2023-08-25,A,1776
5742,19721,2025-06-25,A,1940
5743,19725,2023-06-02,B,1336
5744,19728,2025-05-30,A,722
5745,19729,2023-11-07,C,1288
5746,19730,2023-01-24,A,1317
5747,19733,2025-07-23,A,1996
5748,19736,2023-10-26,A,1756
5749,19737,2024-09-16,C,1300
5750,19740,2023-12-21,A,175
5751,19741,2025-01-22,A,1884
5752,19745,2024-11-27,A,972
5753,19748,2023-07-13,A,1467
5754,19750,2023-05-08,B,1411
5755,19755,2022-07-30,A,1958
5756,19756,2023-12-12,A,878
5757,19763,2024-09-22,C,1991
5758,19767,2024-11-13,A,509
5759,19778,2024-08-07,B,1142
5760,19779,2025-02-08,A,569
5761,19780,2022-09-02,A,1779
5762,19785,2024-06-15,A,243
5763,19786,2025-03-06,C,510
5764,19791,2024-08-13,A,1418
5765,19792,2023-06-04,A,454
5766,19794,2024-01-27,C,438
5767,19798,2022-09-07,B,826
5768,19801,2025-03-26,A,848
5769,19804,2023-11-24,A,1606
5770,19808,2023-08-09,A,888
5771,19809,2024-05-19,C,1768
5772,19815,2023-11-04,A,213
5773,19817,2023-12-14,B,123
5774,19821,2023-06-11,B,1721
5775,19823,2025-03-27,B,1206
5776,19825,2024-05-18,A,980
5777,19828,2023-04-04,A,48
5778,19831,2024-10-29,C,1025
5779,19832,2023-04-29,A,248
5780,19837,2022-12-08,A,936
5781,19844,2024-06-14,A,583
5782,19847,2024-09-28,A,1462
5783,19855,2025-05-27,A,534
5784,19857,2023-03-27,B,102
5785,19860,2025-02-23,B,1800
5786,19862,2022-09-12,A,446
5787,19866,2024-01-01,A,1643
5788,19872,2023-03-28,A,827
5789,19880,2022-12-02,C,314
5790,19881,2024-02-16,A,1565
5791,19884,2024-02-20,A,1200
5792,19890,2023-05-14,A,905
5793,19892,2025-10-23,B,2
5794,19898,2023-02-08,A,1927
5795,19903,2025-06-05,A,153
5796,19906,2025-04-22,A,173
5797,19907,2023-12-18,A,1674
5798,19910,2024-06-25,A,1956
5799,19911,2024-02-19,A,757
5800,19919,2024-04-05,A,978
5801,19921,2023-07-30,A,1761
5802,19923,2024-12-02,C,212
5803,19927,2025-08-09,A,1838
5804,19934,2022-07-07,A,747
5805,19940,2023-06-10,A,1761
5806,19941,2025-05-14,A,311
5807,19944,2025-04-27,A,92
5808,19945,2025-07-17,A,1236
5809,19946,2023-04-04,A,1448
5810,19947,2024-11-19,A,1158
5811,19948,2025-03-07,A,8
5812,19953,2023-08-08,A,663
5813,19954,2024-05-14,C,210
5814,19959,2022-11-27,A,1038
5815,19963,2024-01-17,A,1710
5816,19973,2024-02-24,A,582
5817,19976,2022-12-22,A,1833
5818,19979,2022-12-10,B,1018
5819,19982,2022-11-25,A,587
5820,19986,2022-07-31,B,1581
5821,19994,2022-06-15,A,1663
5822,20001,2025-05-06,B,44
5823,20004,2024-03-19,A,666
5824,20006,2024-08-05,A,1426
5825,20007,2023-02-23,B,462
5826,20013,2022-08-13,A,98
5827,20015,2023-07-13,B,1950
5828,20018,2023-02-11,A,1899
5829,20021,2024-07-02,A,961
5830,20026,2023-10-30,A,1078
5831,20034,2025-03-06,A,1425
5832,20041,2024-01-29,A,1563
5833,20049,2022-09-01,A,984
5834,20053,2025-04-21,A,467
5835,20054,2025-08-02,A,1617
5836,20056,2023-08-28,B,1520
5837,20057,2022-10-08,C,1434
5838,20059,2023-07-25,A,954
5839,20060,2023-11-20,A,1773
5840,20061,2025-01-06,C,298
5841,20062,2024-12-07,A,1609
5842,20065,2024-08-21,B,521
5843,20067,2022-11-23,A,1509
5844,20068,2025-02-26,A,1173
5845,20071,2023-06-20,A,617
5846,20072,2024-09-05,A,1598
5847,20073,2024-01-03,C,1056
5848,20075,2023-03-05,A,253
5849,20076,2022-06-19,C,888
5850,20082,2022-10-29,A,496
5851,20086,2023-04-04,A,576
5852,20088,2025-06-13,A,1688
5853,20092,2024-02-22,B,1827
5854,20093,2024-03-28,A,527
5855,20097,2022-08-25,A,152
5856,20100,2022-12-27,A,836
5857,20101,2022-08-24,C,348
5858,20103,2024-07-03,A,1246
5859,20108,2024-10-18,B,1137
5860,20111,2023-11-08,A,132
5861,20123,2022-10-20,A,1147
5862,20124,2024-07-31,C,650
5863,20125,2024-03-18,A,651
5864,20131,2023-12-14,A,1067
5865,20133,2022-09-04,A,848
5866,20136,2025-02-27,A,1175
5867,20138,2023-03-16,A,1445
5868,20141,2024-03-09,C,1094
5869,20143,2025-04-16,B,1365
5870,20149,2022-11-18,A,650
5871,20151,2022-09-10,A,330
5872,20152,2024-12-11,C,563
5873,20162,2022-10-21,A,986
5874,20164,2022-07-14,C,1078
5875,20165,2024-12-22,A,1119
5876,20168,2025-02-03,A,927
5877,20176,2025-01-19,A,469
5878,20178,2024-02-08,A,1091
5879,20179,2022-06-04,B,396
5880,20180,2024-11-17,A,950
5881,20184,2024-08-04,A,949
5882,20193,2022-05-17,B,1795
5883,20199,2025-04-28,B,1002
5884,20201,2023-03-10,C,1165
5885,20206,2022-09-20,A,1321
5886,20207,2022-10-20,A,802
5887,20208,2023-06-11,A,1127
5888,20209,2024-02-23,A,696
5889,20212,2024-06-19,B,1070
5890,20215,2023-03-27,A,1424
5891,20216,2023-11-06,C,1294
5892,20219,2024-09-12,A,587
5893,20220,2025-01-17,A,1835
5894,20221,2024-01-11,A,1213
5895,20223,2022-11-06,B,639
5896,20224,2023-08-20,A,1435
5897,20226,2024-02-20,A,795
5898,20227,2023-02-24,A,1627
5899,20230,2024-03-28,B,292
5900,20232,2022-12-30,B,1276
5901,20233,2022-09-06,A,1953
5902,20235,2022-07-20,C,334
5903,20243,2023-03-20,C,370
5904,20250,2024-04-28,A,1599
5905,20253,2023-04-12,C,456
5906,20256,2024-04-26,A,1427
5907,20257,2023-01-05,C,1643
5908,20259,2023-10-01,B,672
5909,20262,2023-06-18,C,1834
5910,20263,2023-10-28,A,605
5911,20264,2025-04-04,A,692
5912,20269,2022-11-19,A,749
5913,20273,2023-03-21,C,1095
5914,20280,2025-02-05,A,1888
5915,20281,2022-05-08,A,915
5916,20283,2023-09-23,C,1816
5917,20288,2023-07-25,A,1561
5918,20295,2025-03-21,C,1598
5919,20302,2025-04-09,A,772
5920,20315,2023-08-10,A,1077
5921,20317,2022-11-05,B,1468
5922,20319,2024-08-17,C,1167
5923,20326,2024-02-07,A,1129
5924,20327,2024-01-01,A,1952
5925,20331,2023-08-12,A,1639
5926,20333,2024-10-01,A,1846
5927,20338,2024-10-08,A,325
5928,20339,2024-02-09,A,1790
5929,20341,2023-06-05,A,1699
5930,20344,2023-06-09,A,1801
5931,20346,2022-11-01,C,670
5932,20349,2024-08-23,B,1616
5933,20356,2022-07-15,C,957
5934,20357,2022-12-21,B,641
5935,20361,2024-03-11,C,1195
5936,20369,2025-01-11,C,848
5937,20371,2024-11-20,A,535
5938,20372,2022-08-08,A,500
5939,20384,2023-10-29,A,1648
5940,20386,2023-07-12,A,659
5941,20387,2025-01-31,A,257
5942,20392,2025-03-09,C,1384
5943,20396,2023-06-21,B,1078
5944,20398,2023-02-27,B,914
5945,20399,2024-02-13,A,1360
5946,20400,2023-03-30,A,1435
5947,20404,2024-02-09,A,1543
5948,20405,2022-04-30,A,1238
5949,20411,2022-11-22,A,1720
5950,20419,2025-03-23,A,1199
5951,20421,2024-10-09,C,1253
5952,20426,2024-10-09,C,1120
5953,20429,2024-03-02,A,894
5954,20430,2023-03-15,A,1172
5955,20431,2023-01-09,C,440
5956,20432,2025-02-16,A,1996
5957,20434,2024-03-13,A,1902
5958,20439,2025-03-20,A,95
5959,20440,2023-07-04,C,288
5960,20450,2024-06-23,C,618
5961,20456,2024-12-30,A,462
5962,20458,2022-12-20,A,1715
5963,20459,2024-02-29,C,1269
5964,20461,2024-01-14,A,1056
5965,20466,2024-04-03,A,1752
5966,20468,2024-11-04,C,176
5967,20470,2022-05-05,A,1312
5968,20475,2024-12-19,A,771
5969,20476,2025-06-13,A,36
5970,20477,2024-08-14,A,868
5971,20484,2022-07-30,A,398
5972,20486,2025-04-16,C,1776
5973,20488,2024-05-11,B,1773
5974,20491,2024-01-21,A,849
5975,20494,2023-12-02,A,145
5976,20499,2023-11-15,B,264
5977,20505,2024-06-07,A,1398
5978,20513,2024-08-14,A,1200
5979,20517,2024-05-05,A,123
5980,20522,2024-04-19,A,1628
5981,20523,2023-01-28,A,1884
5982,20524,2022-11-09,A,769
5983,20528,2024-09-21,A,219
5984,20530,2022-08-30,A,467
5985,20541,2023-06-06,B,920
5986,20544,2025-01-13,A,1263
5987,20552,2024-12-10,C,1389
5988,20553,2025-02-16,A,1659
5989,20554,2022-11-15,A,1698
5990,20557,2024-06-28,B,1298
5991,20558,2025-03-29,B,1017
5992,20560,2022-12-10,A,1612
5993,20562,2023-11-03,A,379
5994,20563,2025-07-29,A,588
5995,20565,2024-02-14,A,1847
5996,20572,2023-02-27,A,1144
5997,20575,2025-01-16,A,643
5998,20577,2024-08-15,A,1735
5999,20582,2025-05-21,B,1942
6000,20586,2023-01-13,A,1909
6001,20588,2024-10-26,A,1290
6002,20589,2024-02-08,B,561
6003,20593,2024-01-13,A,245
6004,20596,2023-08-10,A,1575
6005,20597,2024-10-20,B,1068
6006,20598,2024-04-30,C,568
6007,20599,2024-04-05,C,1057
6008,20603,2024-07-03,B,1205
6009,20607,2023-06-07,A,1873
6010,20612,2023-01-28,A,223
6011,20626,2023-12-31,A,1047
6012,20628,2023-11-02,A,1247
6013,20629,2022-08-14,A,1145
6014,20630,2022-12-11,A,885
6015,20639,2025-04-24,A,1807
6016,20644,2022-05-13,B,1129
6017,20654,2023-10-22,C,102
6018,20655,2022-12-04,A,347
6019,20656,2024-08-25,A,1369
6020,20657,2024-07-27,A,870
6021,20660,2023-08-16,A,585
6022,20662,2023-02-17,A,1425
6023,20664,2025-05-23,A,617
6024,20672,2024-05-28,A,466
6025,20675,2022-10-12,B,1699
6026,20677,2023-02-26,A,899
6027,20688,2022-08-25,A,1162
6028,20690,2023-02-17,A,1896
6029,20691,2025-07-17,B,1355
6030,20698,2025-03-04,C,1926
6031,20701,2024-03-27,C,1598
6032,20702,2025-03-16,A,506
6033,20705,2023-10-25,A,996
6034,20708,2025-08-11,A,440
6035,20718,2023-04-27,A,426
6036,20720,2024-06-24,A,1483
6037,20723,2024-08-13,A,1013
6038,20727,2023-02-03,A,95
6039,20728,2025-05-04,B,651
6040,20730,2025-04-12,A,860
6041,20733,2023-06-24,A,1347
6042,20735,2024-05-02,A,1416
6043,20738,2023-05-17,A,429
6044,20739,2022-07-11,A,1355
6045,20741,2025-03-24,A,1879
6046,20742,2024-03-13,A,1895
6047,20746,2022-06-05,A,455
6048,20747,2023-04-07,A,234
6049,20750,2022-09-04,A,157
6050,20751,2024-03-25,A,1210
6051,20754,2023-06-13,C,1470
6052,20759,2024-09-05,A,1894
6053,20761,2022-11-10,A,92
6054,20762,2023-06-19,A,373
6055,20763,2024-05-28,A,439
6056,20765,2024-05-07,A,1067
6057,20766,2023-12-09,A,344
6058,20768,2023-10-18,B,533
6059,20772,2024-05-27,A,1593
6060,20779,2023-01-10,A,430
6061,20780,2024-07-17,A,1860
6062,20781,2023-08-09,A,1272
6063,20783,2023-04-30,A,1009
6064,20784,2023-05-07,A,1735
6065,20790,2024-06-01,C,1009
6066,20791,2023-10-12,A,1586
6067,20797,2024-01-24,A,1427
6068,20799,2024-08-06,A,609
6069,20801,2024-09-23,C,1110
6070,20802,2025-01-17,A,175
6071,20803,2024-02-08,A,146
6072,20804,2024-03-28,C,1820
6073,20808,2025-02-01,B,78
6074,20809,2022-07-07,C,99
6075,20813,2023-08-05,C,1587
6076,20814,2024-08-20,A,1569
6077,20818,2023-11-02,A,655
6078,20819,2025-01-03,B,501
6079,20823,2022-04-29,A,930
6080,20832,2024-08-25,A,678
6081,20835,2022-09-13,C,1058
6082,20837,2024-09-09,A,832
6083,20845,2023-06-30,C,1264
6084,20847,2024-12-04,A,401
6085,20850,2023-10-25,A,998
6086,20854,2024-05-19,A,1784
6087,20857,2025-01-21,A,1590
6088,20869,2022-12-18,B,288
6089,20872,2024-02-08,A,758
6090,20878,2023-02-10,B,78
6091,20879,2022-12-27,C,1964
6092,20881,2023-10-15,A,1106
6093,20885,2024-07-06,A,1875
6094,20887,2023-08-17,A,1416
6095,20888,2023-02-05,A,1940
6096,20890,2023-12-29,A,1291
6097,20891,2025-07-24,C,722
6098,20892,2025-04-24,A,813
6099,20893,2024-11-30,A,1734
6100,20894,2024-06-28,C,638
6101,20895,2024-03-09,C,860
6102,20896,2025-11-13,A,39
6103,20898,2024-08-13,A,172
6104,20904,2023-09-29,A,1777
6105,20908,2022-12-13,C,1164
6106,20912,2024-05-02,C,1171
6107,20914,2023-10-29,A,356
6108,20915,2023-10-29,A,1148
6109,20918,2024-01-29,A,924
6110,20920,2023-11-12,B,66
6111,20924,2023-09-27,A,1626
6112,20933,2022-10-22,A,1725
6113,20943,2023-11-15,A,543
6114,20948,2023-04-12,A,894
6115,20952,2023-08-20,A,1876
6116,20953,2024-11-22,A,1696
6117,20956,2025-07-10,C,1517
6118,20958,2025-04-02,A,1667
6119,20964,2025-05-08,A,1046
6120,20966,2023-07-01,A,569
6121,20973,2023-10-01,A,338
6122,20976,2023-08-13,A,1589
6123,20977,2022-11-22,C,1907
6124,20979,2024-04-26,A,1895
6125,20981,2025-01-09,A,1478
6126,20982,2022-06-15,B,685
6127,20989,2024-04-02,C,1025
6128,20995,2024-05-23,A,207
6129,20996,2023-07-18,A,309
6130,21000,2022-10-14,B,1278
6131,21009,2022-11-26,B,440
6132,21010,2025-04-10,B,1547
6133,21012,2023-08-28,A,1130
6134,21015,2023-08-26,A,1078
6135,21018,2024-05-21,A,1637
6136,21020,2023-12-09,A,121
6137,21024,2024-02-08,B,116
6138,21029,2022-12-24,A,1038
6139,21031,2025-05-13,A,1448
6140,21034,2022-12-28,A,1078
6141,21038,2022-10-17,B,1902
6142,21039,2025-03-29,A,1885
6143,21040,2024-10-24,B,167
6144,21043,2024-01-26,A,1900
6145,21046,2025-05-14,A,553
6146,21047,2024-10-07,B,514
6147,21048,2023-08-30,A,394
6148,21052,2022-10-06,A,957
6149,21059,2025-06-23,A,1037
6150,21061,2025-04-25,A,1404
6151,21062,2022-08-01,A,211
6152,21066,2024-06-15,B,798
6153,21067,2023-12-13,A,1392
6154,21070,2023-07-10,A,1464
6155,21073,2024-07-07,A,1066
6156,21088,2023-08-05,C,1243
6157,21089,2023-04-30,A,762
6158,21097,2024-07-15,C,1291
6159,21098,2022-07-15,A,1162
6160,21105,2024-05-30,A,883
6161,21107,2022-12-04,A,355
6162,21108,2023-06-29,A,932
6163,21110,2023-10-26,A,934
6164,21113,2024-12-19,A,1085
6165,21115,2023-04-15,A,1387
6166,21116,2024-08-10,B,373
6167,21120,2023-04-20,A,642
6168,21123,2022-09-29,A,131
6169,21124,2022-12-10,C,521
6170,21130,2024-01-01,B,1243
6171,21135,2024-05-07,A,939
6172,21136,2024-11-30,A,596
6173,21145,2024-05-05,A,503
6174,21146,2025-08-04,C,705
6175,21147,2023-03-08,A,1699
6176,21148,2025-08-24,A,1320
6177,21153,2023-01-02,A,1006
6178,21155,2023-02-14,A,733
6179,21156,2022-12-12,A,508
6180,21163,2023-08-15,A,327
6181,21164,2024-04-23,B,1449
6182,21166,2023-09-22,A,1826
6183,21170,2023-02-11,C,1074
6184,21176,2024-06-02,A,210
6185,21179,2024-12-09,A,1081
6186,21185,2023-12-20,C,949
6187,21187,2022-06-08,B,1891
6188,21188,2025-03-31,A,1778
6189,21189,2023-01-21,C,16
6190,21196,2024-10-16,C,1483
6191,21197,2024-08-28,A,1308
6192,21202,2022-10-31,C,506
6193,21206,2024-06-26,B,1005
6194,21207,2024-07-29,C,1475
6195,21208,2023-02-26,A,1070
6196,21211,2023-03-20,A,688
6197,21213,2023-07-19,A,354
6198,21216,2025-02-23,C,1366
6199,21219,2024-02-07,A,111
6200,21220,2024-03-14,A,1199
6201,21233,2023-02-02,A,1706
6202,21235,2023-04-17,C,1707
6203,21242,2023-07-02,A,652
6204,21247,2023-07-18,A,469
6205,21248,2025-04-07,A,520
6206,21249,2023-11-14,A,450
6207,21250,2024-03-15,C,871
6208,21253,2023-09-28,A,145
6209,21256,2025-03-29,A,355
6210,21257,2024-01-24,A,543
6211,21259,2024-03-14,A,1113
6212,21261,2022-08-16,A,534
6213,21263,2024-04-13,A,279
6214,21266,2024-04-27,C,1279
6215,21268,2022-07-11,C,710
6216,21275,2023-05-17,A,554
6217,21276,2022-12-09,A,1933
6218,21277,2023-04-02,A,1799
6219,21278,2024-08-26,A,477
6220,21282,2023-04-30,A,1179
6221,21283,2023-02-20,A,1416
6222,21286,2023-08-20,C,184
6223,21291,2023-07-17,A,1317
6224,21292,2024-07-08,B,1716
6225,21295,2024-03-13,A,1082
6226,21297,2025-08-18,C,1533
6227,21301,2024-11-25,C,1452
6228,21302,2025-02-15,C,687
6229,21303,2023-08-16,A,697
6230,21307,2022-08-25,A,305
6231,21309,2024-09-12,B,734
6232,21310,2023-06-06,C,112
6233,21311,2022-10-01,C,1034
6234,21315,2023-11-13,C,380
6235,21321,2025-09-08,C,357
6236,21329,2023-01-20,C,207
6237,21330,2024-11-08,A,926
6238,21332,2024-09-17,A,725
6239,21333,2025-06-09,C,918
6240,21334,2023-03-05,C,87
6241,21340,2025-04-04,A,1314
6242,21342,2023-08-07,A,236
6243,21348,2023-10-29,B,809
6244,21349,2023-12-02,A,1855
6245,21350,2024-06-15,C,194
6246,21360,2024-08-01,C,1876
6247,21362,2022-10-14,A,1196
6248,21363,2022-11-08,A,1074
6249,21365,2022-11-27,A,1834
6250,21367,2023-03-27,A,883
6251,21368,2023-06-15,A,455
6252,21369,2023-07-31,A,1308
6253,21371,2023-09-11,A,1122
6254,21372,2023-07-17,B,1319
6255,21375,2022-11-24,A,652
6256,21376,2022-11-26,A,467
6257,21380,2024-11-29,A,1024
6258,21383,2024-08-15,A,526
6259,21387,2023-06-07,C,93
6260,21397,2024-11-07,A,1205
6261,21399,2023-02-16,A,8
6262,21403,2024-03-27,C,1857
6263,21404,2023-09-30,A,620
6264,21407,2023-09-24,A,1193
6265,21408,2024-09-08,A,1100
6266,21409,2024-07-10,A,1352
6267,21411,2023-07-15,B,409
6268,21413,2024-03-02,A,705
6269,21414,2023-12-09,A,758
6270,21415,2024-09-16,A,475
6271,21421,2024-03-26,A,10
6272,21426,2022-11-05,A,79
6273,21429,2022-12-09,A,1358
6274,21430,2024-11-05,C,563
6275,21432,2022-09-23,A,1660
6276,21433,2023-08-19,A,1686
6277,21435,2022-08-25,A,777
6278,21436,2023-03-21,A,501
6279,21445,2023-10-12,C,1950
6280,21447,2022-07-16,C,1412
6281,21451,2022-12-11,C,568
6282,21458,2023-06-28,C,1568
6283,21459,2024-09-27,A,686
6284,21462,2024-04-28,C,94
6285,21464,2024-03-14,A,1569
6286,21465,2025-01-27,A,556
6287,21467,2022-12-21,A,1521
6288,21475,2022-12-07,B,1228
6289,21481,2023-03-11,B,455
6290,21484,2023-01-22,A,563
6291,21486,2023-02-03,C,1357
6292,21488,2024-12-08,C,1321
6293,21493,2023-02-23,A,1596
6294,21497,2024-03-16,A,1778
6295,21503,2025-03-23,A,1519
6296,21509,2024-07-23,A,1760
6297,21513,2025-02-24,A,879
6298,21516,2023-08-24,A,172
6299,21520,2023-06-20,A,606
6300,21521,2022-11-16,A,886
6301,21523,2023-10-10,A,608
6302,21524,2024-01-21,A,1622
6303,21529,2023-10-21,C,1202
6304,21535,2023-02-28,C,1635
6305,21536,2022-09-10,A,871
6306,21538,2023-12-01,C,1948
6307,21539,2022-09-18,A,597
6308,21540,2024-06-21,B,931
6309,21541,2022-08-02,A,705
6310,21542,2023-07-05,A,5
6311,21544,2024-10-25,A,1377
6312,21547,2025-05-05,A,212
6313,21549,2024-07-06,A,758
6314,21555,2023-09-14,A,416
6315,21556,2022-11-11,A,1543
6316,21565,2023-11-22,C,388
6317,21566,2023-05-01,B,1412
6318,21574,2023-03-02,C,1588
6319,21575,2023-07-24,A,320
6320,21577,2023-07-26,A,736
6321,21578,2022-08-31,C,1742
6322,21579,2023-07-06,A,323
6323,21580,2025-05-18,B,1148
6324,21586,2022-12-14,A,459
6325,21592,2022-11-06,A,659
6326,21594,2023-11-20,C,660
6327,21595,2024-01-11,C,1773
6328,21598,2025-03-25,A,963
6329,21605,2025-06-28,A,1751
6330,21609,2023-02-28,A,1776
6331,21612,2025-03-05,C,770
6332,21616,2024-11-02,C,1240
6333,21618,2023-06-30,A,1494
6334,21619,2024-07-15,A,942
6335,21621,2024-10-13,C,640
6336,21622,2023-06-20,A,1784
6337,21624,2022-07-31,A,8
6338,21626,2025-04-19,C,114
6339,21629,2023-11-23,C,1727
6340,21630,2025-04-30,A,151
6341,21632,2024-06-01,C,1091
6342,21634,2024-05-12,C,1625
6343,21635,2023-07-13,A,1721
6344,21640,2023-03-21,B,877
6345,21642,2023-11-22,A,1451
6346,21646,2024-01-30,C,1230
6347,21647,2022-12-13,B,1926
6348,21649,2023-12-14,A,1186
6349,21652,2025-01-15,A,325
6350,21653,2022-11-18,A,96
6351,21655,2023-04-04,A,1130
6352,21660,2024-01-13,A,374
6353,21661,2024-03-23,A,1008
6354,21662,2022-07-14,A,1206
6355,21663,2022-07-13,A,861
6356,21666,2025-03-14,A,1435
6357,21669,2023-03-21,B,3
6358,21670,2024-09-04,A,1171
6359,21672,2025-01-20,C,1172
6360,21673,2024-11-03,C,783
6361,21674,2023-09-01,A,1300
6362,21679,2022-09-27,A,1808
6363,21687,2024-04-29,B,1866
6364,21699,2023-10-09,A,1177
6365,21703,2023-11-26,B,1957
6366,21704,2025-02-06,A,649
6367,21705,2025-05-01,A,1930
6368,21706,2023-11-16,C,1434
6369,21707,2024-04-20,A,397
6370,21709,2022-10-19,A,1685
6371,21710,2025-03-31,C,218
6372,21711,2023-11-23,B,1719
6373,21722,2024-04-04,C,649
6374,21727,2023-03-13,A,504
6375,21730,2024-02-15,A,831
6376,21732,2025-02-09,A,758
6377,21734,2022-08-24,C,1749
6378,21736,2025-11-02,A,1190
6379,21748,2024-12-07,C,248
6380,21749,2023-05-16,A,1080
6381,21752,2025-01-23,C,1856
6382,21756,2024-03-07,A,1477
6383,21757,2023-09-20,A,837
6384,21761,2023-09-13,A,1236
6385,21762,2023-03-31,A,1684
6386,21763,2023-11-20,A,1903
6387,21767,2024-02-15,A,1179
6388,21773,2024-11-24,A,1296
6389,21776,2023-06-09,C,255
6390,21781,2023-11-27,A,1423
6391,21786,2025-01-18,B,1396
6392,21789,2022-11-28,A,997
6393,21792,2022-07-11,A,978
6394,21801,2024-02-05,A,1525
6395,21806,2023-09-02,C,720
6396,21807,2023-03-12,A,1490
6397,21810,2022-10-31,A,1142
6398,21816,2023-10-15,A,248
6399,21819,2025-01-31,A,1936
6400,21822,2023-02-20,A,1854
6401,21824,2025-02-15,C,1031
6402,21828,2023-08-31,B,709
6403,21830,2024-06-17,A,1539
6404,21835,2025-06-05,C,1557
6405,21837,2024-12-11,A,270
6406,21839,2023-06-10,A,1905
6407,21842,2024-01-21,A,796
6408,21844,2024-10-26,C,1216
6409,21845,2024-12-08,A,300
6410,21856,2022-11-29,A,392
6411,21857,2024-06-01,A,1919
6412,21860,2024-02-12,C,1029
6413,21862,2024-12-02,A,1139
6414,21871,2025-02-08,A,563
6415,21872,2023-05-21,A,1943
6416,21873,2023-02-03,C,212
6417,21875,2024-06-04,C,840
6418,21884,2023-01-23,A,1003
6419,21885,2024-05-31,A,1689
6420,21888,2023-11-24,B,50
6421,21893,2022-06-25,A,1987
6422,21895,2023-12-16,A,800
6423,21896,2023-08-02,C,933
6424,21906,2024-12-14,A,340
6425,21910,2025-03-11,A,1851
6426,21914,2024-12-01,A,190
6427,21916,2024-02-23,A,938
6428,21919,2024-12-18,A,479
6429,21920,2025-01-05,A,1605
6430,21924,2023-07-26,C,901
6431,21925,2025-01-28,A,859
6432,21929,2025-01-11,A,1230
6433,21933,2022-08-26,B,1075
6434,21934,2024-05-09,C,17
6435,21937,2023-05-05,A,1870
6436,21938,2024-08-05,C,476
6437,21941,2024-06-17,C,628
6438,21943,2022-10-29,A,595
6439,21946,2023-11-22,A,124
6440,21949,2024-01-31,A,1739
6441,21951,2022-07-18,C,200
6442,21952,2024-03-24,A,347
6443,21959,2024-05-21,C,1203
6444,21961,2022-07-20,A,1508
6445,21977,2023-06-05,A,777
6446,21978,2024-12-24,A,1690
6447,21980,2024-03-25,A,1325
6448,21985,2024-11-19,C,1754
6449,21987,2025-05-14,A,397
6450,21989,2025-05-06,C,1269
6451,21990,2025-03-16,A,1126
6452,21993,2024-05-04,A,955
6453,21997,2023-04-18,A,785
6454,21999,2024-05-25,A,510
6455,22000,2023-12-15,A,847
6456,22002,2023-07-10,B,1427
6457,22003,2025-02-28,A,1128
6458,22005,2023-10-04,A,880
6459,22007,2024-01-22,A,65
6460,22008,2024-02-19,A,1985
6461,22012,2022-09-21,A,1886
6462,22015,2023-08-18,A,1101
6463,22022,2023-07-06,A,1103
6464,22023,2023-11-14,C,474
6465,22026,2024-12-02,C,1702
6466,22028,2025-04-29,C,1469
6467,22033,2023-11-17,A,1309
6468,22035,2023-07-14,B,213
6469,22036,2023-12-30,A,1485
6470,22038,2024-05-05,A,1177
6471,22039,2023-03-17,A,1883
6472,22041,2023-09-25,A,1491
6473,22051,2023-04-22,A,1826
6474,22054,2024-07-26,A,1211
6475,22056,2024-11-18,A,1038
6476,22061,2023-12-19,A,1641
6477,22063,2024-12-15,B,81
6478,22065,2024-11-21,A,262
6479,22066,2025-04-19,A,289
6480,22067,2022-05-09,B,821
6481,22069,2023-03-08,A,1258
6482,22080,2024-06-27,C,831
6483,22081,2024-11-17,C,1007
6484,22086,2023-10-23,A,1169
6485,22089,2023-02-14,A,1871
6486,22090,2025-04-14,A,1468
6487,22095,2023-01-11,C,1337
6488,22096,2024-11-17,A,24
6489,22097,2022-04-27,C,745
6490,22098,2023-09-28,C,1767
6491,22100,2024-04-11,C,520
6492,22102,2024-12-29,A,873
6493,22110,2022-05-31,A,1530
6494,22111,2024-02-05,A,1355
6495,22114,2022-08-04,C,912
6496,22115,2024-03-05,A,87
6497,22116,2025-01-03,A,1583
6498,22117,2025-07-25,A,470
6499,22120,2024-01-24,C,182
6500,22121,2024-11-09,C,605
6501,22126,2023-07-16,A,1678
6502,22135,2023-06-24,A,697
6503,22143,2024-11-30,A,518
6504,22150,2024-04-05,C,1256
6505,22154,2025-02-16,C,1525
6506,22167,2024-01-21,C,1341
6507,22172,2024-05-11,A,1875
6508,22173,2022-07-27,A,1776
6509,22174,2022-10-10,C,1703
6510,22175,2024-08-18,A,180
6511,22177,2022-09-30,A,1973
6512,22183,2022-10-14,C,1157
6513,22195,2024-12-22,A,1791
6514,22197,2024-07-03,A,1973
6515,22199,2022-12-31,A,75
6516,22200,2025-08-24,A,1128
6517,22203,2022-11-04,A,38
6518,22205,2023-02-01,A,1854
6519,22206,2023-06-08,A,694
6520,22209,2025-03-14,A,1893
6521,22212,2023-05-22,A,724
6522,22218,2025-05-21,C,1751
6523,22222,2024-09-21,A,348
6524,22223,2024-04-28,C,302
6525,22227,2024-02-20,C,1902
6526,22228,2023-03-13,A,961
6527,22237,2023-11-16,A,1401
6528,22238,2023-09-30,A,265
6529,22239,2025-10-13,A,1434
6530,22242,2024-10-14,C,1954
6531,22243,2024-12-26,A,849
6532,22247,2024-07-06,A,906
6533,22249,2023-05-24,A,177
6534,22252,2025-01-25,A,380
6535,22255,2025-11-17,C,619
6536,22256,2022-12-20,A,757
6537,22258,2024-12-28,A,1061
6538,22265,2022-08-13,A,1910
6539,22266,2022-09-28,A,1699
6540,22268,2025-06-01,B,827
6541,22271,2022-09-01,A,1321
6542,22275,2022-04-16,A,1800
6543,22277,2023-10-02,B,1839
6544,22278,2024-01-24,A,1600
6545,22279,2023-02-28,A,1807
6546,22281,2022-09-28,C,1770
6547,22287,2024-03-24,B,1799
6548,22288,2024-03-13,A,1132
6549,22291,2025-02-13,A,706
6550,22292,2024-02-25,A,960
6551,22295,2025-02-08,C,1084
6552,22300,2023-03-29,A,1238
6553,22301,2024-10-31,A,98
6554,22303,2023-05-09,A,1561
6555,22305,2024-01-28,A,1762
6556,22307,2022-11-05,B,756
6557,22309,2024-07-18,A,470
6558,22311,2023-02-14,A,1598
6559,22312,2024-02-10,A,1904
6560,22315,2022-10-09,A,1103
6561,22317,2024-11-18,A,582
6562,22318,2024-03-10,B,271
6563,22319,2024-07-09,B,611
6564,22320,2023-02-22,B,1082
6565,22333,2023-03-24,A,1382
6566,22335,2024-06-10,B,1995
6567,22343,2024-05-31,C,713
6568,22344,2023-04-06,B,884
6569,22347,2025-06-14,A,943
6570,22348,2022-08-16,A,935
6571,22349,2025-02-19,B,470
6572,22352,2024-11-09,A,831
6573,22353,2022-05-25,A,1701
6574,22355,2024-01-29,B,986
6575,22357,2023-06-06,A,1832
6576,22359,2025-04-28,A,787
6577,22362,2024-09-08,A,1500
6578,22365,2022-06-21,A,376
6579,22371,2025-03-22,A,1082
6580,22380,2023-03-13,A,1681
6581,22390,2022-12-26,A,313
6582,22397,2023-08-10,A,1421
6583,22404,2023-11-30,A,1046
6584,22406,2023-05-29,A,1440
6585,22408,2025-03-02,A,270
6586,22409,2023-02-25,A,1387
6587,22411,2024-11-26,C,223
6588,22415,2024-04-30,A,1683
6589,22416,2023-03-13,B,637
6590,22418,2023-06-06,A,1068
6591,22420,2023-03-04,C,1933
6592,22422,2024-06-22,C,1299
6593,22423,2023-03-04,A,581
6594,22424,2024-11-05,A,515
6595,22427,2024-02-20,A,1040
6596,22429,2025-01-07,A,1218
6597,22432,2024-04-29,A,979
6598,22435,2022-11-12,A,1563
6599,22437,2022-06-27,A,1832
6600,22438,2024-10-09,A,814
6601,22443,2024-09-24,C,1788
6602,22449,2024-02-14,A,756
6603,22453,2023-06-11,A,1793
6604,22454,2022-07-09,A,1591
6605,22461,2023-05-02,C,705
6606,22468,2024-12-11,A,870
6607,22471,2022-03-25,A,1378
6608,22473,2024-01-01,A,1762
6609,22474,2024-03-30,A,652
6610,22475,2023-05-28,A,866
6611,22479,2024-01-09,A,665
6612,22480,2025-03-07,A,999
6613,22490,2024-02-08,C,310
6614,22494,2022-08-05,A,1469
6615,22497,2022-06-25,A,1688
6616,22503,2024-11-29,A,23
6617,22504,2025-05-08,C,1729
6618,22505,2023-07-04,A,1314
6619,22508,2025-02-07,C,528
6620,22512,2023-03-22,A,1482
6621,22519,2023-02-12,C,1190
6622,22520,2024-04-08,A,300
6623,22521,2024-12-01,A,879
6624,22526,2024-06-30,A,198
6625,22531,2025-06-09,C,454
6626,22532,2023-12-27,A,234
6627,22533,2022-10-13,A,1922
6628,22535,2022-10-13,A,1362
6629,22537,2025-04-03,A,196
6630,22540,2023-10-13,A,245
6631,22545,2025-02-21,C,989
6632,22552,2024-11-14,A,145
6633,22564,2025-04-23,A,1025
6634,22579,2023-12-04,A,454
6635,22581,2023-04-11,A,1090
6636,22583,2024-01-04,A,1400
6637,22584,2024-05-24,A,1493
6638,22585,2024-06-14,A,930
6639,22587,2025-04-18,A,263
6640,22591,2023-07-12,A,497
6641,22592,2025-07-21,A,1344
6642,22593,2022-08-01,A,1494
6643,22594,2022-07-01,A,1634
6644,22601,2022-12-25,C,966
6645,22602,2024-07-19,A,517
6646,22604,2022-12-12,A,649
6647,22605,2022-09-07,A,570
6648,22606,2024-11-27,A,830
6649,22611,2025-10-29,A,1756
6650,22612,2023-07-27,A,1471
6651,22614,2024-03-27,C,280
6652,22619,2022-08-29,A,1627
6653,22620,2023-11-15,A,1987
6654,22621,2024-12-24,A,1349
6655,22629,2023-09-25,A,1029
6656,22630,2022-06-14,A,1590
6657,22631,2025-02-27,B,369
6658,22633,2024-12-14,A,33
6659,22636,2024-12-01,A,1766
6660,22642,2023-03-30,A,230
6661,22645,2024-09-14,A,179
6662,22653,2024-07-26,A,359
6663,22654,2024-10-09,A,1827
6664,22657,2023-03-19,A,1538
6665,22665,2024-02-08,A,983
6666,22669,2025-07-19,A,610
6667,22674,2024-08-27,C,648
6668,22676,2022-05-28,B,164
6669,22677,2023-04-10,C,1995
6670,22681,2024-10-06,C,780
6671,22687,2023-07-08,A,1316
6672,22691,2025-01-10,A,859
6673,22692,2022-06-01,B,1473
6674,22693,2023-04-18,A,526
6675,22697,2023-03-19,A,1533
6676,22705,2024-04-12,C,99
6677,22706,2024-01-31,A,179
6678,22708,2023-04-21,A,1468
6679,22712,2022-09-13,C,134
6680,22722,2023-09-11,A,1029
6681,22723,2024-06-02,A,469
6682,22725,2022-11-13,A,1970
6683,22728,2022-08-24,A,1090
6684,22733,2024-08-21,A,290
6685,22736,2024-08-19,A,1319
6686,22743,2023-05-07,A,652
6687,22746,2023-06-20,A,1354
6688,22755,2023-02-27,C,572
6689,22757,2024-02-19,A,153
6690,22758,2024-08-24,A,25
6691,22762,2024-07-31,A,94
6692,22770,2023-09-16,A,1859
6693,22773,2024-07-23,C,1951
6694,22775,2022-12-26,A,633
6695,22776,2024-12-10,A,1569
6696,22777,2025-02-25,A,618
6697,22778,2024-06-29,A,1178
6698,22791,2024-01-21,A,1911
6699,22795,2023-09-23,A,821
6700,22800,2022-06-05,C,873
6701,22809,2024-02-22,B,229
6702,22810,2023-01-22,B,328
6703,22811,2025-01-23,A,1991
6704,22813,2024-03-16,A,1138
6705,22815,2022-12-30,C,1549
6706,22818,2024-06-11,B,1799
6707,22819,2023-12-28,A,843
6708,22824,2023-11-19,A,902
6709,22826,2023-07-05,A,351
6710,22828,2025-04-24,C,967
6711,22831,2023-10-04,A,478
6712,22833,2024-04-19,C,499
6713,22839,2023-02-13,A,1085
6714,22842,2023-04-28,A,639
6715,22843,2023-06-15,A,1247
6716,22847,2022-09-02,A,817
6717,22856,2022-11-26,C,497
6718,22860,2024-12-10,B,100
6719,22866,2023-11-29,A,20
6720,22867,2022-12-01,C,1775
6721,22872,2024-10-14,C,1957
6722,22876,2025-04-23,A,1348
6723,22878,2023-02-28,A,106
6724,22882,2023-06-03,A,1349
6725,22890,2022-09-06,C,1456
6726,22891,2024-06-30,A,977
6727,22898,2022-11-12,A,147
6728,22899,2022-05-26,A,510
6729,22900,2024-01-13,B,821
6730,22901,2023-05-12,A,557
6731,22902,2022-06-30,A,1226
6732,22903,2023-09-24,A,1938
6733,22912,2022-06-17,A,249
6734,22914,2022-12-19,A,265
6735,22916,2024-04-18,A,1146
6736,22918,2024-03-02,A,1087
6737,22923,2025-01-13,A,220
6738,22925,2024-09-20,A,580
6739,22926,2023-02-10,A,254
6740,22929,2024-06-03,A,1888
6741,22931,2025-02-02,A,1690
6742,22933,2025-12-17,B,712
6743,22935,2022-06-24,A,1677
6744,22945,2023-08-07,A,1734
6745,22946,2023-09-22,A,261
6746,22947,2024-11-25,A,1647
6747,22948,2024-01-04,A,209
6748,22955,2022-04-12,A,1296
6749,22958,2023-07-15,A,201
6750,22959,2022-10-25,A,1182
6751,22963,2025-04-01,A,1136
6752,22964,2025-08-05,A,315
6753,22965,2025-04-01,C,1013
6754,22970,2023-01-02,A,1681
6755,22972,2023-02-22,A,1055
6756,22976,2023-09-12,A,1870
6757,22978,2024-02-15,A,1190
6758,22986,2024-03-03,B,261
6759,22988,2023-07-07,B,314
6760,22990,2023-05-28,A,165
6761,22992,2025-02-14,A,1577
6762,23004,2023-09-29,B,112
6763,23008,2024-03-12,A,1936
6764,23012,2023-08-16,C,1620
6765,23013,2024-02-01,A,607
6766,23017,2025-01-03,A,1034
6767,23022,2024-01-25,A,795
6768,23023,2024-10-18,A,743
6769,23030,2024-10-31,A,383
6770,23034,2024-02-26,A,670
6771,23035,2023-11-30,C,963
6772,23036,2024-02-19,A,1773
6773,23039,2024-02-15,A,1942
6774,23042,2025-04-28,A,1645
6775,23045,2023-12-20,C,767
6776,23048,2023-07-30,A,227
6777,23052,2024-10-20,C,1127
6778,23053,2024-06-24,C,962
6779,23054,2023-07-19,A,454
6780,23056,2023-08-19,B,996
6781,23057,2025-07-12,A,1312
6782,23058,2023-08-11,A,1434
6783,23059,2024-02-15,A,1208
6784,23070,2023-08-19,A,1086
6785,23071,2024-08-25,A,467
6786,23072,2022-09-11,C,1805
6787,23073,2023-01-03,A,939
6788,23075,2024-07-17,C,1271
6789,23076,2023-02-04,A,1352
6790,23080,2024-03-03,B,214
6791,23082,2024-12-18,A,525
6792,23087,2024-04-12,A,745
6793,23089,2024-02-23,A,941
6794,23091,2023-03-06,A,339
6795,23092,2025-04-17,A,340
6796,23093,2023-10-07,A,978
6797,23097,2022-08-25,A,1665
6798,23099,2022-09-30,A,731
6799,23103,2023-05-11,A,1630
6800,23105,2022-12-09,A,62
6801,23107,2022-08-12,A,427
6802,23109,2022-12-03,A,237
6803,23114,2023-03-22,A,1367
6804,23118,2022-06-10,A,725
6805,23119,2024-03-30,A,54
6806,23122,2023-10-21,C,281
6807,23123,2023-10-14,C,732
6808,23140,2023-08-21,B,1859
6809,23142,2024-12-27,A,689
6810,23143,2024-12-04,C,720
6811,23145,2024-05-03,A,1219
6812,23147,2023-04-25,A,258
6813,23150,2023-07-30,C,367
6814,23160,2024-10-19,A,672
6815,23164,2024-04-18,C,679
6816,23165,2025-02-07,C,166
6817,23166,2022-11-15,A,1763
6818,23167,2022-12-08,C,612
6819,23171,2022-06-22,A,748
6820,23172,2023-12-22,A,1341
6821,23174,2022-05-05,A,1658
6822,23176,2023-08-29,C,1513
6823,23182,2024-10-09,C,1540
6824,23187,2023-01-12,A,1551
6825,23191,2023-12-27,C,1498
6826,23192,2023-11-08,A,870
6827,23193,2022-09-14,A,1478
6828,23196,2024-11-28,A,1624
6829,23205,2023-03-01,A,863
6830,23209,2023-02-03,A,855
6831,23210,2024-11-23,B,1817
6832,23212,2023-07-09,C,1685
6833,23214,2023-07-11,A,948
6834,23223,2025-03-20,A,1331
6835,23226,2023-12-27,A,1873
6836,23227,2024-07-28,A,652
6837,23229,2023-04-11,A,1319
6838,23235,2024-04-09,A,356
6839,23238,2023-04-06,A,681
6840,23240,2022-06-26,A,1751
6841,23242,2022-12-27,C,1114
6842,23247,2025-02-26,A,154
6843,23248,2024-01-29,A,1763
6844,23249,2025-06-21,B,894
6845,23250,2024-01-09,A,1527
6846,23257,2023-01-05,B,1450
6847,23258,2024-07-07,A,1277
6848,23259,2023-04-05,B,1849
6849,23261,2024-08-28,C,1872
6850,23266,2022-03-30,A,294
6851,23267,2024-03-22,A,1166
6852,23272,2025-05-02,C,853
6853,23274,2024-10-19,C,73
6854,23278,2025-05-04,A,152
6855,23279,2023-12-21,A,1858
6856,23280,2025-07-09,B,1731
6857,23282,2023-04-13,A,1784
6858,23286,2024-07-20,A,871
6859,23288,2023-01-23,B,833
6860,23289,2023-03-16,A,1789
6861,23299,2023-03-11,A,672
6862,23301,2025-02-17,A,1421
6863,23303,2024-07-27,A,546
6864,23306,2024-09-27,B,274
6865,23307,2024-07-13,A,787
6866,23310,2022-11-10,A,17
6867,23318,2025-09-06,A,1845
6868,23343,2023-08-26,A,1037
6869,23344,2025-01-12,A,574
6870,23348,2023-12-02,C,981
6871,23353,2024-09-22,A,420
6872,23362,2024-12-19,C,1962
6873,23366,2023-05-22,A,1737
6874,23368,2024-11-23,C,351
6875,23382,2023-07-16,A,859
6876,23386,2023-10-12,A,1340
6877,23387,2024-12-30,A,558
6878,23390,2023-10-04,A,135
6879,23394,2022-12-20,A,1247
6880,23400,2024-04-13,C,9
6881,23401,2022-11-15,A,212
6882,23402,2022-08-23,A,1038
6883,23407,2024-05-07,C,1442
6884,23410,2024-02-01,A,209
6885,23414,2022-08-29,A,1066
6886,23415,2024-05-22,A,199
6887,23417,2023-01-28,A,1272
6888,23418,2025-01-13,A,1473
6889,23420,2023-12-17,B,214
6890,23421,2024-03-25,A,290
6891,23422,2023-04-18,A,1971
6892,23424,2024-11-06,A,62
6893,23425,2023-11-06,C,1308
6894,23427,2024-12-01,B,1247
6895,23432,2023-09-08,A,92
6896,23444,2024-12-13,A,75
6897,23447,2023-12-08,A,1073
6898,23448,2023-02-17,B,480
6899,23462,2023-12-08,A,911
6900,23471,2022-11-23,B,1776
6901,23473,2023-07-20,A,1643
6902,23476,2024-04-24,A,1057
6903,23480,2025-03-31,A,931
6904,23481,2022-10-18,A,310
6905,23492,2025-04-15,C,1839
6906,23493,2023-04-25,B,1427
6907,23494,2023-09-10,A,1398
6908,23497,2024-01-13,B,761
6909,23502,2025-02-22,A,770
6910,23503,2023-06-11,A,1598
6911,23506,2025-01-05,C,270
6912,23507,2025-08-16,A,1458
6913,23511,2022-05-01,A,96
6914,23519,2025-03-18,A,166
6915,23526,2024-01-05,C,63
6916,23537,2023-04-24,A,1821
6917,23541,2024-05-07,A,231
6918,23547,2025-02-18,C,362
6919,23548,2022-06-24,A,1484
6920,23550,2025-03-16,C,423
6921,23556,2024-04-16,C,646
6922,23559,2023-03-22,A,1073
6923,23560,2024-12-06,A,586
6924,23565,2024-01-16,A,593
6925,23570,2025-08-05,B,300
6926,23575,2022-11-08,B,1576
6927,23576,2023-06-29,A,270
6928,23577,2025-06-29,A,112
6929,23578,2025-02-23,C,1788
6930,23579,2023-02-21,A,1316
6931,23580,2025-01-19,C,1918
6932,23581,2024-08-24,A,1514
6933,23594,2023-10-25,A,1722
6934,23598,2023-12-13,C,483
6935,23603,2022-10-08,B,1713
6936,23607,2025-06-30,B,1103
6937,23612,2025-01-05,A,1665
6938,23618,2022-07-29,A,1255
6939,23619,2025-03-05,A,1518
6940,23621,2024-10-02,A,932
6941,23623,2023-12-19,A,431
6942,23627,2025-04-02,A,1419
6943,23629,2023-08-28,C,1340
6944,23631,2023-04-09,A,337
6945,23632,2024-09-30,C,940
6946,23633,2025-04-24,A,1216
6947,23634,2023-03-05,C,314
6948,23635,2022-07-25,A,596
6949,23638,2023-05-28,A,234
6950,23644,2024-07-27,A,1713
6951,23645,2025-01-10,A,1689
6952,23649,2023-03-27,C,175
6953,23655,2024-09-09,C,52
6954,23656,2022-07-10,A,72
6955,23657,2023-02-25,A,357
6956,23662,2025-01-30,C,1020
6957,23673,2023-11-22,C,1617
6958,23675,2023-11-22,A,1950
6959,23678,2023-01-23,A,1805
6960,23680,2023-03-07,A,357
6961,23681,2024-06-15,C,1791
6962,23687,2025-02-19,A,1871
6963,23689,2024-10-03,A,864
6964,23690,2022-06-15,A,993
6965,23692,2023-09-16,A,969
6966,23695,2025-04-20,A,985
6967,23700,2023-10-12,C,1536
6968,23705,2024-02-12,B,1892
6969,23706,2022-08-14,A,1709
6970,23707,2024-07-23,C,319
6971,23708,2023-12-19,A,650
6972,23719,2022-07-02,C,1137
6973,23721,2025-02-16,A,1362
6974,23722,2024-01-10,A,1879
6975,23724,2022-10-25,A,311
6976,23727,2023-08-08,A,1186
6977,23728,2023-01-01,A,850
6978,23729,2023-08-20,A,978
6979,23731,2025-03-31,B,1418
6980,23732,2022-02-28,C,74
6981,23734,2023-05-27,C,468
6982,23739,2024-01-23,B,418
6983,23741,2024-03-21,A,1964
6984,23745,2023-09-23,A,1860
6985,23749,2022-11-02,A,1567
6986,23750,2024-06-22,A,656
6987,23751,2023-03-27,A,1798
6988,23752,2024-06-02,A,995
6989,23755,2023-09-12,A,31
6990,23757,2023-09-13,A,1633
6991,23758,2023-07-02,A,416
6992,23762,2023-10-03,A,1406
6993,23768,2024-03-01,B,1212
6994,23769,2024-10-31,A,906
6995,23770,2023-08-10,A,1097
6996,23771,2024-07-21,C,3
6997,23773,2023-09-04,A,1407
6998,23775,2024-03-18,A,1325
6999,23779,2024-08-04,A,883
7000,23780,2022-11-09,B,238
7001,23781,2025-06-22,B,1775
7002,23782,2024-06-11,A,1786
7003,23783,2024-10-30,A,390
7004,23786,2024-10-12,A,1969
7005,23790,2025-06-10,A,1260
7006,23794,2023-11-09,C,268
7007,23795,2022-07-31,A,1391
7008,23796,2024-08-31,C,1886
7009,23802,2022-09-30,A,1793
7010,23803,2024-03-08,A,1100
7011,23804,2022-09-20,A,913
7012,23805,2025-05-10,A,1903
7013,23806,2025-01-15,A,1260
7014,23811,2025-04-21,C,1670
7015,23813,2023-02-16,A,848
7016,23814,2023-09-17,A,1297
7017,23821,2023-12-11,B,849
7018,23822,2025-03-06,A,296
7019,23827,2025-02-23,A,1918
7020,23828,2023-01-18,A,1412
7021,23832,2024-06-03,A,1386
7022,23835,2024-05-05,C,545
7023,23840,2024-10-23,C,1792
7024,23841,2024-08-26,A,188
7025,23843,2022-10-14,B,370
7026,23844,2024-02-24,C,16
7027,23852,2025-01-07,A,1144
7028,23853,2024-07-15,A,1858
7029,23857,2022-12-29,B,420
7030,23859,2023-05-20,A,1208
7031,23863,2023-09-03,C,328
7032,23871,2023-07-04,C,692
7033,23872,2025-03-22,C,1334
7034,23873,2025-07-12,A,651
7035,23874,2024-10-24,C,222
7036,23876,2024-08-08,A,1167
7037,23878,2023-07-28,C,482
7038,23882,2023-08-13,C,1017
7039,23884,2025-02-13,A,537
7040,23886,2024-11-11,A,1229
7041,23887,2024-08-11,C,1093
7042,23889,2023-12-24,A,1621
7043,23892,2024-08-24,A,1568
7044,23894,2025-07-31,A,1983
7045,23909,2023-11-23,A,831
7046,23910,2023-03-08,B,723
7047,23911,2023-01-05,A,1843
7048,23913,2022-12-06,A,1615
7049,23920,2022-08-16,A,351
7050,23922,2023-08-21,A,335
7051,23931,2023-06-27,C,859
7052,23934,2023-03-20,A,848
7053,23935,2023-07-18,A,1422
7054,23937,2023-02-10,A,1791
7055,23938,2024-07-31,A,707
7056,23939,2023-04-06,A,269
7057,23940,2024-05-19,A,950
7058,23942,2025-08-01,A,1359
7059,23950,2022-11-06,B,12
7060,23951,2023-05-21,C,779
7061,23954,2023-01-12,A,375
7062,23955,2023-07-24,B,279
7063,23957,2023-12-25,A,654
7064,23959,2024-02-18,C,1669
7065,23963,2024-04-17,A,711
7066,23966,2024-02-09,A,102
7067,23972,2025-04-30,A,1270
7068,23983,2025-02-02,C,260
7069,23985,2025-04-28,A,1313
7070,23989,2024-08-12,A,1277
7071,23990,2022-11-15,A,380
7072,23991,2024-12-31,A,1880
7073,23996,2024-10-02,C,269
7074,23997,2023-12-14,C,53
7075,24001,2023-12-07,A,912
7076,24002,2024-02-04,A,142
7077,24006,2023-04-21,A,926
7078,24009,2023-11-21,A,1663
7079,24010,2024-05-27,A,1325
7080,24014,2024-06-11,A,1447
7081,24017,2025-03-14,A,932
7082,24019,2023-07-12,B,254
7083,24021,2024-07-19,A,291
7084,24022,2023-09-08,B,1524
7085,24023,2025-04-30,B,307
7086,24024,2023-08-08,A,827
7087,24025,2023-12-13,A,865
7088,24027,2024-02-16,B,1023
7089,24028,2023-02-13,A,705
7090,24029,2025-03-18,A,1190
7091,24032,2022-11-24,B,115
7092,24033,2023-03-13,A,1070
7093,24035,2023-01-23,A,1242
7094,24038,2022-10-27,A,1334
7095,24039,2025-02-14,C,1014
7096,24041,2023-04-01,C,348
7097,24044,2023-01-08,A,541
7098,24045,2023-03-22,A,1420
7099,24049,2024-11-14,A,355
7100,24050,2025-01-11,A,649
7101,24054,2024-12-29,C,482
7102,24057,2025-06-12,A,1440
7103,24058,2023-11-27,A,1950
7104,24060,2023-12-10,A,1088
7105,24061,2024-09-02,A,376
7106,24062,2024-07-01,A,1804
7107,24069,2023-06-02,C,1456
7108,24074,2023-09-15,A,348
7109,24075,2024-03-17,A,424
7110,24083,2025-02-24,B,1668
7111,24086,2023-07-16,C,1352
7112,24088,2024-10-20,B,705
7113,24089,2023-01-27,A,1428
7114,24094,2024-11-23,A,90
7115,24096,2024-09-11,B,652
7116,24100,2023-10-12,A,1943
7117,24102,2024-02-29,A,1679
7118,24105,2023-12-24,A,1275
7119,24106,2023-12-29,A,250
7120,24111,2025-01-16,C,1250
7121,24113,2023-02-09,A,40
7122,24114,2024-11-08,A,1857
7123,24115,2023-06-20,A,1801
7124,24117,2024-11-20,A,1631
7125,24120,2025-01-25,C,871
7126,24122,2024-04-22,C,1985
7127,24126,2023-10-03,A,1280
7128,24133,2024-03-15,A,431
7129,24136,2022-09-26,C,821
7130,24139,2024-06-07,A,627
7131,24142,2022-07-10,C,530
7132,24144,2025-02-11,A,1430
7133,24147,2023-09-17,C,1252
7134,24163,2024-11-08,A,1994
7135,24176,2023-04-16,A,315
7136,24178,2024-04-18,A,1404
7137,24181,2023-12-17,B,1463
7138,24190,2022-10-12,A,994
7139,24198,2024-02-17,A,325
7140,24204,2025-09-15,A,540
7141,24207,2023-01-18,A,1330
7142,24214,2024-05-30,C,549
7143,24222,2022-11-12,A,288
7144,24223,2022-12-08,A,960
7145,24227,2025-06-27,A,1068
7146,24228,2025-07-08,A,858
7147,24231,2024-04-18,C,578
7148,24234,2023-10-26,A,300
7149,24236,2024-08-05,A,87
7150,24238,2025-03-22,B,1933
7151,24243,2022-12-16,A,1908
7152,24247,2025-03-23,A,212
7153,24248,2022-09-22,C,314
7154,24252,2022-07-23,A,801
7155,24254,2023-02-18,A,1103
7156,24257,2025-05-28,C,1338
7157,24259,2024-02-28,C,1549
7158,24270,2024-06-24,C,138
7159,24276,2023-10-17,C,1476
7160,24277,2023-11-12,A,217
7161,24279,2024-01-04,C,1437
7162,24281,2023-05-22,A,1396
7163,24283,2022-06-07,A,705
7164,24284,2022-08-13,A,1120
7165,24293,2025-03-15,C,251
7166,24295,2025-03-03,A,1906
7167,24296,2022-11-11,A,1478
7168,24297,2025-05-01,C,1392
7169,24298,2023-10-29,A,705
7170,24312,2023-08-30,A,1884
7171,24313,2023-10-10,A,267
7172,24316,2024-05-02,C,644
7173,24319,2024-07-16,A,11
7174,24323,2023-03-30,A,1095
7175,24327,2024-06-10,A,1871
7176,24330,2022-12-28,A,1792
7177,24331,2024-09-05,A,871
7178,24332,2023-11-13,A,1672
7179,24334,2024-12-14,C,1159
7180,24337,2022-11-14,A,33
7181,24347,2023-11-13,C,1364
7182,24349,2024-03-02,A,418
7183,24353,2023-06-13,A,968
7184,24355,2023-01-12,A,15
7185,24357,2022-12-27,A,1571
7186,24364,2024-12-17,A,705
7187,24370,2023-01-07,A,367
7188,24371,2024-12-08,A,729
7189,24374,2023-06-19,B,1673
7190,24375,2024-09-14,A,1446
7191,24376,2023-03-02,A,411
7192,24377,2022-05-03,A,1034
7193,24380,2023-01-18,A,1270
7194,24386,2023-02-24,A,1330
7195,24388,2023-10-06,B,1419
7196,24389,2023-06-03,B,88
7197,24391,2023-07-07,A,639
7198,24393,2022-09-14,A,1527
7199,24394,2024-10-01,A,1526
7200,24396,2023-09-24,A,731
7201,24399,2024-07-09,A,1193
7202,24402,2022-12-15,A,110
7203,24403,2022-10-26,B,23
7204,24411,2025-01-04,A,696
7205,24417,2023-09-30,A,658
7206,24419,2025-11-17,B,328
7207,24425,2024-06-16,A,1787
7208,24427,2023-06-07,A,320
7209,24428,2024-04-02,B,789
7210,24433,2022-03-21,A,1459
7211,24436,2024-09-14,A,212
7212,24446,2023-09-11,A,238
7213,24447,2025-05-14,A,1224
7214,24448,2024-07-30,A,1050
7215,24449,2022-12-22,A,329
7216,24452,2024-01-11,A,1646
7217,24453,2023-03-29,C,831
7218,24456,2023-06-08,B,1562
7219,24459,2023-12-09,A,955
7220,24460,2025-04-05,C,1155
7221,24467,2023-02-04,A,1115
7222,24485,2024-08-26,A,933
7223,24488,2024-09-16,A,1128
7224,24489,2023-01-24,A,219
7225,24492,2022-09-11,C,1954
7226,24495,2022-09-27,A,687
7227,24497,2023-01-18,A,1413
7228,24499,2023-04-25,A,415
7229,24502,2024-07-12,B,1599
7230,24505,2023-05-08,A,649
7231,24509,2024-05-21,C,1627
7232,24512,2023-01-17,C,1624
7233,24517,2024-04-09,A,777
7234,24520,2023-12-05,A,288
7235,24522,2023-11-05,C,552
7236,24523,2024-02-13,A,1907
7237,24527,2024-12-15,A,897
7238,24528,2025-04-08,A,1225
7239,24530,2025-03-20,A,1738
7240,24531,2024-10-19,A,863
7241,24534,2022-11-24,A,1503
7242,24538,2024-10-17,A,160
7243,24541,2022-12-24,A,194
7244,24545,2022-12-09,A,1223
7245,24546,2025-04-05,A,1305
7246,24555,2024-07-12,A,1342
7247,24563,2024-04-06,A,1727
7248,24564,2023-05-19,A,976
7249,24568,2022-12-09,A,721
7250,24572,2023-04-29,A,918
7251,24575,2024-01-28,A,563
7252,24582,2023-09-11,C,1400
7253,24589,2024-06-04,A,1458
7254,24591,2024-06-22,C,782
7255,24593,2024-03-01,C,1990
7256,24597,2023-01-27,A,952
7257,24598,2024-10-24,C,441
7258,24600,2024-07-28,A,537
7259,24601,2023-03-28,B,662
7260,24608,2025-06-20,A,1680
7261,24612,2023-04-21,A,795
7262,24614,2024-10-16,A,1465
7263,24615,2022-11-23,C,1302
7264,24616,2023-01-19,C,1189
7265,24622,2025-02-24,A,566
7266,24625,2025-05-24,C,825
7267,24627,2023-03-23,A,403
7268,24641,2022-07-20,C,772
7269,24645,2023-05-06,A,718
7270,24648,2023-09-24,A,984
7271,24649,2022-10-10,A,1407
7272,24653,2023-11-14,B,762
7273,24658,2025-02-12,A,459
7274,24663,2023-12-29,A,186
7275,24667,2022-07-18,A,825
7276,24669,2025-03-06,C,1606
7277,24670,2024-07-21,A,183
7278,24672,2023-10-30,A,930
7279,24674,2025-03-20,C,1404
7280,24681,2023-04-06,C,1818
7281,24683,2024-03-05,C,833
7282,24688,2024-01-31,A,1307
7283,24693,2025-05-08,A,1409
7284,24701,2022-11-12,A,417
7285,24705,2024-06-17,C,1164
7286,24711,2024-03-30,A,1796
7287,24712,2023-01-26,A,1982
7288,24713,2025-03-06,C,292
7289,24715,2023-01-01,C,229
7290,24717,2022-11-06,A,200
7291,24718,2024-03-15,A,777
7292,24721,2025-01-11,A,135
7293,24725,2023-11-08,C,1708
7294,24730,2023-02-16,A,234
7295,24731,2025-05-14,A,763
7296,24732,2023-11-16,A,98
7297,24733,2024-07-29,A,1421
7298,24734,2024-12-09,A,1458
7299,24735,2024-12-19,A,749
7300,24736,2024-02-29,A,1241
7301,24747,2022-09-25,C,605
7302,24752,2024-11-10,A,1154
7303,24754,2023-08-15,C,808
7304,24758,2022-06-10,A,1639
7305,24759,2023-10-09,B,1256
7306,24760,2022-07-10,C,1271
7307,24774,2023-04-03,A,1462
7308,24775,2022-07-14,B,746
7309,24780,2023-11-12,C,1419
7310,24781,2023-11-24,A,640
7311,24785,2025-04-14,A,1465
7312,24786,2022-06-28,A,1106
7313,24795,2024-08-28,A,1358
7314,24801,2024-03-12,A,909
7315,24807,2025-01-02,B,1481
7316,24809,2024-05-19,A,387
7317,24810,2024-10-05,A,173
7318,24814,2023-10-31,A,692
7319,24816,2023-01-25,A,923
7320,24817,2025-08-14,A,1842
7321,24819,2023-08-04,A,1451
7322,24821,2023-09-19,A,79
7323,24823,2023-01-23,A,1361
7324,24826,2023-01-11,A,915
7325,24827,2024-02-23,A,1109
7326,24828,2022-04-03,A,1299
7327,24830,2023-09-08,C,639
7328,24838,2024-05-22,A,1036
7329,24841,2023-10-22,B,1787
7330,24842,2023-05-19,C,299
7331,24846,2025-04-05,C,1508
7332,24849,2022-10-04,A,1643
7333,24852,2023-01-17,B,1330
7334,24854,2023-08-13,A,1673
7335,24857,2024-06-08,C,1115
7336,24859,2024-08-11,A,1814
7337,24867,2024-01-30,A,1234
7338,24872,2022-09-04,A,713
7339,24875,2024-02-15,B,106
7340,24878,2024-04-05,A,711
7341,24879,2024-12-31,A,105
7342,24880,2024-10-10,A,947
7343,24881,2023-06-02,A,1061
7344,24883,2023-06-20,A,809
7345,24884,2025-01-30,A,1314
7346,24887,2022-05-25,C,679
7347,24890,2024-10-10,A,69
7348,24891,2022-04-11,A,135
7349,24899,2023-07-16,C,1648
7350,24903,2024-07-06,A,1759
7351,24908,2024-03-06,C,481
7352,24909,2022-07-22,A,631
7353,24910,2025-02-17,A,245
7354,24912,2023-04-12,C,1707
7355,24914,2024-10-29,C,127
7356,24915,2023-09-22,C,135
7357,24918,2024-03-10,A,1055
7358,24920,2023-07-15,A,736
7359,24923,2024-02-06,A,1224
7360,24925,2025-01-17,A,1894
7361,24930,2022-08-14,C,1622
7362,24936,2024-09-25,A,1095
7363,24937,2023-01-16,A,1639
7364,24938,2024-08-12,A,1563
7365,24944,2023-11-11,A,210
7366,24946,2024-04-17,A,1537
7367,24948,2024-07-22,A,558
7368,24956,2022-08-17,B,1723
7369,24957,2023-03-28,A,1529
7370,24966,2023-07-18,A,1686
7371,24971,2024-06-12,A,1102
7372,24979,2023-08-31,A,27
7373,24981,2022-09-06,A,1388
7374,24982,2023-01-31,A,1323
7375,24983,2023-12-17,A,1743
7376,24984,2022-09-19,A,459
7377,24988,2024-07-10,A,84
7378,24989,2024-04-07,A,82
7379,24993,2023-07-12,A,704
7380,24996,2025-02-25,A,1711
7381,25003,2023-02-09,A,1007
7382,25006,2023-05-29,A,591
7383,25009,2024-08-29,C,4
7384,25014,2023-08-25,A,907
7385,25019,2024-06-16,A,1126
7386,25027,2023-04-17,A,901
7387,25029,2023-07-26,A,1286
7388,25041,2024-07-16,A,555
7389,25044,2022-07-07,A,161
7390,25052,2022-03-01,A,153
7391,25053,2023-05-21,A,1984
7392,25056,2023-09-20,C,1458
7393,25058,2024-11-25,C,1002
7394,25059,2025-05-06,B,821
7395,25061,2023-09-16,A,1795
7396,25066,2024-10-16,A,1296
7397,25068,2024-01-21,C,1854
7398,25071,2023-05-03,A,460
7399,25080,2023-12-26,C,984
7400,25083,2025-05-17,A,1823
7401,25089,2022-09-03,B,380
7402,25090,2022-08-18,A,1877
7403,25093,2024-12-23,A,1766
7404,25094,2024-12-03,A,910
7405,25098,2022-09-13,B,843
7406,25104,2025-06-21,A,1805
7407,25112,2024-03-16,A,1809
7408,25113,2024-03-16,A,232
7409,25123,2025-09-08,B,250
7410,25126,2025-01-23,A,743
7411,25135,2024-08-11,C,1535
7412,25143,2024-04-27,A,47
7413,25145,2022-09-23,C,936
7414,25148,2025-02-14,A,1320
7415,25149,2023-07-13,B,1941
7416,25151,2023-10-05,B,1918
7417,25157,2025-02-26,A,722
7418,25166,2024-03-25,A,900
7419,25167,2025-02-28,A,967
7420,25173,2022-10-16,A,429
7421,25183,2022-07-18,A,821
7422,25191,2025-03-14,A,126
7423,25192,2024-04-09,B,265
7424,25198,2023-10-05,A,885
7425,25199,2025-06-07,A,710
7426,25201,2024-07-10,A,16
7427,25204,2023-10-31,B,1313
7428,25208,2023-01-01,B,1321
7429,25209,2022-09-26,A,409
7430,25211,2023-11-28,B,1419
7431,25212,2023-03-23,C,824
7432,25213,2024-02-27,A,1681
7433,25214,2025-09-28,A,1957
7434,25216,2022-09-05,A,1174
7435,25218,2024-06-26,A,1208
7436,25222,2025-09-28,A,1341
7437,25226,2022-12-09,A,1604
7438,25231,2022-09-14,A,125
7439,25233,2025-05-16,A,1550
7440,25236,2024-10-06,A,219
7441,25240,2022-12-13,A,810
7442,25244,2023-03-16,A,792
7443,25247,2023-04-14,B,802
7444,25255,2024-11-05,C,994
7445,25256,2022-10-01,C,8
7446,25264,2024-10-10,A,1016
7447,25265,2024-08-20,A,1021
7448,25275,2025-02-12,B,439
7449,25276,2025-05-29,C,1225
7450,25284,2023-01-02,A,53
7451,25285,2024-07-30,A,1247
7452,25287,2022-09-10,C,1880
7453,25288,2024-04-02,B,1172
7454,25292,2024-11-23,B,610
7455,25293,2024-11-16,A,47
7456,25298,2024-02-13,C,741
7457,25299,2024-04-27,A,1305
7458,25300,2024-07-07,A,342
7459,25303,2023-10-04,A,283
7460,25311,2023-09-17,A,1237
7461,25314,2023-04-01,C,1940
7462,25321,2022-08-09,A,573
7463,25325,2024-11-24,A,164
7464,25331,2025-01-17,A,1004
7465,25347,2024-05-13,A,1422
7466,25352,2023-01-13,B,913
7467,25358,2025-07-14,A,215
7468,25362,2022-09-14,A,445
7469,25363,2025-03-03,B,1582
7470,25364,2024-02-17,A,1078
7471,25365,2024-05-13,A,363
7472,25366,2025-03-16,C,129
7473,25369,2025-06-29,A,1890
7474,25373,2024-09-22,A,168
7475,25375,2022-08-26,A,267
7476,25378,2025-05-29,B,1567
7477,25379,2024-01-21,C,1854
7478,25380,2024-01-18,A,268
7479,25382,2024-04-30,A,1024
7480,25383,2025-03-17,A,1274
7481,25387,2022-07-10,A,1957
7482,25388,2025-09-09,A,1100
7483,25389,2024-10-13,A,789
7484,25393,2024-05-16,A,1371
7485,25396,2023-09-08,A,1542
7486,25397,2024-02-28,C,1906
7487,25400,2023-11-21,B,1501
7488,25401,2023-11-26,A,1487
7489,25404,2023-08-12,A,697
7490,25407,2023-08-13,A,1227
7491,25414,2025-06-06,A,499
7492,25419,2022-05-31,C,811
7493,25421,2024-12-31,A,403
7494,25423,2022-11-19,A,350
7495,25430,2025-02-05,C,1878
7496,25431,2022-05-20,A,65
7497,25444,2022-04-30,C,334
7498,25447,2025-03-25,A,1236
7499,25449,2022-04-19,A,381
7500,25451,2025-06-21,A,694
7501,25452,2024-07-27,A,635
7502,25454,2024-09-16,A,1115
7503,25455,2024-03-27,C,518
7504,25456,2025-01-09,A,1192
7505,25459,2024-02-06,A,35
7506,25460,2023-08-07,A,1768
7507,25461,2024-04-28,A,1382
7508,25471,2024-10-06,A,1984
7509,25480,2023-07-03,A,1224
7510,25482,2025-03-28,A,1788
7511,25491,2024-10-02,B,924
7512,25492,2023-06-02,C,1276
7513,25494,2023-06-26,A,1184
7514,25495,2024-12-23,A,662
7515,25500,2024-06-23,A,1534
7516,25506,2023-10-04,C,1749
7517,25508,2022-10-19,A,518
7518,25510,2024-04-26,C,126
7519,25513,2023-06-10,A,1727
7520,25514,2022-04-07,A,1715
7521,25516,2024-03-23,A,1456
7522,25517,2023-02-09,B,347
7523,25519,2024-12-05,A,469
7524,25520,2025-04-04,A,561
7525,25521,2022-07-09,A,323
7526,25522,2024-01-08,C,658
7527,25523,2024-03-20,A,719
7528,25526,2024-07-12,A,1459
7529,25528,2023-08-12,A,1735
7530,25529,2023-03-29,B,1634
7531,25531,2023-06-07,A,1872
7532,25536,2024-08-21,A,1868
7533,25539,2022-12-25,A,1409
7534,25542,2022-08-22,A,1736
7535,25545,2023-04-13,A,467
7536,25547,2024-07-09,A,588
7537,25552,2024-09-15,A,1218
7538,25554,2022-10-14,A,23
7539,25557,2022-10-30,A,1707
7540,25566,2024-12-04,A,1941
7541,25568,2025-05-18,A,1467
7542,25575,2024-03-07,A,1308
7543,25576,2024-01-09,C,1930
7544,25577,2023-03-26,C,123
7545,25580,2022-07-25,C,385
7546,25582,2024-05-09,A,842
7547,25583,2024-06-19,A,1428
7548,25587,2023-04-20,A,111
7549,25589,2023-01-07,B,736
7550,25594,2023-03-23,A,660
7551,25595,2022-07-08,A,1622
7552,25599,2023-12-18,C,369
7553,25600,2023-01-09,A,1868
7554,25601,2025-04-21,C,1202
7555,25604,2025-08-27,A,1760
7556,25606,2025-02-03,A,1019
7557,25609,2023-10-21,A,710
7558,25621,2025-03-29,B,1017
7559,25625,2023-11-29,A,739
7560,25626,2022-06-11,A,1501
7561,25628,2023-01-01,A,724
7562,25629,2024-04-23,C,1093
7563,25631,2025-05-15,C,1046
7564,25635,2023-02-22,C,1005
7565,25637,2023-07-30,A,1453
7566,25647,2024-10-02,A,702
7567,25657,2024-05-20,A,93
7568,25658,2025-04-14,A,758
7569,25659,2024-02-04,B,211
7570,25662,2022-05-04,A,1706
7571,25664,2024-12-10,A,469
7572,25668,2025-05-26,A,1411
7573,25669,2022-07-17,B,1076
7574,25674,2024-07-07,C,1508
7575,25677,2025-01-07,A,777
7576,25682,2023-02-01,C,1554
7577,25685,2025-03-08,A,360
7578,25687,2023-11-05,A,1169
7579,25689,2024-08-20,A,736
7580,25693,2023-02-14,C,270
7581,25699,2023-12-06,A,1090
7582,25700,2024-05-26,A,1784
7583,25702,2024-07-02,C,1325
7584,25703,2023-01-16,C,761
7585,25704,2024-01-10,A,705
7586,25715,2025-05-31,A,600
7587,25716,2024-07-31,A,849
7588,25719,2023-03-23,A,240
7589,25723,2022-09-09,A,120
7590,25725,2024-07-06,A,470
7591,25726,2023-10-17,A,655
7592,25728,2022-07-24,B,1520
7593,25729,2023-12-17,B,855
7594,25735,2023-06-05,A,304
7595,25742,2023-12-13,B,1057
7596,25753,2022-10-04,C,1319
7597,25754,2023-10-08,C,278
7598,25755,2024-08-27,B,494
7599,25758,2022-11-02,A,435
7600,25759,2022-09-30,C,1818
7601,25760,2022-08-29,A,367
7602,25761,2023-04-25,A,316
7603,25762,2024-12-05,A,1164
7604,25763,2024-12-27,A,898
7605,25770,2025-04-10,B,1802
7606,25771,2024-09-29,A,1931
7607,25772,2024-05-13,A,1913
7608,25774,2025-01-25,A,1723
7609,25777,2024-10-01,A,1879
7610,25778,2024-01-14,A,1078
7611,25779,2024-08-28,A,1545
7612,25783,2025-06-12,A,1901
7613,25788,2024-12-12,A,1191
7614,25791,2023-07-12,A,411
7615,25792,2024-10-11,A,1774
7616,25793,2025-07-19,A,973
7617,25805,2024-08-24,A,231
7618,25807,2023-10-06,A,631
7619,25810,2025-04-20,C,959
7620,25811,2022-09-17,A,641
7621,25813,2025-07-26,A,177
7622,25814,2023-01-27,C,323
7623,25816,2023-04-19,A,1797
7624,25819,2023-12-13,A,336
7625,25821,2025-04-05,A,1709
7626,25826,2024-11-18,A,495
7627,25840,2023-04-26,B,952
7628,25845,2024-04-04,A,401
7629,25855,2023-07-27,A,1918
7630,25857,2024-04-29,C,858
7631,25878,2024-06-10,C,1932
7632,25893,2025-05-05,C,1048
7633,25896,2024-01-01,B,329
7634,25900,2023-12-28,A,477
7635,25904,2025-05-26,A,1372
7636,25905,2022-11-03,A,1347
7637,25906,2022-09-27,A,568
7638,25908,2025-04-24,A,1562
7639,25909,2024-08-29,C,1556
7640,25912,2024-09-27,C,1357
7641,25913,2024-03-23,A,1788
7642,25916,2023-04-18,A,439
7643,25919,2024-02-05,C,1702
7644,25921,2022-11-24,A,1773
7645,25924,2025-04-10,A,848
7646,25926,2022-10-09,A,1503
7647,25927,2024-06-19,C,732
7648,25931,2022-04-26,A,546
7649,25933,2023-10-12,C,1228
7650,25934,2025-01-09,A,1749
7651,25935,2024-06-27,A,1412
7652,25937,2024-05-03,A,841
7653,25939,2023-03-02,A,1247
7654,25943,2022-12-31,A,567
7655,25947,2024-03-10,C,1794
7656,25949,2024-09-28,A,1690
7657,25952,2025-06-03,A,1243
7658,25956,2024-10-18,A,2
7659,25958,2025-05-15,C,1271
7660,25961,2024-03-14,A,1520
7661,25963,2023-01-31,A,1215
7662,25964,2022-08-30,A,1221
7663,25967,2025-04-12,A,1266
7664,25969,2023-02-28,A,792
7665,25975,2022-10-24,A,769
7666,25976,2023-05-26,B,854
7667,25977,2023-10-06,B,1567
7668,25978,2023-11-03,A,513
7669,25980,2024-05-10,A,685
7670,25988,2022-12-16,C,500
7671,25989,2024-03-10,A,613
7672,25991,2023-12-10,C,1904
7673,25992,2022-11-13,A,1200
7674,25997,2023-10-27,A,707
7675,25998,2023-01-24,A,1073
7676,26000,2022-04-30,A,7
7677,26001,2023-04-20,C,1000
7678,26005,2025-04-17,A,1527
7679,26006,2023-02-13,A,141
7680,26013,2024-06-09,C,325
7681,26017,2022-07-21,A,691
7682,26019,2025-05-14,C,1860
7683,26026,2022-12-11,A,166
7684,26039,2025-02-14,C,1458
7685,26045,2024-10-02,A,1567
7686,26047,2022-08-18,A,568
7687,26049,2023-08-08,A,104
7688,26050,2024-04-29,B,1994
7689,26053,2022-12-22,A,1247
7690,26054,2024-04-07,C,1458
7691,26055,2022-09-30,A,1575
7692,26062,2023-09-26,C,1429
7693,26063,2024-05-05,B,1143
7694,26066,2024-07-20,A,183
7695,26067,2024-06-24,C,608
7696,26072,2022-12-03,A,525
7697,26073,2025-03-03,B,1320
7698,26075,2023-11-29,A,41
7699,26079,2024-07-21,A,808
7700,26080,2023-05-27,C,1367
7701,26081,2023-09-18,A,705
7702,26083,2023-11-19,C,1545
7703,26086,2025-03-30,A,43
7704,26093,2024-07-17,A,1284
7705,26094,2025-07-08,C,831
7706,26095,2024-07-08,A,1060
7707,26100,2023-02-19,A,1527
7708,26102,2022-12-28,A,1368
7709,26119,2022-12-30,A,474
7710,26120,2023-04-15,A,1090
7711,26121,2025-02-16,A,72
7712,26124,2023-02-21,A,485
7713,26127,2022-07-13,A,1263
7714,26130,2022-12-19,A,1481
7715,26135,2022-07-08,C,1943
7716,26138,2024-08-04,C,1766
7717,26139,2022-08-25,A,1165
7718,26141,2025-02-01,C,105
7719,26142,2025-06-05,A,248
7720,26144,2024-04-14,B,1050
7721,26147,2023-05-25,A,921
7722,26155,2025-06-29,A,295
7723,26160,2023-09-22,A,1307
7724,26162,2023-01-12,A,1361
7725,26163,2023-04-24,A,209
7726,26167,2024-11-06,B,1518
7727,26168,2023-08-14,A,1335
7728,26169,2024-07-03,C,964
7729,26170,2024-08-08,B,859
7730,26172,2023-03-11,C,1301
7731,26173,2022-07-15,A,1261
7732,26179,2024-08-17,A,1444
7733,26180,2025-04-21,A,1945
7734,26185,2025-04-28,C,244
7735,26186,2025-02-27,A,1889
7736,26194,2025-03-26,A,541
7737,26196,2025-01-14,A,131
7738,26205,2025-04-11,A,444
7739,26206,2024-02-14,C,1534
7740,26208,2025-04-24,A,1537
7741,26211,2023-01-18,A,519
7742,26212,2024-10-30,A,1695
7743,26221,2023-06-11,A,697
7744,26223,2023-02-11,B,924
7745,26230,2024-01-03,A,1854
7746,26231,2024-07-05,A,74
7747,26233,2025-02-24,A,213
7748,26238,2022-10-08,C,1871
7749,26239,2023-02-09,A,848
7750,26243,2022-07-19,C,339
7751,26245,2022-09-02,A,859
7752,26254,2023-04-16,A,1498
7753,26255,2024-04-18,A,1186
7754,26259,2024-03-16,C,860
7755,26260,2024-08-06,A,376
7756,26264,2023-09-28,B,1460
7757,26268,2024-12-21,A,660
7758,26269,2023-10-06,A,1886
7759,26270,2023-03-22,A,1743
7760,26272,2025-02-27,B,1416
7761,26274,2025-10-07,A,1329
7762,26275,2024-07-22,A,695
7763,26285,2023-08-20,A,1467
7764,26288,2025-01-18,A,462
7765,26291,2023-05-26,C,375
7766,26296,2024-08-15,C,1731
7767,26299,2023-05-13,A,1979
7768,26301,2024-09-20,A,886
7769,26305,2025-04-18,C,1682
7770,26306,2024-09-28,A,956
7771,26307,2024-03-04,A,122
7772,26311,2024-10-20,C,1200
7773,26313,2024-11-09,A,1007
7774,26320,2024-12-08,C,351
7775,26322,2024-12-27,A,399
7776,26324,2024-03-05,A,924
7777,26334,2024-12-16,A,1929
7778,26336,2024-02-09,A,1298
7779,26343,2025-03-28,A,547
7780,26345,2023-05-10,A,1968
7781,26350,2024-03-14,A,553
7782,26351,2024-01-04,A,1284
7783,26353,2022-09-02,A,1262
7784,26356,2023-09-05,C,1894
7785,26360,2024-01-11,A,1549
7786,26362,2024-12-29,C,978
7787,26365,2024-11-04,A,121
7788,26372,2025-01-26,C,423
7789,26374,2023-01-25,A,306
7790,26376,2023-04-11,C,546
7791,26378,2024-01-05,A,1962
7792,26382,2025-06-01,A,196
7793,26387,2024-02-25,A,1131
7794,26393,2024-02-07,A,1072
7795,26396,2023-07-20,A,576
7796,26397,2023-07-11,A,596
7797,26400,2024-04-26,B,1113
7798,26401,2024-04-25,C,404
7799,26404,2023-08-18,A,1410
7800,26408,2024-08-25,B,1682
7801,26410,2025-03-23,C,124
7802,26416,2022-11-27,B,1349
7803,26417,2024-07-07,B,1378
7804,26421,2025-03-31,A,165
7805,26423,2023-10-30,A,109
7806,26425,2022-09-06,A,1002
7807,26435,2022-07-15,C,1364
7808,26436,2024-06-25,B,1724
7809,26440,2024-01-28,C,1816
7810,26441,2022-08-31,A,1972
7811,26446,2022-10-21,B,1394
7812,26449,2024-01-11,A,738
7813,26450,2022-11-14,A,571
7814,26452,2023-02-04,A,1228
7815,26453,2024-06-27,B,1508
7816,26454,2023-06-21,A,1962
7817,26455,2023-05-08,A,302
7818,26456,2025-02-09,A,1111
7819,26462,2023-07-09,C,1911
7820,26463,2025-09-09,B,354
7821,26464,2023-11-18,A,390
7822,26473,2023-01-05,A,549
7823,26474,2025-06-11,C,1476
7824,26476,2023-02-25,A,55
7825,26479,2023-03-27,A,1060
7826,26480,2024-11-06,A,1931
7827,26482,2024-05-17,A,1912
7828,26484,2024-09-10,A,778
7829,26488,2024-02-05,C,467
7830,26489,2023-10-26,C,1511
7831,26491,2024-06-06,A,1897
7832,26494,2025-06-28,A,597
7833,26496,2024-02-09,A,569
7834,26497,2022-08-03,A,1715
7835,26499,2024-01-21,A,1194
7836,26501,2025-04-13,A,592
7837,26502,2025-01-25,A,1901
7838,26504,2023-05-10,B,673
7839,26505,2023-05-09,A,924
7840,26506,2025-03-12,A,1805
7841,26510,2024-02-08,A,98
7842,26521,2024-10-24,A,1334
7843,26531,2022-12-12,A,1482
7844,26536,2025-10-02,C,1409
7845,26539,2024-11-18,A,1584
7846,26547,2025-05-09,C,639
7847,26553,2022-11-28,A,673
7848,26556,2024-03-05,B,1500
7849,26557,2024-10-10,A,1910
7850,26558,2022-10-11,A,280
7851,26567,2023-04-21,A,983
7852,26574,2024-03-10,C,1840
7853,26575,2022-06-09,A,989
7854,26576,2023-12-11,A,1947
7855,26578,2024-11-28,C,1276
7856,26580,2022-05-22,A,108
7857,26581,2025-01-07,A,453
7858,26582,2022-07-05,A,869
7859,26588,2023-07-06,B,374
7860,26590,2023-12-24,A,1807
7861,26593,2023-01-25,A,511
7862,26596,2024-12-13,A,227
7863,26599,2024-11-14,A,1239
7864,26605,2022-08-17,A,1669
7865,26608,2025-01-10,A,1690
7866,26609,2023-11-09,A,1788
7867,26610,2024-11-27,A,793
7868,26611,2023-07-29,A,65
7869,26614,2022-08-12,A,912
7870,26615,2022-12-06,A,1795
7871,26620,2024-02-06,C,837
7872,26625,2023-09-25,A,1126
7873,26626,2023-10-20,C,1275
7874,26629,2024-04-16,A,1636
7875,26633,2023-03-30,C,174
7876,26635,2022-08-24,B,1000
7877,26636,2024-04-07,A,1048
7878,26637,2022-06-07,C,1423
7879,26642,2025-01-04,A,639
7880,26643,2025-05-10,B,1590
7881,26656,2024-09-04,A,1421
7882,26659,2023-01-10,A,1416
7883,26665,2022-07-29,A,602
7884,26668,2024-07-27,A,1351
7885,26671,2024-01-10,A,259
7886,26672,2022-10-21,A,357
7887,26674,2023-12-05,C,1455
7888,26681,2023-06-10,C,921
7889,26682,2025-01-28,B,1490
7890,26683,2024-08-01,A,1649
7891,26684,2023-04-02,A,1757
7892,26691,2023-07-25,A,606
7893,26693,2023-09-12,A,1079
7894,26694,2024-10-16,C,517
7895,26699,2023-12-13,A,671
7896,26702,2023-05-20,A,779
7897,26707,2022-06-29,C,628
7898,26710,2024-02-27,A,1724
7899,26717,2022-11-02,C,352
7900,26722,2025-05-04,A,1736
7901,26730,2023-12-10,C,373
7902,26731,2024-05-29,A,1306
7903,26733,2023-09-09,A,571
7904,26740,2025-08-07,A,1468
7905,26743,2023-12-17,A,1234
7906,26744,2023-10-23,A,112
7907,26745,2025-03-21,C,1336
7908,26746,2023-03-01,C,99
7909,26748,2024-09-21,B,857
7910,26754,2024-12-24,A,497
7911,26756,2023-01-10,A,1736
7912,26760,2022-10-18,A,1272
7913,26769,2024-11-11,A,1362
7914,26771,2024-06-09,C,1006
7915,26778,2023-06-05,A,670
7916,26781,2023-07-19,A,141
7917,26783,2023-04-28,A,1527
7918,26785,2024-03-19,A,444
7919,26789,2023-06-19,A,1613
7920,26790,2023-02-12,A,894
7921,26794,2024-06-15,A,263
7922,26809,2022-09-10,C,587
7923,26813,2024-08-15,B,267
7924,26814,2024-11-16,A,277
7925,26815,2024-08-21,A,1417
7926,26817,2024-11-10,A,1636
7927,26820,2022-12-05,A,746
7928,26823,2023-05-12,A,1923
7929,26828,2023-09-28,A,1901
7930,26833,2024-06-02,C,54
7931,26837,2024-02-17,A,1287
7932,26839,2024-07-25,A,1745
7933,26840,2024-04-12,B,1792
7934,26841,2024-02-16,A,112
7935,26842,2023-02-13,A,1277
7936,26846,2023-08-15,A,713
7937,26847,2023-04-18,A,1306
7938,26848,2023-05-26,A,917
7939,26854,2023-03-25,C,367
7940,26872,2022-10-02,B,579
7941,26878,2022-10-26,A,927
7942,26879,2023-02-08,A,1275
7943,26881,2024-12-04,A,954
7944,26883,2023-08-14,A,56
7945,26891,2024-10-12,B,1101
7946,26897,2024-06-12,A,1602
7947,26898,2024-10-12,A,450
7948,26901,2023-11-04,C,1504
7949,26904,2022-10-13,A,1550
7950,26905,2022-11-02,B,668
7951,26915,2025-01-17,C,834
7952,26918,2023-09-28,C,645
7953,26919,2022-07-28,A,1871
7954,26920,2023-09-18,A,397
7955,26921,2023-11-15,A,1234
7956,26925,2023-10-20,A,1405
7957,26928,2023-09-05,C,510
7958,26935,2025-04-10,A,655
7959,26940,2023-12-02,C,1427
7960,26943,2024-11-01,A,1852
7961,26946,2024-06-14,A,460
7962,26949,2022-05-11,C,1621
7963,26950,2023-11-10,A,1069
7964,26953,2023-08-14,A,100
7965,26963,2023-06-08,B,227
7966,26965,2024-07-14,A,232
7967,26967,2024-09-18,A,1013
7968,26970,2024-02-21,A,1465
7969,26972,2024-02-03,C,948
7970,26973,2024-10-29,A,454
7971,26974,2024-07-27,A,1212
7972,26980,2023-07-13,B,1580
7973,26982,2024-05-23,A,1191
7974,26987,2024-08-26,A,1997
7975,26990,2025-04-14,A,1867
7976,26991,2022-05-30,A,1630
7977,26993,2024-10-30,A,1587
7978,26999,2025-01-22,A,990
7979,27000,2024-04-19,A,1399
7980,27003,2024-02-28,B,477
7981,27004,2024-01-03,A,764
7982,27007,2024-06-21,C,1484
7983,27009,2024-10-16,B,1623
7984,27013,2023-07-17,A,1744
7985,27016,2022-10-21,C,1813
7986,27017,2025-09-05,B,1970
7987,27018,2025-09-08,C,1798
7988,27025,2025-02-26,C,535
7989,27028,2023-02-24,A,212
7990,27029,2023-05-09,C,1760
7991,27033,2023-07-17,B,577
7992,27034,2022-04-10,C,636
7993,27035,2023-01-31,A,1025
7994,27037,2023-12-23,C,1358
7995,27045,2023-11-23,A,1412
7996,27046,2023-05-31,A,1784
7997,27050,2024-03-21,A,555
7998,27052,2022-08-21,A,689
7999,27062,2024-03-04,C,98
8000,27066,2025-01-09,C,484
8001,27071,2024-06-20,A,1479
8002,27073,2022-05-29,A,654
8003,27075,2024-10-04,B,1041
8004,27080,2023-02-08,A,1538
8005,27081,2023-08-13,B,132
8006,27107,2024-10-09,A,1126
8007,27108,2022-10-31,A,233
8008,27113,2023-07-05,B,347
8009,27114,2024-08-20,A,1131
8010,27117,2025-06-12,A,407
8011,27127,2024-07-03,A,645
8012,27129,2024-10-13,C,396
8013,27138,2023-03-21,C,1870
8014,27140,2025-01-03,B,1979
8015,27141,2023-06-09,C,45
8016,27145,2024-01-13,B,526
8017,27162,2024-03-16,A,1507
8018,27169,2024-11-29,A,1318
8019,27172,2023-10-23,A,1695
8020,27175,2023-05-15,C,1429
8021,27183,2024-08-15,A,1910
8022,27184,2024-06-05,A,1234
8023,27186,2023-09-15,A,436
8024,27187,2022-10-29,A,1887
8025,27188,2024-12-11,C,1724
8026,27191,2024-08-23,C,78
8027,27193,2025-04-04,B,1830
8028,27194,2025-06-14,A,1747
8029,27201,2024-08-02,C,1363
8030,27208,2025-06-07,C,296
8031,27210,2024-11-16,A,145
8032,27219,2023-08-17,A,1555
8033,27222,2022-09-15,A,925
8034,27223,2023-06-03,A,74
8035,27224,2025-08-18,A,1626
8036,27226,2023-12-24,A,1378
8037,27227,2024-12-04,C,749
8038,27228,2025-02-09,C,1066
8039,27231,2024-01-24,A,1031
8040,27232,2023-07-22,A,594
8041,27233,2024-05-01,A,1644
8042,27237,2022-12-25,A,946
8043,27238,2024-11-27,A,587
8044,27239,2023-03-25,C,1755
8045,27240,2024-01-27,C,916
8046,27241,2025-03-30,A,577
8047,27245,2024-08-15,A,1905
8048,27246,2024-05-11,A,154
8049,27250,2025-03-13,A,1163
8050,27251,2024-06-15,A,365
8051,27252,2025-05-17,A,1413
8052,27253,2023-06-10,A,1654
8053,27254,2023-10-17,A,1272
8054,27255,2024-07-22,B,78
8055,27256,2025-02-24,A,515
8056,27257,2022-12-08,A,348
8057,27258,2022-05-03,A,809
8058,27259,2022-11-02,A,1177
8059,27266,2025-03-17,A,1988
8060,27273,2025-06-23,A,1949
8061,27284,2023-09-03,B,1114
8062,27286,2023-01-29,A,201
8063,27290,2023-04-05,A,927
8064,27296,2023-12-28,C,1614
8065,27297,2024-06-07,A,414
8066,27302,2023-05-16,A,845
8067,27303,2024-08-13,A,1358
8068,27307,2025-01-25,C,701
8069,27309,2024-06-10,A,259
8070,27310,2022-12-12,C,1144
8071,27313,2025-07-20,B,1108
8072,27315,2024-04-27,A,1814
8073,27316,2025-05-17,C,223
8074,27317,2023-04-18,A,598
8075,27323,2022-12-01,C,1820
8076,27324,2024-10-24,A,545
8077,27327,2023-11-12,A,70
8078,27328,2023-07-14,C,158
8079,27332,2022-11-13,C,463
8080,27334,2023-01-21,A,1999
8081,27335,2024-03-09,A,775
8082,27336,2024-07-12,A,1119
8083,27351,2025-01-08,A,766
8084,27352,2022-10-07,A,1078
8085,27354,2024-04-01,C,1736
8086,27356,2025-04-25,C,1420
8087,27358,2023-07-01,B,746
8088,27359,2023-02-19,A,35
8089,27361,2025-03-02,C,1192
8090,27362,2023-01-28,A,1543
8091,27366,2024-05-05,C,1277
8092,27367,2025-07-05,A,103
8093,27368,2022-07-06,A,137
8094,27369,2025-01-24,A,1672
8095,27370,2023-02-24,A,1987
8096,27372,2023-10-01,C,1846
8097,27377,2023-02-13,A,182
8098,27379,2022-05-06,A,879
8099,27388,2023-01-20,A,955
8100,27390,2023-05-16,A,874
8101,27393,2022-11-26,A,1659
8102,27394,2022-12-26,A,1473
8103,27398,2022-05-28,A,54
8104,27401,2023-01-31,A,1723
8105,27403,2024-01-13,C,1732
8106,27409,2023-01-26,B,351
8107,27413,2024-06-07,C,901
8108,27416,2025-01-13,A,730
8109,27417,2023-12-26,A,1854
8110,27418,2022-10-25,A,1699
8111,27422,2024-10-15,A,595
8112,27434,2024-05-01,A,1176
8113,27439,2023-04-13,A,1456
8114,27440,2025-03-28,A,1217
8115,27441,2023-12-08,A,802
8116,27445,2024-11-30,A,77
8117,27454,2023-10-19,C,1665
8118,27458,2022-10-09,A,506
8119,27465,2023-10-10,B,95
8120,27467,2023-07-22,B,1611
8121,27469,2023-10-03,B,858
8122,27471,2024-07-29,A,685
8123,27473,2025-06-04,A,264
8124,27474,2023-02-14,A,882
8125,27477,2025-05-29,B,1668
8126,27479,2023-12-10,A,406
8127,27480,2025-04-21,A,1212
8128,27482,2024-04-01,B,1302
8129,27484,2025-09-26,A,1282
8130,27486,2024-09-17,C,347
8131,27490,2023-09-30,A,1175
8132,27491,2024-09-18,A,1777
8133,27499,2024-12-28,A,1104
8134,27503,2022-12-15,C,101
8135,27509,2025-05-08,A,1164
8136,27515,2023-05-13,A,912
8137,27517,2024-03-20,B,1153
8138,27523,2024-09-10,A,32
8139,27525,2025-10-08,A,148
8140,27527,2022-06-07,C,1031
8141,27528,2024-04-13,A,1260
8142,27531,2024-05-06,A,998
8143,27533,2025-04-23,A,850
8144,27543,2023-02-12,C,1066
8145,27545,2023-06-14,C,1254
8146,27549,2023-09-03,A,1110
8147,27553,2022-12-30,A,112
8148,27555,2023-09-03,C,1705
8149,27559,2023-08-15,A,705
8150,27562,2023-09-04,A,1318
8151,27564,2023-09-02,A,973
8152,27571,2024-03-15,A,348
8153,27576,2022-10-31,A,1642
8154,27580,2025-03-24,A,770
8155,27585,2024-01-05,B,1073
8156,27590,2024-04-27,A,1989
8157,27594,2023-08-23,A,1742
8158,27598,2022-08-23,A,864
8159,27609,2024-07-12,B,1456
8160,27620,2023-11-13,A,320
8161,27621,2025-03-03,B,1312
8162,27622,2022-12-20,C,1690
8163,27626,2023-09-01,C,1834
8164,27628,2025-02-09,A,748
8165,27640,2023-01-28,A,1019
8166,27642,2023-10-10,A,1410
8167,27645,2024-09-29,A,211
8168,27646,2023-02-23,A,360
8169,27650,2024-03-25,A,1853
8170,27651,2024-11-10,A,393
8171,27654,2023-06-21,C,1773
8172,27655,2023-03-05,A,55
8173,27658,2023-09-17,A,240
8174,27663,2023-06-26,A,1909
8175,27666,2024-07-31,C,1692
8176,27668,2024-04-06,A,1379
8177,27675,2022-09-17,A,1569
8178,27676,2025-01-05,A,277
8179,27684,2023-07-28,A,571
8180,27693,2022-12-05,C,253
8181,27697,2023-03-22,C,798
8182,27704,2024-12-03,C,1249
8183,27707,2023-12-12,A,1486
8184,27709,2023-06-17,A,1761
8185,27713,2024-01-09,A,549
8186,27714,2022-10-03,A,887
8187,27724,2023-09-16,A,1106
8188,27725,2022-11-07,B,1877
8189,27729,2024-04-23,A,486
8190,27731,2023-10-06,A,232
8191,27732,2024-09-21,A,1702
8192,27734,2024-12-21,A,465
8193,27736,2025-01-04,A,380
8194,27741,2023-01-04,A,1503
8195,27742,2023-01-26,A,1680
8196,27744,2023-09-17,A,7
8197,27746,2025-01-12,C,1614
8198,27753,2023-08-27,A,1920
8199,27754,2025-04-22,C,1444
8200,27755,2025-04-06,C,1900
8201,27757,2022-07-15,A,1715
8202,27760,2024-07-22,C,161
8203,27761,2025-05-03,C,1894
8204,27762,2022-10-06,A,111
8205,27772,2024-12-15,A,1446
8206,27776,2024-03-27,B,976
8207,27779,2023-09-09,A,730
8208,27790,2023-06-10,A,732
8209,27791,2023-01-27,C,1662
8210,27793,2025-01-16,C,1263
8211,27795,2023-01-10,A,1542
8212,27799,2024-11-09,A,827
8213,27800,2022-05-24,A,1788
8214,27804,2024-02-17,A,1026
8215,27810,2023-06-22,A,695
8216,27811,2024-09-05,A,1730
8217,27814,2024-03-07,A,17
8218,27816,2025-03-03,B,821
8219,27829,2024-03-13,B,645
8220,27836,2024-04-14,C,982
8221,27838,2025-08-31,A,287
8222,27839,2025-05-25,A,1632
8223,27842,2024-09-05,C,705
8224,27846,2023-04-12,A,1079
8225,27849,2024-10-23,A,688
8226,27850,2024-10-13,A,1269
8227,27851,2024-12-14,A,1085
8228,27854,2023-05-05,A,105
8229,27856,2025-02-19,A,543
8230,27857,2023-05-13,A,1613
8231,27858,2024-09-28,A,1953
8232,27859,2024-03-01,A,57
8233,27873,2023-08-10,A,1868
8234,27874,2023-09-01,C,1175
8235,27875,2024-06-26,C,1886
8236,27876,2023-10-15,C,1608
8237,27877,2023-01-31,A,145
8238,27879,2022-12-18,C,823
8239,27886,2023-05-16,A,83
8240,27890,2022-08-17,A,689
8241,27894,2024-03-15,A,705
8242,27899,2025-05-11,A,641
8243,27901,2022-11-24,C,82
8244,27903,2024-07-04,C,1994
8245,27904,2023-12-27,A,1951
8246,27908,2023-01-21,B,788
8247,27910,2023-01-05,C,1040
8248,27917,2025-01-20,A,1722
8249,27919,2022-10-24,A,304
8250,27920,2025-08-07,A,1042
8251,27921,2024-05-02,A,1196
8252,27931,2023-01-31,A,617
8253,27933,2024-09-20,A,213
8254,27936,2024-06-05,B,674
8255,27941,2022-12-01,A,1695
8256,27944,2022-08-14,A,732
8257,27950,2024-03-23,B,1847
8258,27954,2023-07-13,A,454
8259,27958,2025-04-28,A,850
8260,27962,2022-07-30,B,901
8261,27966,2023-04-01,A,1517
8262,27971,2024-10-07,B,1193
8263,27973,2023-04-14,A,1319
8264,27981,2022-12-26,A,902
8265,27984,2022-10-04,C,729
8266,27989,2022-08-13,A,337
8267,27991,2023-12-18,A,798
8268,27992,2023-10-05,C,962
8269,27995,2024-10-29,A,369
8270,28002,2024-03-12,A,1910
8271,28003,2024-08-14,A,1064
8272,28009,2025-05-01,C,1942
8273,28011,2025-02-01,A,144
8274,28012,2022-08-07,C,1321
8275,28014,2024-03-22,A,1825
8276,28017,2023-01-23,A,798
8277,28025,2024-01-09,B,417
8278,28030,2023-03-03,A,634
8279,28034,2023-02-23,A,178
8280,28045,2023-06-20,A,510
8281,28046,2023-08-01,A,439
8282,28048,2025-01-20,C,21
8283,28049,2024-10-08,C,1749
8284,28057,2025-01-31,B,171
8285,28058,2025-06-10,A,1273
8286,28059,2024-02-25,A,388
8287,28066,2024-07-07,A,757
8288,28069,2022-11-13,A,1704
8289,28074,2025-01-30,A,642
8290,28079,2025-05-06,A,277
8291,28083,2023-03-09,A,1501
8292,28084,2024-10-31,B,1385
8293,28087,2023-11-08,A,136
8294,28089,2023-01-01,B,848
8295,28092,2022-07-18,A,1764
8296,28094,2023-03-24,C,1962
8297,28097,2024-01-03,A,946
8298,28100,2023-01-16,A,1764
8299,28108,2024-10-05,A,1546
8300,28109,2023-08-26,A,1721
8301,28120,2022-09-26,A,540
8302,28122,2022-11-02,C,659
8303,28124,2025-03-24,A,646
8304,28126,2024-04-14,A,1144
8305,28127,2024-06-15,B,1083
8306,28129,2024-05-06,A,241
8307,28131,2023-01-09,C,561
8308,28134,2024-12-15,A,259
8309,28136,2024-01-24,A,271
8310,28138,2023-10-13,A,718
8311,28140,2025-04-15,A,1890
8312,28141,2024-04-25,C,215
8313,28146,2022-12-28,A,1712
8314,28147,2022-10-21,A,201
8315,28153,2025-01-01,A,1173
8316,28154,2023-05-14,A,172
8317,28162,2024-07-14,C,736
8318,28163,2024-08-09,A,552
8319,28166,2022-06-22,A,962
8320,28171,2023-01-05,A,869
8321,28179,2023-09-04,C,619
8322,28187,2022-11-08,A,1158
8323,28188,2024-09-04,A,885
8324,28189,2024-01-29,C,42
8325,28193,2024-11-09,A,217
8326,28196,2024-03-19,C,431
8327,28205,2024-02-24,A,167
8328,28220,2025-02-16,A,327
8329,28221,2025-01-27,B,234
8330,28222,2023-08-18,A,1997
8331,28224,2023-02-08,C,1054
8332,28226,2023-02-05,A,804
8333,28230,2023-03-16,C,1390
8334,28232,2022-10-22,A,621
8335,28234,2024-01-30,A,1024
8336,28237,2024-11-29,A,1507
8337,28239,2024-10-04,C,26
8338,28243,2024-08-23,A,315
8339,28248,2024-05-30,A,57
8340,28250,2025-03-13,A,851
8341,28255,2023-03-14,A,1157
8342,28258,2022-09-18,C,1996
8343,28262,2025-04-13,A,939
8344,28264,2023-03-31,A,416
8345,28266,2024-12-14,A,341
8346,28271,2023-12-29,C,308
8347,28274,2023-03-24,C,1778
8348,28276,2024-09-02,C,866
8349,28278,2023-09-07,A,1762
8350,28280,2022-05-19,A,318
8351,28283,2025-01-14,A,877
8352,28294,2024-12-09,A,1910
8353,28302,2023-08-25,A,1819
8354,28305,2024-04-14,A,1810
8355,28311,2023-12-13,C,350
8356,28315,2023-09-08,A,1383
8357,28322,2024-09-15,A,60
8358,28325,2023-12-25,A,220
8359,28326,2024-09-04,A,1144
8360,28329,2024-11-12,A,153
8361,28330,2023-06-25,A,70
8362,28331,2025-06-20,C,422
8363,28334,2023-11-09,B,1923
8364,28336,2025-06-12,B,1683
8365,28339,2023-11-02,C,55
8366,28341,2025-06-09,C,14
8367,28342,2024-04-08,A,268
8368,28344,2022-11-27,A,216
8369,28347,2024-07-22,C,127
8370,28350,2022-08-27,C,1705
8371,28351,2025-02-22,B,1926
8372,28355,2025-07-02,A,1197
8373,28363,2023-06-30,A,1813
8374,28366,2025-03-05,A,1441
8375,28367,2022-11-07,A,130
8376,28373,2024-03-01,A,300
8377,28375,2022-07-31,A,370
8378,28380,2024-01-30,B,977
8379,28382,2024-04-26,A,690
8380,28386,2024-01-29,A,951
8381,28388,2022-11-28,A,1793
8382,28389,2025-02-08,B,1044
8383,28390,2023-03-16,A,1425
8384,28396,2024-01-03,A,695
8385,28398,2025-01-11,A,978
8386,28403,2022-09-29,C,1200
8387,28404,2024-02-23,A,1247
8388,28406,2024-03-23,A,410
8389,28410,2024-08-15,A,655
8390,28411,2022-12-31,B,984
8391,28413,2022-10-08,C,1154
8392,28415,2022-12-22,A,1350
8393,28417,2023-08-15,A,1158
8394,28418,2024-07-07,A,962
8395,28419,2024-06-19,B,1385
8396,28425,2024-11-04,A,205
8397,28426,2023-04-30,A,1448
8398,28427,2022-10-21,B,1778
8399,28432,2022-07-31,A,1315
8400,28435,2023-07-16,A,327
8401,28439,2023-06-03,B,172
8402,28451,2023-03-02,A,104
8403,28453,2024-05-19,A,308
8404,28459,2023-06-10,C,444
8405,28461,2023-04-15,A,210
8406,28465,2024-03-28,A,1763
8407,28468,2022-12-12,C,719
8408,28472,2024-02-26,A,690
8409,28482,2024-05-02,A,431
8410,28483,2023-10-17,A,317
8411,28491,2023-10-06,A,664
8412,28498,2023-05-10,A,850
8413,28499,2022-08-22,A,321
8414,28501,2024-06-04,A,351
8415,28505,2025-06-27,C,532
8416,28511,2022-10-30,A,957
8417,28512,2024-11-17,C,677
8418,28513,2023-11-22,A,693
8419,28514,2023-09-03,A,1850
8420,28515,2024-01-23,A,1926
8421,28516,2024-01-05,A,1199
8422,28524,2023-07-24,A,1323
8423,28525,2025-03-15,A,212
8424,28528,2023-04-08,A,234
8425,28529,2022-05-31,A,1047
8426,28530,2024-04-24,B,937
8427,28531,2024-11-04,A,216
8428,28532,2023-07-23,C,205
8429,28539,2025-02-04,C,482
8430,28543,2024-09-26,A,1771
8431,28546,2022-12-29,A,1025
8432,28549,2023-08-25,A,1074
8433,28556,2023-10-10,A,800
8434,28557,2024-08-31,A,450
8435,28558,2023-09-28,A,418
8436,28569,2022-05-17,A,536
8437,28570,2022-12-08,A,257
8438,28578,2023-07-14,A,939
8439,28589,2023-09-29,A,413
8440,28590,2023-08-03,C,1413
8441,28591,2024-08-17,A,819
8442,28598,2024-03-05,A,1907
8443,28607,2024-03-10,A,1237
8444,28609,2024-05-15,A,90
8445,28614,2025-01-04,A,1100
8446,28615,2023-08-13,A,1109
8447,28618,2023-02-20,A,714
8448,28622,2025-02-15,C,901
8449,28634,2023-04-29,A,1470
8450,28641,2022-07-16,B,382
8451,28642,2023-10-14,A,1173
8452,28643,2024-05-20,C,664
8453,28646,2023-12-11,A,1721
8454,28650,2022-10-24,C,1835
8455,28654,2022-11-04,A,1680
8456,28658,2022-08-24,A,1983
8457,28660,2025-01-18,A,1582
8458,28663,2022-10-22,A,116
8459,28669,2024-11-14,A,138
8460,28684,2024-10-07,A,936
8461,28691,2025-03-01,A,256
8462,28692,2024-11-28,C,642
8463,28695,2023-01-27,A,1821
8464,28702,2024-12-10,A,763
8465,28704,2023-10-20,A,715
8466,28705,2025-09-24,A,1892
8467,28709,2025-01-19,A,320
8468,28714,2025-03-27,A,237
8469,28725,2023-04-27,A,1553
8470,28728,2022-06-20,A,469
8471,28735,2024-11-10,A,1598
8472,28741,2025-06-14,A,7
8473,28742,2024-05-06,C,745
8474,28743,2024-01-07,C,1961
8475,28745,2023-10-08,A,1929
8476,28753,2024-10-03,C,269
8477,28760,2022-10-09,A,159
8478,28761,2025-03-16,C,651
8479,28764,2024-10-07,A,914
8480,28765,2024-04-07,A,260
8481,28766,2024-03-23,A,1152
8482,28767,2025-03-12,C,357
8483,28772,2024-07-14,A,967
8484,28774,2023-07-06,A,1891
8485,28775,2024-08-11,A,585
8486,28777,2025-07-08,B,1615
8487,28780,2024-06-18,C,670
8488,28785,2022-09-11,A,1663
8489,28786,2022-09-09,B,118
8490,28791,2022-09-22,A,1918
8491,28794,2023-12-15,A,1051
8492,28800,2023-06-13,A,1455
8493,28803,2022-06-30,A,188
8494,28804,2024-12-10,A,219
8495,28806,2023-11-20,C,796
8496,28807,2025-01-22,A,1006
8497,28809,2024-10-02,A,1106
8498,28812,2023-05-23,C,169
8499,28814,2023-02-15,A,1659
8500,28815,2024-06-08,A,1209
8501,28817,2024-04-01,C,118
8502,28818,2023-09-10,A,678
8503,28819,2024-02-04,C,1547
8504,28820,2023-01-07,A,1785
8505,28824,2024-10-18,C,205
8506,28825,2025-05-13,A,1261
8507,28828,2023-09-07,A,282
8508,28832,2022-11-16,A,351
8509,28835,2024-12-25,A,1557
8510,28837,2024-07-30,B,987
8511,28839,2022-11-14,C,1800
8512,28841,2023-03-01,C,1531
8513,28842,2022-10-28,A,282
8514,28846,2024-08-15,C,651
8515,28847,2023-12-22,A,364
8516,28852,2025-04-05,B,1006
8517,28855,2023-10-16,C,916
8518,28857,2023-08-23,A,1011
8519,28864,2025-06-21,A,924
8520,28866,2023-08-01,A,1960
8521,28870,2023-06-04,A,623
8522,28883,2023-01-29,A,1200
8523,28886,2024-08-11,B,706
8524,28888,2024-12-06,A,1586
8525,28889,2024-05-02,A,242
8526,28890,2025-01-15,A,1537
8527,28894,2024-11-02,C,798
8528,28895,2024-12-29,A,821
8529,28897,2023-04-08,A,1790
8530,28898,2025-10-28,C,938
8531,28899,2022-09-22,C,1860
8532,28905,2025-05-18,A,728
8533,28907,2023-08-22,A,1026
8534,28910,2022-07-13,C,1513
8535,28915,2024-05-18,A,527
8536,28916,2024-04-27,A,324
8537,28917,2022-06-17,A,591
8538,28925,2023-05-28,A,397
8539,28930,2023-01-27,A,1910
8540,28932,2024-05-12,C,939
8541,28942,2023-09-28,A,1312
8542,28945,2025-04-09,A,1370
8543,28947,2023-03-31,A,919
8544,28948,2024-06-10,A,1595
8545,28950,2024-02-19,A,1271
8546,28951,2024-06-30,C,421
8547,28953,2024-09-09,C,1073
8548,28955,2024-09-17,A,1848
8549,28958,2022-06-14,A,1667
8550,28960,2025-04-07,A,1483
8551,28961,2024-02-09,A,994
8552,28966,2023-03-22,B,1944
8553,28968,2023-12-23,A,1574
8554,28969,2024-10-21,A,360
8555,28971,2024-03-18,C,795
8556,28974,2024-11-19,A,334
8557,28975,2025-01-07,A,343
8558,28976,2023-06-24,A,924
8559,28978,2023-08-06,C,1210
8560,28979,2025-06-06,A,1114
8561,28980,2024-06-15,A,1688
8562,28981,2024-08-18,A,1900
8563,28983,2022-12-24,A,1601
8564,28986,2025-09-15,C,1435
8565,28987,2023-01-11,A,1822
8566,28989,2023-06-28,B,1304
8567,28990,2022-07-14,A,1291
8568,28992,2025-04-29,A,150
8569,28998,2023-04-02,C,482
8570,29000,2024-06-25,A,629
8571,29001,2025-06-25,C,1956
8572,29005,2024-03-29,A,1023
8573,29006,2024-02-19,B,1133
8574,29007,2023-10-18,A,1447
8575,29021,2024-12-13,A,519
8576,29022,2023-01-20,A,907
8577,29023,2023-10-15,B,1609
8578,29026,2022-07-21,B,1641
8579,29028,2024-12-26,C,176
8580,29030,2023-01-30,A,1465
8581,29031,2023-01-09,A,1221
8582,29034,2024-03-25,C,1528
8583,29042,2023-10-19,A,1002
8584,29048,2024-04-09,A,1548
8585,29052,2023-06-30,C,633
8586,29054,2023-10-18,A,1137
8587,29056,2025-03-15,A,848
8588,29058,2024-02-08,C,465
8589,29065,2023-06-16,A,476
8590,29075,2023-02-10,A,1313
8591,29080,2025-10-20,A,651
8592,29082,2022-05-18,A,213
8593,29084,2023-09-09,A,1781
8594,29086,2024-01-13,C,350
8595,29087,2024-08-05,A,1876
8596,29091,2024-07-24,C,1038
8597,29099,2024-06-01,A,1521
8598,29100,2024-11-14,A,860
8599,29102,2023-07-21,A,221
8600,29104,2023-03-30,A,768
8601,29108,2023-02-28,A,1793
8602,29113,2023-05-29,A,252
8603,29114,2024-10-09,B,1900
8604,29117,2024-11-05,A,1106
8605,29119,2025-07-06,A,669
8606,29120,2022-09-20,B,604
8607,29125,2024-10-23,A,1991
8608,29127,2024-05-22,C,480
8609,29128,2023-03-20,C,265
8610,29131,2023-07-30,A,249
8611,29137,2022-12-31,B,886
8612,29139,2024-01-22,A,1810
8613,29140,2022-09-11,A,172
8614,29144,2024-06-30,C,926
8615,29145,2025-07-06,C,1561
8616,29148,2023-08-23,A,1051
8617,29154,2022-07-29,A,21
8618,29155,2023-09-23,C,1272
8619,29158,2023-07-05,A,1240
8620,29165,2023-06-20,A,575
8621,29167,2025-02-07,C,628
8622,29171,2025-05-31,A,1207
8623,29172,2024-07-17,A,1323
8624,29176,2024-07-23,A,1440
8625,29181,2022-10-03,C,1887
8626,29182,2023-01-02,A,1445
8627,29183,2023-02-22,A,1486
8628,29185,2025-02-03,A,1769
8629,29186,2023-08-15,C,333
8630,29192,2024-01-02,A,210
8631,29193,2024-09-14,C,1222
8632,29194,2024-12-16,A,1792
8633,29195,2024-10-07,C,1567
8634,29204,2024-09-30,A,1536
8635,29206,2023-10-14,A,748
8636,29207,2023-09-29,A,312
8637,29208,2022-10-02,A,420
8638,29210,2022-10-05,A,1743
8639,29213,2023-12-05,A,44
8640,29214,2023-02-08,A,1249
8641,29215,2022-11-13,A,1980
8642,29217,2025-07-31,C,1263
8643,29222,2023-05-18,A,608
8644,29228,2025-05-26,C,1266
8645,29229,2023-03-06,A,365
8646,29235,2024-11-11,A,1745
8647,29242,2025-02-20,C,145
8648,29243,2023-10-01,A,809
8649,29245,2025-07-14,C,494
8650,29249,2024-07-19,C,1126
8651,29252,2022-11-19,A,912
8652,29253,2024-06-29,A,639
8653,29254,2024-07-12,A,879
8654,29256,2022-10-17,A,118
8655,29258,2024-12-15,A,1843
8656,29260,2025-01-18,A,1861
8657,29262,2023-09-17,B,1446
8658,29265,2023-12-10,A,330
8659,29268,2022-12-20,A,942
8660,29270,2024-02-06,A,1830
8661,29272,2023-05-25,A,1901
8662,29275,2025-02-13,A,424
8663,29276,2023-07-17,A,631
8664,29280,2023-03-23,C,316
8665,29284,2023-07-02,A,420
8666,29287,2024-02-07,A,1729
8667,29294,2022-12-31,B,1758
8668,29298,2023-03-30,A,1885
8669,29304,2023-05-19,A,483
8670,29306,2022-03-17,A,730
8671,29307,2024-02-26,A,1010
8672,29308,2023-02-25,A,949
8673,29310,2022-06-25,A,798
8674,29312,2023-04-16,A,320
8675,29316,2023-03-17,A,136
8676,29319,2025-03-20,C,38
8677,29324,2022-08-27,C,494
8678,29326,2022-10-04,A,592
8679,29333,2024-10-10,A,109
8680,29337,2022-11-10,B,1091
8681,29339,2025-02-18,B,1126
8682,29346,2023-01-05,B,1779
8683,29348,2023-01-21,A,1310
8684,29352,2024-06-10,A,1975
8685,29353,2024-02-16,C,1380
8686,29359,2024-01-01,A,1377
8687,29362,2024-06-20,A,215
8688,29369,2024-01-20,A,350
8689,29373,2025-01-18,A,172
8690,29374,2022-11-06,A,57
8691,29377,2022-09-23,A,244
8692,29379,2024-10-22,A,1751
8693,29382,2024-04-11,C,1453
8694,29386,2023-10-26,B,627
8695,29387,2025-04-25,A,959
8696,29393,2023-11-09,A,1093
8697,29398,2023-06-15,B,812
8698,29402,2023-01-12,B,129
8699,29404,2024-08-27,A,394
8700,29405,2024-07-17,A,459
8701,29407,2023-05-04,A,857
8702,29409,2024-12-10,C,743
8703,29410,2023-07-01,C,1636
8704,29413,2024-12-26,A,952
8705,29417,2025-01-10,C,1669
8706,29421,2023-12-03,A,810
8707,29426,2023-01-14,A,1453
8708,29427,2024-09-13,B,329
8709,29430,2022-12-17,A,577
8710,29433,2025-01-21,A,1234
8711,29435,2024-03-30,A,930
8712,29437,2024-01-01,A,34
8713,29439,2025-09-21,C,660
8714,29443,2022-12-22,A,1945
8715,29444,2024-06-05,B,1944
8716,29447,2022-08-16,A,20
8717,29449,2023-03-10,A,861
8718,29453,2024-07-08,A,41
8719,29454,2024-12-05,A,1580
8720,29455,2024-06-25,A,1271
8721,29456,2023-11-01,A,1560
8722,29458,2024-04-04,A,69
8723,29459,2024-04-07,B,1523
8724,29465,2024-08-29,B,1658
8725,29466,2025-06-18,A,1209
8726,29472,2024-03-13,C,1287
8727,29475,2023-01-02,B,1487
8728,29483,2025-01-07,A,1203
8729,29487,2022-10-10,A,1314
8730,29488,2024-05-24,A,1652
8731,29490,2023-08-30,C,292
8732,29494,2022-10-12,A,1777
8733,29495,2022-12-09,A,1416
8734,29498,2023-01-28,A,1720
8735,29504,2025-03-05,A,1904
8736,29507,2022-08-25,A,944
8737,29509,2023-07-27,A,148
8738,29517,2024-07-15,A,353
8739,29523,2023-10-07,A,1506
8740,29525,2024-01-10,C,1445
8741,29527,2023-12-08,A,1635
8742,29529,2023-12-30,B,506
8743,29530,2024-05-10,B,399
8744,29531,2022-10-30,A,573
8745,29534,2023-04-22,A,584
8746,29537,2025-02-16,A,1663
8747,29539,2025-04-25,A,1851
8748,29540,2024-03-22,A,1174
8749,29542,2025-01-09,A,645
8750,29547,2024-02-09,B,1537
8751,29553,2023-11-28,A,52
8752,29555,2022-12-08,A,1907
8753,29561,2023-12-16,B,848
8754,29567,2023-01-14,A,673
8755,29570,2022-10-29,A,892
8756,29572,2022-08-15,A,1447
8757,29581,2024-03-11,A,1646
8758,29582,2022-06-21,B,1187
8759,29585,2024-09-18,A,606
8760,29587,2025-02-28,A,1333
8761,29588,2024-11-09,C,889
8762,29593,2023-03-23,A,469
8763,29594,2025-01-18,C,1422
8764,29598,2025-05-22,B,1093
8765,29602,2023-09-10,A,98
8766,29603,2023-09-14,A,459
8767,29604,2023-10-21,A,270
8768,29606,2025-04-06,A,956
8769,29609,2024-01-03,A,1651
8770,29610,2024-05-17,A,1646
8771,29614,2023-03-23,A,353
8772,29615,2024-08-27,A,932
8773,29620,2025-06-22,B,1798
8774,29624,2023-01-02,A,1395
8775,29630,2023-06-01,C,1096
8776,29641,2022-08-12,A,1113
8777,29642,2023-05-10,B,1879
8778,29643,2024-05-30,A,1537
8779,29645,2023-11-21,A,1678
8780,29648,2024-09-13,A,1533
8781,29651,2024-10-29,A,301
8782,29653,2024-02-04,A,619
8783,29657,2023-03-19,C,1200
8784,29659,2023-02-14,A,212
8785,29669,2024-11-26,A,1535
8786,29670,2025-03-30,A,939
8787,29674,2023-01-12,C,1015
8788,29675,2025-05-24,A,1897
8789,29677,2024-07-18,A,1880
8790,29678,2023-09-05,A,549
8791,29687,2024-06-09,A,1171
8792,29691,2024-05-17,A,1546
8793,29699,2024-01-25,A,1919
8794,29700,2023-03-17,A,1097
8795,29701,2025-01-23,A,236
8796,29702,2024-08-13,C,89
8797,29706,2025-02-18,A,821
8798,29707,2023-04-05,C,1027
8799,29708,2023-11-22,C,53
8800,29710,2025-06-01,C,997
8801,29715,2022-11-18,A,79
8802,29725,2025-01-04,A,730
8803,29727,2025-04-21,A,1327
8804,29729,2023-04-21,A,733
8805,29735,2025-04-05,A,1416
8806,29738,2022-10-08,A,1777
8807,29739,2023-10-15,A,1410
8808,29741,2024-02-25,A,167
8809,29745,2023-05-10,A,1241
8810,29746,2023-09-03,B,348
8811,29749,2022-09-24,A,1424
8812,29753,2022-12-24,B,233
8813,29754,2025-03-27,A,1674
8814,29755,2022-08-21,A,1375
8815,29765,2023-05-21,A,1354
8816,29767,2024-05-04,A,1747
8817,29772,2023-09-25,A,1197
8818,29776,2024-06-01,A,94
8819,29777,2023-06-11,C,1344
8820,29778,2023-11-30,C,1783
8821,29780,2022-11-03,A,1018
8822,29782,2025-03-23,A,579
8823,29784,2024-06-20,C,1923
8824,29794,2024-12-17,A,82
8825,29795,2023-10-12,A,248
8826,29797,2024-02-11,A,1432
8827,29798,2022-08-29,B,259
8828,29800,2025-04-27,B,108
8829,29803,2025-04-15,B,1897
8830,29804,2025-06-06,A,504
8831,29805,2024-05-14,A,414
8832,29807,2024-06-29,B,1955
8833,29808,2023-08-12,A,437
8834,29809,2025-06-12,A,646
8835,29816,2024-10-29,A,1002
8836,29818,2025-05-04,A,800
8837,29820,2023-03-03,A,712
8838,29823,2022-09-25,A,1184
8839,29827,2024-04-29,C,1979
8840,29829,2022-09-30,A,807
8841,29836,2024-08-14,A,259
8842,29838,2022-12-14,A,519
8843,29840,2023-11-03,A,1930
8844,29843,2025-05-24,A,1533
8845,29846,2023-08-25,A,1528
8846,29850,2022-07-16,A,1472
8847,29851,2022-06-24,C,199
8848,29854,2024-08-20,A,1777
8849,29857,2024-03-20,A,1772
8850,29860,2024-12-22,A,1116
8851,29864,2024-02-18,A,1305
8852,29869,2024-05-07,A,756
8853,29871,2025-08-26,C,1314
8854,29877,2025-06-29,A,1845
8855,29880,2023-04-30,C,1765
8856,29883,2025-06-04,C,1745
8857,29886,2024-02-07,A,54
8858,29891,2024-12-02,A,1519
8859,29895,2024-03-21,A,1756
8860,29896,2023-03-25,C,1005
8861,29905,2025-01-26,A,853
8862,29906,2024-04-06,A,36
8863,29909,2024-04-19,C,923
8864,29911,2023-03-29,A,299
8865,29914,2022-11-21,A,738
8866,29917,2025-01-08,A,1520
8867,29918,2025-10-06,B,1335
8868,29920,2022-06-09,A,1002
8869,29930,2025-08-13,A,854
8870,29935,2024-04-24,A,1839
8871,29936,2024-10-21,C,1844
8872,29937,2022-07-23,A,419
8873,29938,2025-01-24,A,618
8874,29941,2022-07-21,C,1472
8875,29942,2023-04-30,C,1894
8876,29943,2024-08-13,C,117
8877,29947,2024-12-31,A,1013
8878,29949,2024-04-13,C,79
8879,29954,2025-02-21,A,720
8880,29956,2023-03-08,A,865
8881,29960,2024-06-04,A,1883
8882,29965,2023-09-24,A,1960
8883,29969,2024-12-28,A,813
8884,29973,2023-06-16,A,1528
8885,29981,2024-03-13,A,1941
8886,29982,2024-09-28,A,375
8887,29985,2024-07-18,A,1620
8888,29988,2023-01-17,A,1405
8889,29989,2025-04-02,C,366
8890,29997,2025-01-21,B,867
8891,29998,2022-05-23,A,1526
8892,30008,2025-01-27,A,1430
8893,30015,2023-07-09,C,1923
8894,30020,2023-12-25,C,345
8895,30028,2023-09-16,A,411
8896,30030,2024-08-10,A,453
8897,30035,2024-08-10,A,1546
8898,30040,2023-12-17,C,307
8899,30043,2025-09-22,B,833
8900,30047,2025-03-05,C,539
8901,30049,2025-06-03,C,1593
8902,30054,2022-07-13,A,865
8903,30055,2024-12-05,C,1909
8904,30058,2023-04-15,C,899
8905,30063,2022-09-11,A,1800
8906,30064,2025-02-19,A,320
8907,30070,2024-06-21,B,149
8908,30075,2023-10-10,A,138
8909,30076,2023-07-21,B,1063
8910,30080,2023-05-01,A,1778
8911,30081,2023-09-21,C,1752
8912,30094,2023-12-06,C,100
8913,30099,2023-06-26,A,1580
8914,30102,2024-11-10,A,1987
8915,30104,2022-11-19,A,901
8916,30108,2025-02-12,A,1860
8917,30114,2022-05-30,A,1994
8918,30119,2025-02-07,C,141
8919,30122,2022-05-07,A,1078
8920,30123,2024-09-06,A,393
8921,30124,2023-01-12,C,599
8922,30126,2024-06-30,A,510
8923,30129,2022-08-03,C,1919
8924,30132,2024-05-08,A,1196
8925,30134,2023-10-26,A,1162
8926,30136,2024-07-06,A,270
8927,30137,2023-03-04,A,569
8928,30138,2025-06-16,A,155
8929,30142,2023-08-15,C,1460
8930,30143,2022-11-20,A,404
8931,30148,2024-08-01,C,516
8932,30152,2024-01-28,A,1017
8933,30158,2022-12-22,A,48
8934,30165,2025-03-01,B,1870
8935,30168,2023-06-12,A,583
8936,30170,2022-07-06,B,1872
8937,30176,2022-09-30,A,907
8938,30177,2023-01-19,B,140
8939,30178,2023-03-31,C,484
8940,30186,2024-11-10,A,1841
8941,30191,2025-05-05,B,819
8942,30192,2025-07-05,A,1427
8943,30194,2023-06-24,A,1111
8944,30206,2024-11-15,A,810
8945,30211,2024-10-10,A,876
8946,30216,2024-03-07,A,1870
8947,30220,2025-04-08,C,501
8948,30221,2024-11-25,A,219
8949,30223,2023-06-10,B,226
8950,30226,2025-01-23,B,1035
8951,30228,2022-05-12,B,715
8952,30235,2024-08-25,A,1214
8953,30236,2025-02-23,A,337
8954,30237,2025-01-14,C,76
8955,30241,2023-07-18,A,1683
8956,30243,2023-12-03,A,1534
8957,30245,2024-03-27,A,1576
8958,30246,2023-12-30,A,659
8959,30252,2023-04-07,C,1006
8960,30255,2024-07-06,A,1244
8961,30257,2025-03-11,A,1931
8962,30259,2023-03-02,B,16
8963,30260,2022-08-28,A,942
8964,30261,2024-04-15,A,385
8965,30265,2025-02-19,A,1764
8966,30266,2023-11-13,A,98
8967,30271,2023-10-24,C,576
8968,30273,2024-02-28,A,1910
8969,30277,2024-09-26,A,420
8970,30279,2024-05-27,C,789
8971,30282,2022-11-10,A,376
8972,30287,2022-12-13,A,1929
8973,30289,2023-07-19,A,1642
8974,30290,2025-06-10,A,641
8975,30298,2023-08-07,A,589
8976,30302,2025-12-08,A,1113
8977,30305,2024-10-14,B,1906
8978,30311,2024-06-12,A,1181
8979,30315,2023-09-19,C,551
8980,30316,2023-02-10,A,1310
8981,30320,2023-09-23,B,445
8982,30322,2024-07-15,A,730
8983,30325,2024-08-25,C,1684
8984,30326,2023-02-26,A,15
8985,30327,2023-06-23,B,259
8986,30329,2022-11-05,A,1930
8987,30334,2024-01-27,A,715
8988,30335,2024-01-19,A,499
8989,30340,2022-07-02,A,402
8990,30342,2023-05-30,A,661
8991,30343,2025-02-12,A,198
8992,30349,2023-12-18,A,1093
8993,30351,2023-02-21,A,298
8994,30357,2023-05-29,A,429
8995,30363,2025-05-10,A,65
8996,30364,2025-02-19,A,629
8997,30367,2023-09-15,C,1051
8998,30369,2023-03-14,C,1122
8999,30370,2023-02-21,B,164
9000,30373,2025-03-21,A,1899
9001,30374,2022-06-08,A,654
9002,30382,2024-09-23,A,7
9003,30384,2024-11-30,A,795
9004,30386,2024-01-27,A,1918
9005,30387,2025-03-04,A,364
9006,30390,2023-01-18,A,227
9007,30392,2024-09-30,A,1547
9008,30398,2023-09-22,C,353
9009,30401,2022-06-05,A,291
9010,30404,2023-03-08,A,1145
9011,30406,2023-05-10,C,670
9012,30416,2022-07-16,C,38
9013,30418,2022-11-24,A,667
9014,30420,2023-07-28,A,90
9015,30422,2023-01-04,C,1558
9016,30430,2024-06-29,A,43
9017,30438,2022-08-18,A,88
9018,30443,2023-12-04,A,1139
9019,30448,2025-03-15,A,548
9020,30453,2025-05-04,A,1473
9021,30454,2024-11-10,C,1954
9022,30464,2023-04-28,A,850
9023,30469,2022-07-16,A,1622
9024,30472,2025-02-15,B,1674
9025,30473,2023-01-04,A,715
9026,30474,2024-09-07,B,887
9027,30475,2024-02-10,A,1291
9028,30481,2023-06-30,C,1150
9029,30482,2024-10-27,A,1541
9030,30483,2024-10-09,A,402
9031,30484,2023-03-02,A,1231
9032,30494,2023-03-20,A,1887
9033,30495,2023-01-17,A,1656
9034,30498,2023-09-06,C,1078
9035,30499,2022-12-25,A,788
9036,30500,2023-05-26,C,1962
9037,30502,2024-12-18,A,1313
9038,30503,2024-05-26,B,1343
9039,30511,2023-04-29,C,1956
9040,30513,2024-08-14,A,474
9041,30514,2023-09-17,A,730
9042,30515,2023-12-13,B,664
9043,30516,2023-09-04,A,1786
9044,30517,2025-02-09,A,1455
9045,30518,2023-12-20,A,1950
9046,30522,2025-03-12,A,1394
9047,30523,2024-06-29,C,1944
9048,30525,2022-04-09,A,487
9049,30527,2024-06-26,C,289
9050,30536,2024-06-25,B,16
9051,30540,2023-02-19,A,898
9052,30541,2023-08-21,A,728
9053,30547,2024-04-13,A,445
9054,30548,2023-01-22,B,1488
9055,30552,2025-01-15,A,328
9056,30557,2024-10-06,A,1296
9057,30559,2023-11-13,B,163
9058,30564,2023-04-05,B,494
9059,30566,2024-05-09,B,21
9060,30569,2022-06-11,A,724
9061,30570,2023-01-29,C,779
9062,30575,2024-11-07,A,606
9063,30579,2024-06-23,A,9
9064,30591,2024-02-18,A,774
9065,30597,2024-02-10,B,1316
9066,30602,2023-11-30,B,1214
9067,30606,2025-02-27,A,191
9068,30610,2023-09-11,C,1280
9069,30612,2022-12-08,A,148
9070,30614,2022-08-13,A,445
9071,30615,2024-05-01,A,1223
9072,30622,2023-09-08,A,1178
9073,30625,2023-01-16,A,1229
9074,30626,2025-04-18,A,1805
9075,30627,2023-10-28,A,1802
9076,30629,2024-12-30,A,994
9077,30632,2023-03-17,C,1469
9078,30634,2024-05-24,A,598
9079,30635,2023-05-22,C,1471
9080,30636,2023-08-06,A,1854
9081,30638,2025-01-22,A,753
9082,30643,2023-11-08,C,1795
9083,30648,2025-01-23,A,1229
9084,30649,2023-04-21,C,970
9085,30658,2022-09-07,C,1693
9086,30659,2024-03-06,A,181
9087,30670,2025-01-23,A,306
9088,30673,2023-10-14,A,878
9089,30679,2024-03-26,A,1696
9090,30681,2024-08-15,B,1842
9091,30686,2025-07-04,A,580
9092,30691,2024-06-20,A,1617
9093,30695,2024-08-12,A,1019
9094,30699,2023-03-01,A,985
9095,30703,2024-10-09,A,1491
9096,30707,2025-01-24,C,1730
9097,30711,2024-07-28,A,1568
9098,30714,2023-07-29,C,1907
9099,30717,2025-08-26,A,112
9100,30718,2024-01-02,A,584
9101,30724,2023-07-09,A,1829
9102,30725,2023-05-28,A,237
9103,30727,2024-07-10,A,299
9104,30728,2025-03-14,A,621
9105,30733,2023-12-22,A,1595
9106,30737,2022-03-08,B,1479
9107,30738,2023-11-15,B,413
9108,30758,2025-01-01,A,1245
9109,30761,2024-08-07,A,740
9110,30768,2022-05-26,A,53
9111,30770,2023-12-28,A,241
9112,30775,2023-07-07,C,1501
9113,30777,2023-01-22,C,787
9114,30785,2024-07-17,B,1557
9115,30788,2024-02-05,A,2000
9116,30789,2025-06-07,B,1219
9117,30790,2024-03-11,C,1543
9118,30793,2023-05-18,C,1726
9119,30800,2023-11-28,A,1156
9120,30802,2025-04-01,C,386
9121,30806,2024-08-01,B,35
9122,30822,2023-09-27,C,914
9123,30823,2024-04-27,A,274
9124,30828,2024-08-04,A,1355
9125,30830,2024-03-31,A,458
9126,30835,2023-04-04,C,138
9127,30838,2025-06-26,A,1340
9128,30843,2023-10-16,A,1254
9129,30844,2023-08-22,A,590
9130,30845,2022-10-22,A,366
9131,30846,2024-02-11,A,1816
9132,30853,2023-05-03,A,1127
9133,30854,2024-02-04,C,16
9134,30856,2025-08-31,A,385
9135,30858,2025-05-20,A,507
9136,30862,2024-02-19,C,1236
9137,30865,2024-06-14,A,1292
9138,30867,2023-11-28,A,693
9139,30882,2024-08-28,C,981
9140,30883,2025-07-22,A,1756
9141,30891,2023-06-28,A,257
9142,30894,2022-12-02,A,608
9143,30895,2022-11-25,A,1385
9144,30897,2023-06-13,C,1790
9145,30899,2025-01-18,C,85
9146,30901,2024-01-09,B,751
9147,30903,2023-09-11,A,662
9148,30904,2023-03-14,C,1624
9149,30911,2024-08-14,A,366
9150,30913,2023-01-09,A,38
9151,30915,2024-07-27,A,1481
9152,30916,2024-04-04,A,464
9153,30919,2022-09-30,A,1070
9154,30926,2023-10-15,A,485
9155,30929,2022-09-16,A,402
9156,30932,2024-12-15,C,575
9157,30939,2024-10-02,A,1244
9158,30941,2024-03-23,A,1608
9159,30942,2023-06-15,A,922
9160,30947,2024-01-22,A,403
9161,30950,2024-02-01,C,598
9162,30951,2023-12-27,A,248
9163,30952,2022-11-02,C,851
9164,30954,2023-07-13,A,1453
9165,30958,2024-08-11,A,1798
9166,30959,2024-02-05,A,197
9167,30962,2023-05-17,A,192
9168,30964,2024-12-20,A,71
9169,30967,2025-01-13,A,1484
9170,30972,2024-11-16,A,179
9171,30973,2024-10-26,A,477
9172,30975,2024-03-21,A,445
9173,30980,2025-10-14,A,153
9174,30983,2024-10-17,B,849
9175,30987,2022-07-17,C,999
9176,30994,2023-04-29,C,1447
9177,30995,2024-03-05,A,749
9178,30998,2025-05-27,A,1170
9179,31002,2025-01-25,C,1563
9180,31004,2022-10-03,A,1518
9181,31012,2024-08-20,A,1040
9182,31018,2024-06-14,A,1277
9183,31019,2023-11-11,A,391
9184,31022,2022-09-21,A,258
9185,31031,2024-12-08,C,1302
9186,31032,2022-10-16,C,939
9187,31034,2022-09-24,C,1515
9188,31036,2022-11-10,C,605
9189,31039,2024-01-08,A,1745
9190,31041,2023-12-19,C,1498
9191,31043,2022-06-03,A,1512
9192,31051,2025-01-14,A,1950
9193,31055,2025-03-01,A,607
9194,31057,2025-02-19,A,1873
9195,31058,2024-02-16,A,465
9196,31064,2024-09-01,B,1196
9197,31067,2024-06-15,A,581
9198,31075,2023-02-06,A,458
9199,31076,2025-03-14,A,1091
9200,31077,2024-05-28,A,413
9201,31078,2023-11-10,C,1780
9202,31079,2023-12-10,A,1469
9203,31086,2024-02-08,A,372
9204,31090,2025-01-11,C,1143
9205,31092,2025-05-25,A,139
9206,31094,2025-05-07,A,862
9207,31097,2023-09-09,A,1888
9208,31104,2024-05-06,A,904
9209,31108,2024-05-24,A,1323
9210,31111,2022-10-10,A,1873
9211,31114,2024-07-20,A,907
9212,31117,2023-03-03,A,1363
9213,31120,2023-02-26,A,401
9214,31122,2025-01-10,A,1113
9215,31126,2024-04-01,A,1396
9216,31130,2024-08-12,A,900
9217,31131,2025-03-10,A,1835
9218,31137,2023-08-05,A,1213
9219,31139,2025-04-20,C,1892
9220,31140,2023-08-26,A,978
9221,31141,2023-12-08,A,1160
9222,31148,2023-05-25,B,1592
9223,31151,2025-01-26,A,1629
9224,31156,2024-05-19,A,1178
9225,31159,2024-03-09,A,1260
9226,31163,2024-04-02,A,1922
9227,31173,2024-12-30,A,72
9228,31178,2024-03-25,A,263
9229,31190,2025-07-19,B,1638
9230,31194,2023-06-13,B,1714
9231,31195,2024-04-26,A,1109
9232,31198,2023-04-03,A,1321
9233,31199,2023-10-27,A,1825
9234,31200,2025-07-05,A,986
9235,31201,2024-05-01,C,1812
9236,31204,2023-11-21,A,1642
9237,31205,2024-03-04,C,1113
9238,31206,2024-05-15,B,1907
9239,31207,2024-07-22,A,1228
9240,31208,2023-03-22,C,1010
9241,31210,2024-10-24,A,821
9242,31211,2024-08-13,A,1244
9243,31215,2023-04-10,C,55
9244,31223,2025-01-06,A,487
9245,31225,2025-01-07,A,624
9246,31226,2022-07-14,C,379
9247,31228,2022-06-06,A,1802
9248,31238,2023-03-31,A,100
9249,31243,2024-09-14,C,1668
9250,31247,2025-01-10,A,235
9251,31248,2023-04-04,A,1304
9252,31253,2023-11-10,C,534
9253,31257,2022-12-21,A,1995
9254,31259,2025-05-08,C,174
9255,31263,2022-11-03,A,530
9256,31264,2022-11-01,B,1536
9257,31266,2022-11-04,B,1572
9258,31267,2023-03-25,A,1
9259,31270,2022-04-03,C,1232
9260,31276,2023-09-01,A,800
9261,31277,2023-07-23,A,1580
9262,31281,2024-03-26,A,169
9263,31298,2024-12-24,A,1825
9264,31310,2024-05-02,A,546
9265,31312,2023-03-21,C,9
9266,31313,2024-10-08,A,1871
9267,31316,2023-06-10,C,1920
9268,31319,2024-10-13,A,1789
9269,31320,2022-05-18,A,1049
9270,31322,2025-01-25,A,497
9271,31323,2025-05-01,A,851
9272,31326,2024-05-10,A,1919
9273,31328,2024-03-21,A,260
9274,31330,2023-05-25,A,1800
9275,31339,2024-05-02,B,1897
9276,31342,2023-11-19,A,99
9277,31343,2023-04-27,A,1163
9278,31346,2023-12-22,C,938
9279,31350,2023-04-10,A,317
9280,31355,2025-03-05,A,1694
9281,31359,2024-02-15,A,812
9282,31360,2024-10-08,A,923
9283,31361,2024-03-19,C,1980
9284,31366,2023-09-13,A,1348
9285,31367,2023-01-30,C,231
9286,31371,2022-07-09,C,1025
9287,31372,2023-01-17,A,149
9288,31373,2025-06-06,A,341
9289,31376,2025-01-13,C,168
9290,31383,2024-02-19,C,1404
9291,31385,2023-06-17,C,212
9292,31388,2025-04-11,A,1748
9293,31394,2022-09-19,A,730
9294,31395,2023-08-11,B,1622
9295,31397,2022-11-02,B,1625
9296,31401,2023-04-15,A,1138
9297,31403,2023-10-07,A,1309
9298,31404,2024-08-21,A,1429
9299,31407,2022-09-13,C,1212
9300,31409,2023-04-27,A,1121
9301,31411,2025-04-16,A,867
9302,31413,2024-07-14,C,1545
9303,31417,2023-12-30,C,1061
9304,31418,2022-08-13,A,1871
9305,31425,2025-02-20,A,1783
9306,31428,2025-03-03,A,1869
9307,31429,2022-12-09,A,585
9308,31441,2022-10-09,A,582
9309,31445,2023-03-22,B,1536
9310,31448,2023-02-07,A,1620
9311,31450,2025-05-25,A,405
9312,31454,2025-04-29,A,273
9313,31458,2025-04-16,B,1282
9314,31461,2024-02-12,A,975
9315,31462,2023-06-24,A,1543
9316,31464,2024-02-12,B,651
9317,31473,2024-04-06,A,998
9318,31478,2025-09-21,A,1665
9319,31484,2024-11-07,A,704
9320,31492,2024-09-12,A,542
9321,31493,2024-03-27,A,488
9322,31495,2024-03-06,A,799
9323,31496,2025-03-06,C,451
9324,31502,2022-04-03,A,1354
9325,31503,2024-05-25,A,1252
9326,31504,2025-03-23,A,288
9327,31506,2023-01-27,A,187
9328,31509,2025-06-07,A,393
9329,31511,2024-04-18,A,1451
9330,31512,2024-01-30,C,1340
9331,31514,2024-07-17,A,513
9332,31518,2023-03-05,A,1934
9333,31520,2023-07-16,A,1088
9334,31521,2022-12-07,A,73
9335,31524,2022-07-27,A,8
9336,31531,2022-05-05,A,1523
9337,31535,2024-12-30,A,1374
9338,31536,2025-03-14,C,1746
9339,31539,2025-03-28,C,1795
9340,31542,2023-12-28,A,887
9341,31546,2024-06-16,B,1100
9342,31547,2023-11-17,A,69
9343,31549,2025-02-16,A,1901
9344,31550,2022-11-05,C,867
9345,31551,2024-07-06,C,1467
9346,31552,2024-12-26,A,1929
9347,31553,2022-12-03,A,920
9348,31556,2023-12-21,A,961
9349,31559,2024-02-12,C,1920
9350,31560,2023-05-29,B,521
9351,31565,2024-03-07,C,241
9352,31567,2024-03-14,A,1656
9353,31570,2023-08-07,A,1294
9354,31574,2024-04-23,A,200
9355,31579,2023-04-02,A,377
9356,31581,2023-05-28,A,1954
9357,31584,2023-08-25,A,1888
9358,31586,2023-01-24,C,1943
9359,31588,2025-02-05,C,1485
9360,31592,2023-05-16,A,634
9361,31595,2023-08-24,A,1754
9362,31597,2022-07-10,B,410
9363,31599,2025-01-25,A,959
9364,31609,2023-05-30,B,204
9365,31615,2023-11-06,C,1141
9366,31618,2025-06-22,A,1868
9367,31619,2024-10-10,A,434
9368,31625,2023-06-03,A,431
9369,31626,2025-01-06,A,1502
9370,31628,2025-06-04,A,420
9371,31630,2022-10-03,A,491
9372,31642,2023-06-13,A,1535
9373,31646,2024-12-29,A,1261
9374,31649,2022-06-18,B,168
9375,31656,2023-09-04,A,1699
9376,31661,2025-03-29,B,1496
9377,31662,2022-05-25,C,1978
9378,31666,2024-02-06,A,1733
9379,31667,2024-09-15,B,1427
9380,31668,2022-11-02,C,1387
9381,31677,2025-07-15,A,1324
9382,31678,2024-10-01,A,1536
9383,31679,2024-03-13,B,1132
9384,31685,2025-08-15,A,499
9385,31688,2023-09-22,A,730
9386,31697,2023-02-06,C,370
9387,31703,2025-03-23,A,159
9388,31704,2022-10-11,C,1458
9389,31714,2025-02-09,A,766
9390,31715,2022-04-21,A,1269
9391,31722,2024-09-18,A,307
9392,31728,2024-02-23,A,1214
9393,31730,2025-02-09,A,909
9394,31734,2023-09-06,A,1678
9395,31739,2023-10-09,A,1793
9396,31743,2025-03-08,A,902
9397,31744,2022-10-01,A,862
9398,31747,2023-11-01,A,1319
9399,31748,2023-12-15,A,1788
9400,31749,2024-04-06,A,1133
9401,31750,2023-03-02,C,546
9402,31751,2025-05-02,C,906
9403,31753,2025-01-10,C,1997
9404,31754,2023-03-21,C,982
9405,31756,2025-02-16,A,1130
9406,31760,2023-08-29,A,1743
9407,31761,2024-10-31,B,1241
9408,31762,2022-12-09,C,739
9409,31763,2025-02-06,A,1055
9410,31769,2024-12-24,C,568
9411,31779,2022-06-21,A,1969
9412,31782,2024-01-14,B,173
9413,31787,2024-04-24,C,1202
9414,31788,2022-10-27,A,490
9415,31790,2022-08-07,A,876
9416,31803,2023-01-09,A,916
9417,31807,2022-12-26,C,1534
9418,31808,2023-03-06,A,1684
9419,31810,2023-07-04,A,559
9420,31820,2023-07-05,A,200
9421,31825,2024-02-09,A,780
9422,31826,2023-04-09,A,1454
9423,31829,2024-01-28,A,1283
9424,31830,2023-09-12,C,1964
9425,31832,2025-06-01,A,861
9426,31838,2024-03-31,A,899
9427,31842,2023-06-29,C,1317
9428,31844,2024-07-17,C,901
9429,31845,2022-10-12,A,1336
9430,31849,2022-05-08,A,799
9431,31852,2024-05-23,B,1859
9432,31855,2022-12-06,A,335
9433,31858,2025-04-19,A,883
9434,31863,2024-02-27,A,12
9435,31864,2022-10-04,A,839
9436,31871,2022-11-16,C,1625
9437,31874,2025-07-18,B,1714
9438,31884,2024-09-24,C,202
9439,31888,2025-03-06,A,1594
9440,31892,2025-04-25,A,1875
9441,31893,2025-03-01,A,819
9442,31895,2024-07-10,B,11
9443,31897,2023-01-03,B,439
9444,31898,2024-03-26,A,1676
9445,31901,2022-11-01,B,1430
9446,31904,2023-05-22,A,325
9447,31911,2024-02-06,C,1117
9448,31912,2022-08-08,B,1394
9449,31918,2022-08-12,A,736
9450,31919,2022-10-01,A,1666
9451,31921,2025-04-08,A,197
9452,31922,2024-06-13,A,168
9453,31923,2025-07-24,A,314
9454,31924,2023-04-23,A,639
9455,31925,2024-10-27,C,1018
9456,31927,2022-08-13,A,1416
9457,31931,2023-09-25,B,5
9458,31933,2025-01-08,A,200
9459,31935,2022-08-15,A,480
9460,31939,2024-04-27,A,218
9461,31940,2024-02-21,A,1830
9462,31943,2023-03-04,C,639
9463,31944,2022-12-23,A,619
9464,31948,2024-01-10,A,1269
9465,31953,2023-10-25,A,614
9466,31954,2023-09-06,A,1197
9467,31955,2023-02-20,B,907
9468,31959,2024-11-09,A,1607
9469,31964,2022-09-23,A,1979
9470,31965,2023-08-12,A,584
9471,31971,2024-05-14,A,1316
9472,31978,2024-01-19,C,522
9473,31983,2024-10-27,B,1193
9474,31985,2024-10-24,A,1941
9475,31986,2023-10-28,B,1124
9476,31988,2023-05-09,A,990
9477,31993,2023-10-14,C,253
9478,31994,2024-02-08,A,792
9479,31999,2023-11-26,A,845
9480,32000,2022-09-06,A,1872
9481,32007,2023-08-29,A,899
9482,32009,2023-08-22,A,1571
9483,32013,2022-09-18,A,23
9484,32022,2023-09-27,A,1001
9485,32024,2023-01-13,A,929
9486,32026,2023-01-24,A,764
9487,32032,2024-01-27,A,117
9488,32033,2024-06-27,A,570
9489,32036,2024-01-11,B,1748
9490,32039,2025-03-10,A,672
9491,32040,2025-04-09,A,1091
9492,32041,2025-05-15,A,738
9493,32045,2024-07-30,C,305
9494,32049,2024-07-03,A,1732
9495,32052,2024-05-14,A,448
9496,32054,2025-03-27,C,814
9497,32055,2022-09-12,A,1600
9498,32057,2024-01-18,A,1633
9499,32067,2022-05-17,A,42
9500,32069,2023-09-28,A,354
9501,32071,2024-05-11,A,672
9502,32072,2023-10-21,A,1950
9503,32074,2022-10-24,A,242
9504,32075,2024-05-20,A,1531
9505,32077,2024-09-26,C,1709
9506,32078,2023-03-20,A,1093
9507,32081,2025-02-18,A,374
9508,32082,2022-10-18,A,216
9509,32084,2022-11-06,A,1580
9510,32087,2024-04-22,A,1342
9511,32089,2022-06-07,A,1485
9512,32091,2025-05-05,A,1336
9513,32097,2022-08-16,A,1498
9514,32100,2023-05-12,C,1589
9515,32101,2022-07-03,A,348
9516,32105,2024-06-23,A,145
9517,32106,2023-08-01,B,1059
9518,32107,2022-08-20,A,1951
9519,32113,2025-01-21,A,1624
9520,32116,2024-06-25,A,527
9521,32119,2023-05-03,C,1113
9522,32120,2023-03-01,A,59
9523,32131,2022-11-14,A,832
9524,32134,2024-02-17,C,361
9525,32137,2024-10-08,A,1620
9526,32143,2023-09-07,B,6
9527,32145,2024-01-29,A,1715
9528,32147,2024-08-12,A,1657
9529,32150,2022-09-04,A,1849
9530,32162,2024-11-08,A,434
9531,32166,2023-08-14,C,319
9532,32167,2022-04-17,B,1515
9533,32168,2024-04-17,A,737
9534,32170,2023-05-07,A,115
9535,32172,2024-09-30,A,1730
9536,32174,2025-06-18,A,598
9537,32179,2023-05-25,C,563
9538,32184,2023-09-25,A,1831
9539,32188,2025-01-15,A,1003
9540,32189,2022-09-16,B,1851
9541,32192,2024-06-22,C,831
9542,32193,2022-12-13,A,1581
9543,32211,2024-09-09,B,28
9544,32214,2022-09-13,A,629
9545,32216,2025-01-22,A,1544
9546,32222,2025-03-01,C,527
9547,32224,2024-01-12,A,1988
9548,32228,2022-10-27,A,699
9549,32232,2023-11-24,B,1028
9550,32235,2024-03-29,A,484
9551,32239,2024-06-16,A,1417
9552,32241,2023-09-18,C,635
9553,32245,2023-10-17,C,1877
9554,32246,2022-08-29,A,998
9555,32251,2024-09-05,A,1386
9556,32252,2023-07-24,A,99
9557,32258,2022-10-10,A,1146
9558,32260,2023-07-05,A,351
9559,32264,2023-10-05,A,21
9560,32270,2023-01-26,A,1201
9561,32277,2024-08-11,A,1120
9562,32290,2024-09-18,A,85
9563,32291,2023-11-02,A,1869
9564,32295,2024-06-14,A,1374
9565,32296,2025-03-14,A,1413
9566,32299,2025-04-20,C,1586
9567,32307,2023-05-22,A,312
9568,32310,2024-07-18,A,212
9569,32317,2024-07-16,A,81
9570,32321,2024-06-23,A,1821
9571,32322,2023-12-19,A,107
9572,32330,2024-11-25,A,1504
9573,32335,2023-04-25,B,717
9574,32336,2025-02-20,A,166
9575,32338,2023-06-27,C,73
9576,32344,2024-03-01,C,65
9577,32346,2022-11-05,B,847
9578,32347,2022-12-27,A,266
9579,32348,2023-01-02,B,1935
9580,32354,2022-06-21,C,667
9581,32357,2024-12-21,A,978
9582,32362,2025-04-30,C,381
9583,32364,2023-05-29,A,1546
9584,32365,2024-04-01,A,480
9585,32366,2023-02-02,A,1557
9586,32371,2024-02-14,C,1371
9587,32373,2023-07-08,A,385
9588,32376,2024-07-01,A,1486
9589,32377,2022-11-05,C,1556
9590,32378,2025-06-03,A,821
9591,32380,2025-02-17,B,1398
9592,32386,2024-10-05,A,253
9593,32391,2022-10-28,C,1204
9594,32393,2023-08-28,A,44
9595,32395,2024-12-27,A,1211
9596,32398,2025-03-26,C,510
9597,32399,2025-02-01,A,1946
9598,32401,2023-10-14,A,56
9599,32409,2025-02-10,A,908
9600,32410,2025-08-29,A,418
9601,32411,2023-02-21,A,988
9602,32412,2025-01-07,C,1404
9603,32414,2023-06-05,A,146
9604,32417,2024-02-12,C,1681
9605,32422,2024-04-17,C,331
9606,32423,2023-02-17,A,434
9607,32426,2023-07-30,C,975
9608,32429,2024-04-08,A,1092
9609,32432,2024-10-31,A,1445
9610,32434,2025-04-21,C,206
9611,32440,2024-05-28,A,707
9612,32452,2022-07-08,C,1119
9613,32456,2022-11-18,A,308
9614,32461,2023-03-12,B,84
9615,32463,2024-04-23,A,1623
9616,32473,2025-07-17,A,1914
9617,32476,2025-03-17,B,1344
9618,32478,2022-05-03,A,456
9619,32485,2023-04-06,A,859
9620,32497,2023-01-20,B,638
9621,32500,2024-11-15,C,1716
9622,32502,2023-02-12,A,349
9623,32503,2025-07-15,A,1117
9624,32506,2022-11-24,A,1070
9625,32507,2023-02-01,A,1805
9626,32511,2024-09-06,C,462
9627,32513,2023-01-31,A,1949
9628,32514,2023-02-15,A,411
9629,32519,2025-01-01,A,1941
9630,32521,2023-02-23,A,472
9631,32524,2022-11-25,C,323
9632,32525,2024-01-24,C,1458
9633,32526,2024-01-14,B,1861
9634,32538,2025-06-03,A,645
9635,32539,2024-11-03,C,143
9636,32540,2022-09-20,A,537
9637,32541,2024-10-23,A,164
9638,32542,2024-02-03,C,660
9639,32543,2025-06-14,A,757
9640,32546,2024-01-03,C,1226
9641,32548,2024-09-11,A,191
9642,32550,2025-04-13,A,1815
9643,32553,2023-05-04,C,925
9644,32557,2024-01-26,A,626
9645,32558,2024-07-27,A,660
9646,32563,2024-10-03,B,1306
9647,32564,2024-03-22,A,392
9648,32565,2024-10-09,A,291
9649,32568,2025-01-31,A,675
9650,32574,2025-09-22,B,1700
9651,32575,2024-02-05,A,1339
9652,32576,2025-02-09,B,1666
9653,32580,2024-09-18,A,1760
9654,32581,2023-01-02,A,16
9655,32582,2024-06-30,A,1890
9656,32587,2024-07-08,A,718
9657,32590,2022-11-29,C,637
9658,32592,2025-05-03,C,1869
9659,32597,2024-09-08,A,560
9660,32598,2023-03-26,A,1768
9661,32599,2024-07-13,A,1190
9662,32602,2023-09-12,A,364
9663,32603,2024-10-04,A,900
9664,32607,2025-03-27,A,136
9665,32609,2023-01-23,A,1598
9666,32612,2024-12-23,A,338
9667,32613,2022-09-22,A,102
9668,32619,2023-12-27,C,1199
9669,32620,2025-11-12,A,1543
9670,32622,2025-03-25,A,914
9671,32628,2023-09-18,B,103
9672,32630,2024-07-18,A,1374
9673,32632,2024-11-26,A,1991
9674,32636,2024-11-08,A,186
9675,32642,2024-04-15,A,1200
9676,32645,2025-07-09,C,845
9677,32646,2023-06-19,C,1813
9678,32655,2024-07-05,A,1117
9679,32658,2022-12-24,A,647
9680,32663,2024-09-19,A,1529
9681,32665,2024-02-03,A,1345
9682,32667,2023-07-30,C,1607
9683,32673,2024-04-15,A,1542
9684,32674,2024-06-30,A,278
9685,32675,2022-11-16,C,315
9686,32683,2023-02-10,A,1727
9687,32684,2025-01-15,A,744
9688,32689,2023-06-27,A,248
9689,32691,2024-10-26,C,577
9690,32697,2022-11-09,C,843
9691,32699,2023-10-18,A,982
9692,32700,2024-10-20,A,1384
9693,32701,2025-04-23,A,804
9694,32702,2022-05-22,A,389
9695,32705,2024-03-12,A,771
9696,32706,2023-10-04,C,1013
9697,32708,2023-04-15,C,1910
9698,32710,2024-03-07,C,649
9699,32713,2022-06-03,B,592
9700,32715,2024-08-07,C,1793
9701,32716,2024-11-15,A,196
9702,32718,2023-06-26,A,1477
9703,32719,2023-12-11,A,1048
9704,32721,2024-09-23,A,968
9705,32731,2022-06-10,A,1560
9706,32739,2024-07-05,A,1659
9707,32743,2022-10-28,A,1636
9708,32744,2024-01-31,A,1436
9709,32745,2024-10-24,B,1349
9710,32746,2023-03-02,C,1532
9711,32748,2023-10-04,A,237
9712,32753,2023-02-22,A,405
9713,32755,2023-01-15,A,1276
9714,32756,2023-01-27,A,1175
9715,32762,2023-04-17,C,1671
9716,32764,2023-12-22,A,489
9717,32765,2023-11-29,A,930
9718,32766,2024-05-10,C,450
9719,32767,2022-07-27,B,1934
9720,32772,2022-10-04,B,1619
9721,32775,2022-11-02,A,1561
9722,32776,2023-12-26,A,757
9723,32779,2025-01-26,A,508
9724,32785,2024-02-19,C,1944
9725,32787,2024-10-11,C,738
9726,32788,2025-01-25,A,532
9727,32790,2022-09-27,A,325
9728,32792,2022-12-29,C,1622
9729,32793,2022-12-19,A,102
9730,32796,2025-04-29,B,1386
9731,32798,2023-01-07,A,1779
9732,32804,2025-03-03,C,873
9733,32813,2023-12-26,C,792
9734,32814,2025-04-09,B,1665
9735,32817,2024-04-29,A,1183
9736,32818,2024-01-15,A,1489
9737,32819,2024-07-27,A,1836
9738,32820,2024-08-07,A,152
9739,32825,2025-01-20,C,1185
9740,32827,2023-03-27,A,571
9741,32828,2024-04-18,A,807
9742,32832,2023-12-22,A,1833
9743,32833,2023-11-25,A,1091
9744,32834,2022-08-24,A,350
9745,32836,2025-06-28,A,648
9746,32840,2023-01-02,C,244
9747,32842,2023-01-10,A,1863
9748,32845,2024-04-25,A,284
9749,32848,2022-09-02,B,1472
9750,32849,2025-03-25,A,1000
9751,32850,2022-09-09,A,669
9752,32852,2025-04-27,B,186
9753,32854,2022-08-02,A,252
9754,32855,2025-02-10,A,1282
9755,32856,2023-09-22,A,102
9756,32860,2023-03-26,A,53
9757,32877,2025-11-11,A,431
9758,32880,2024-05-30,C,822
9759,32882,2022-08-07,C,1577
9760,32887,2024-02-26,B,1247
9761,32888,2024-12-22,A,1419
9762,32890,2024-11-23,C,311
9763,32894,2025-07-23,A,498
9764,32899,2024-04-24,A,1276
9765,32900,2023-08-22,A,943
9766,32903,2025-03-29,A,513
9767,32908,2024-02-18,A,179
9768,32913,2023-02-01,C,428
9769,32917,2022-05-02,C,1267
9770,32924,2022-06-09,B,1008
9771,32929,2022-08-29,A,1430
9772,32932,2024-02-27,A,734
9773,32935,2024-09-26,C,1772
9774,32939,2024-07-07,A,673
9775,32941,2024-02-16,A,1083
9776,32943,2023-07-29,B,105
9777,32954,2023-10-12,B,1375
9778,32956,2024-07-17,C,1093
9779,32961,2025-04-21,A,155
9780,32968,2023-08-30,A,485
9781,32973,2023-10-17,A,212
9782,32976,2022-12-01,C,1569
9783,32983,2023-08-03,C,1759
9784,32987,2022-11-20,A,121
9785,32991,2023-01-08,C,1343
9786,32999,2022-09-22,A,1319
9787,33013,2025-04-19,C,1343
9788,33027,2022-05-25,A,1395
9789,33029,2024-01-21,A,494
9790,33036,2023-09-17,A,1721
9791,33039,2024-07-11,A,1404
9792,33042,2024-02-05,A,865
9793,33047,2024-10-05,A,842
9794,33048,2022-10-03,A,726
9795,33049,2025-01-26,A,1227
9796,33051,2024-02-03,A,1306
9797,33054,2024-12-17,A,1491
9798,33057,2023-05-21,A,1697
9799,33059,2023-06-05,A,1067
9800,33061,2024-03-05,A,863
9801,33066,2023-07-04,C,317
9802,33076,2024-04-02,A,1309
9803,33082,2025-02-13,A,746
9804,33085,2023-05-19,A,1720
9805,33087,2024-09-27,A,659
9806,33088,2023-07-22,C,1371
9807,33092,2022-11-09,A,1032
9808,33093,2025-04-03,C,333
9809,33096,2024-08-16,A,295
9810,33097,2024-04-01,A,308
9811,33101,2024-03-04,A,1629
9812,33102,2022-09-30,A,127
9813,33103,2023-11-17,A,997
9814,33105,2024-04-20,A,72
9815,33112,2025-04-05,A,879
9816,33114,2024-05-10,A,1243
9817,33115,2024-11-04,A,964
9818,33117,2024-09-20,A,1457
9819,33125,2024-07-08,C,919
9820,33126,2022-09-24,C,950
9821,33131,2023-10-19,A,1317
9822,33132,2024-03-21,A,1340
9823,33134,2025-08-20,A,507
9824,33135,2023-10-31,A,261
9825,33136,2022-09-04,C,535
9826,33137,2023-12-05,A,25
9827,33144,2024-04-10,A,1472
9828,33148,2023-08-18,B,1013
9829,33150,2023-11-25,C,870
9830,33154,2025-02-09,B,1941
9831,33155,2022-11-11,A,587
9832,33156,2022-06-06,A,1282
9833,33163,2024-04-01,A,1875
9834,33165,2022-11-20,A,1876
9835,33169,2024-08-07,B,1433
9836,33171,2023-01-31,A,1088
9837,33172,2023-12-24,A,913
9838,33174,2024-11-22,B,1735
9839,33179,2024-11-21,B,1904
9840,33186,2023-06-25,A,1920
9841,33189,2024-12-21,A,962
9842,33195,2023-05-27,A,222
9843,33196,2023-12-06,C,14
9844,33199,2024-02-18,B,974
9845,33203,2023-03-06,C,1776
9846,33206,2023-04-24,A,1089
9847,33207,2023-07-25,A,1150
9848,33208,2024-06-19,A,137
9849,33211,2024-12-25,A,1122
9850,33214,2023-05-10,B,1699
9851,33216,2024-03-06,A,161
9852,33218,2024-11-21,A,277
9853,33222,2024-05-21,A,1721
9854,33227,2023-06-07,A,1363
9855,33228,2025-04-17,A,1105
9856,33229,2022-12-17,A,358
9857,33236,2023-09-22,A,1894
9858,33240,2023-03-05,A,20
9859,33243,2024-02-19,A,708
9860,33244,2024-10-02,B,182
9861,33246,2024-03-03,A,1254
9862,33247,2025-05-03,C,173
9863,33248,2022-10-11,C,1570
9864,33249,2024-04-25,A,504
9865,33251,2025-06-19,C,1993
9866,33252,2025-01-05,A,67
9867,33256,2024-10-10,A,1981
9868,33257,2023-10-18,A,164
9869,33262,2025-02-01,A,1534
9870,33263,2023-05-11,A,163
9871,33266,2023-03-16,C,1379
9872,33268,2022-12-01,C,1979
9873,33272,2023-03-20,A,196
9874,33288,2023-12-08,A,1304
9875,33289,2024-04-21,A,1735
9876,33294,2024-07-27,A,1190
9877,33296,2023-06-09,C,653
9878,33298,2024-04-24,A,1421
9879,33299,2023-04-13,A,1360
9880,33301,2024-04-22,C,288
9881,33303,2024-01-25,A,815
9882,33304,2023-02-10,A,1985
9883,33306,2024-11-03,C,615
9884,33309,2022-12-12,A,911
9885,33310,2023-08-20,A,1772
9886,33316,2023-07-02,A,605
9887,33317,2025-03-10,A,347
9888,33318,2023-03-06,A,1251
9889,33320,2023-12-20,A,1849
9890,33323,2023-06-16,A,1544
9891,33324,2023-09-04,A,1270
9892,33329,2023-12-12,A,1084
9893,33330,2023-04-12,A,628
9894,33331,2023-11-12,A,257
9895,33340,2023-01-20,A,883
9896,33342,2023-01-21,A,1182
9897,33344,2023-09-26,C,1127
9898,33345,2023-05-27,A,1274
9899,33346,2023-05-22,A,214
9900,33347,2024-12-24,A,997
9901,33350,2023-05-17,A,505
9902,33353,2024-02-03,A,274
9903,33357,2024-08-22,A,784
9904,33358,2023-09-25,A,268
9905,33359,2024-10-05,A,479
9906,33366,2024-08-02,A,1654
9907,33369,2023-12-11,B,201
9908,33372,2022-09-17,A,241
9909,33375,2025-04-20,C,393
9910,33376,2024-07-11,B,1991
9911,33379,2024-03-06,A,498
9912,33380,2023-04-12,B,1999
9913,33384,2025-03-27,A,107
9914,33385,2025-03-28,A,1924
9915,33393,2025-03-07,B,713
9916,33397,2024-12-24,A,1300
9917,33398,2023-07-28,A,1240
9918,33411,2023-09-16,A,1134
9919,33412,2023-12-16,A,523
9920,33414,2023-07-15,A,98
9921,33417,2024-08-04,A,928
9922,33418,2023-12-10,A,1701
9923,33419,2024-12-11,C,1609
9924,33424,2022-04-12,A,412
9925,33429,2023-02-04,A,1604
9926,33431,2024-08-13,A,1675
9927,33432,2025-08-09,A,1988
9928,33433,2023-01-22,B,879
9929,33441,2024-10-21,B,1607
9930,33443,2024-04-20,C,1746
9931,33446,2023-06-08,A,362
9932,33450,2023-06-13,A,1927
9933,33454,2024-08-01,A,1645
9934,33456,2022-08-07,A,1579
9935,33458,2024-07-06,A,1605
9936,33464,2023-02-08,A,338
9937,33466,2023-07-27,B,1705
9938,33472,2023-08-23,A,352
9939,33473,2023-07-18,B,625
9940,33475,2025-06-12,A,1862
9941,33478,2024-01-16,C,1581
9942,33484,2024-05-01,A,1290
9943,33487,2023-01-21,A,609
9944,33488,2024-05-31,A,1586
9945,33494,2024-03-17,A,1344
9946,33500,2025-04-20,A,74
9947,33504,2025-04-26,A,1929
9948,33507,2024-08-19,A,1651
9949,33509,2023-12-31,A,1015
9950,33512,2022-12-30,A,308
9951,33513,2025-03-05,A,1694
9952,33515,2024-03-07,A,166
9953,33516,2024-05-20,A,1954
9954,33521,2025-06-25,A,956
9955,33530,2024-01-25,A,267
9956,33531,2024-06-04,A,841
9957,33536,2025-01-17,A,1621
9958,33538,2023-12-18,A,1367
9959,33540,2023-11-09,A,1941
9960,33543,2024-09-07,A,585
9961,33547,2023-08-20,A,1808
9962,33552,2023-08-08,A,562
9963,33555,2024-07-22,A,1896
9964,33558,2023-01-21,A,397
9965,33561,2024-01-10,C,1288
9966,33562,2024-11-18,C,1627
9967,33563,2022-11-26,A,187
9968,33564,2024-07-22,A,924
9969,33565,2025-05-17,A,234
9970,33571,2024-09-22,A,975
9971,33575,2024-03-23,C,1720
9972,33578,2023-02-14,A,799
9973,33580,2022-10-16,A,541
9974,33586,2024-05-30,A,840
9975,33589,2024-06-24,A,660
9976,33594,2024-07-21,A,1209
9977,33595,2023-08-29,A,1389
9978,33597,2024-09-14,A,704
9979,33600,2025-01-15,B,21
9980,33603,2023-04-25,A,1556
9981,33604,2024-12-28,A,151
9982,33611,2024-12-09,A,1817
9983,33618,2024-02-27,A,543
9984,33621,2022-07-15,A,1776
9985,33622,2024-09-08,A,1609
9986,33623,2025-02-02,A,97
9987,33630,2022-09-16,C,781
9988,33636,2022-09-04,C,1571
9989,33644,2023-11-16,A,486
9990,33646,2025-02-14,A,799
9991,33656,2025-03-15,C,1950
9992,33657,2022-08-15,A,1839
9993,33659,2025-02-13,A,81
9994,33662,2024-03-30,A,1893
9995,33663,2023-12-08,C,376
9996,33665,2023-01-27,A,1229
9997,33668,2025-03-02,A,464
9998,33671,2023-10-10,C,572
9999,33677,2022-12-18,A,1968
10000,33678,2023-06-09,A,288
10001,33690,2023-01-30,A,915
10002,33707,2023-10-31,C,1973
10003,33708,2022-04-16,A,602
10004,33709,2024-07-09,C,662
10005,33710,2022-09-08,A,1738
10006,33711,2022-07-23,A,1992
10007,33715,2022-10-09,C,1520
10008,33716,2025-06-09,A,765
10009,33721,2024-06-09,A,1642
10010,33722,2023-10-23,A,1674
10011,33727,2024-06-04,A,1250
10012,33729,2024-10-24,B,1575
10013,33734,2022-09-25,A,621
10014,33738,2023-04-25,A,591
10015,33740,2023-07-27,A,1523
10016,33744,2024-05-02,C,1965
10017,33746,2024-10-14,A,1719
10018,33748,2023-03-30,C,340
10019,33756,2024-09-30,B,852
10020,33757,2023-11-08,A,371
10021,33760,2025-08-08,B,168
10022,33764,2024-04-08,A,104
10023,33767,2024-03-25,A,1128
10024,33769,2024-09-25,A,366
10025,33778,2025-08-02,A,619
10026,33779,2024-05-13,A,814
10027,33780,2024-03-22,C,1556
10028,33781,2024-12-23,A,986
10029,33784,2023-03-25,C,1471
10030,33789,2023-12-17,A,840
10031,33792,2023-01-24,A,1547
10032,33807,2023-11-06,C,1059
10033,33809,2024-10-07,A,1368
10034,33812,2025-05-11,A,362
10035,33814,2024-12-08,B,463
10036,33816,2024-08-29,A,1567
10037,33817,2025-02-05,A,809
10038,33819,2022-09-15,A,1601
10039,33821,2024-05-05,A,915
10040,33822,2025-02-20,A,645
10041,33825,2024-12-23,A,148
10042,33831,2023-01-13,A,1093
10043,33832,2024-01-13,A,1409
10044,33833,2023-07-31,A,447
10045,33837,2025-01-23,A,495
10046,33839,2024-10-01,A,1908
10047,33843,2024-03-28,B,1136
10048,33846,2023-07-11,C,1535
10049,33848,2022-08-23,A,523
10050,33849,2023-12-30,B,514
10051,33853,2025-09-01,A,708
10052,33854,2023-05-27,B,1238
10053,33855,2023-08-26,B,963
10054,33856,2023-01-29,A,167
10055,33868,2024-11-02,A,1491
10056,33871,2025-01-10,C,44
10057,33873,2025-01-14,C,938
10058,33874,2023-09-09,C,322
10059,33875,2023-09-12,A,288
10060,33879,2022-12-25,C,1091
10061,33883,2023-06-21,C,1662
10062,33890,2022-09-14,C,1137
10063,33892,2024-04-18,A,544
10064,33893,2023-05-17,A,732
10065,33897,2023-06-09,C,694
10066,33899,2024-09-18,A,352
10067,33901,2023-07-24,A,1814
10068,33904,2024-09-16,A,702
10069,33906,2024-06-25,A,213
10070,33913,2022-10-23,A,1507
10071,33914,2024-06-11,B,692
10072,33921,2025-03-03,A,850
10073,33924,2024-05-02,A,1945
10074,33926,2025-06-16,A,98
10075,33927,2023-01-12,A,212
10076,33929,2023-11-18,C,1031
10077,33930,2024-01-06,A,1894
10078,33931,2022-11-21,A,328
10079,33939,2023-04-01,C,383
10080,33940,2022-11-23,A,1781
10081,33951,2023-02-04,B,1772
10082,33958,2022-08-02,C,107
10083,33968,2025-08-13,A,985
10084,33971,2023-07-01,A,135
10085,33973,2023-10-18,C,977
10086,33974,2025-03-05,A,301
10087,33977,2023-09-17,A,468
10088,33979,2024-05-09,C,1526
10089,33980,2024-08-02,A,226
10090,33981,2022-07-28,A,1592
10091,33982,2022-04-30,A,52
10092,33983,2025-11-26,C,1541
10093,33984,2024-02-08,A,1386
10094,33987,2024-10-05,C,222
10095,33988,2024-11-21,A,95
10096,33989,2025-02-08,B,1945
10097,33991,2024-11-26,B,142
10098,33994,2023-08-11,A,1604
10099,33995,2023-07-23,A,1820
10100,34000,2025-03-13,A,1427
10101,34005,2025-03-28,A,184
10102,34006,2023-02-22,C,1474
10103,34010,2022-09-01,A,1604
10104,34012,2025-05-03,C,983
10105,34013,2023-05-22,A,1876
10106,34019,2024-07-05,A,1229
10107,34023,2024-04-09,A,430
10108,34026,2025-02-27,A,1538
10109,34030,2024-02-05,A,455
10110,34031,2024-10-30,A,1482
10111,34033,2023-01-10,A,506
10112,34044,2024-10-04,A,991
10113,34047,2023-06-19,A,657
10114,34051,2023-01-13,A,638
10115,34052,2024-05-25,B,842
10116,34055,2025-04-23,A,199
10117,34058,2023-08-15,B,271
10118,34067,2025-04-10,C,338
10119,34069,2024-04-19,C,1133
10120,34075,2023-05-06,C,535
10121,34076,2024-03-21,A,674
10122,34081,2024-03-04,A,1970
10123,34085,2024-08-27,A,85
10124,34088,2023-06-08,B,172
10125,34089,2025-01-01,A,847
10126,34092,2022-11-11,A,1019
10127,34097,2024-09-04,A,1561
10128,34100,2023-02-07,C,1434
10129,34102,2025-06-21,C,1523
10130,34110,2023-09-23,A,1302
10131,34113,2024-05-29,A,1747
10132,34114,2025-01-31,A,1826
10133,34116,2024-01-16,A,480
10134,34117,2025-01-03,A,146
10135,34122,2025-04-04,A,402
10136,34126,2022-12-20,A,1831
10137,34129,2023-09-30,B,53
10138,34148,2024-04-08,A,475
10139,34149,2023-05-12,C,1941
10140,34150,2024-10-27,C,1942
10141,34151,2024-06-29,A,1958
10142,34154,2024-05-24,A,1038
10143,34155,2022-11-07,A,1744
10144,34163,2023-03-15,C,1499
10145,34168,2024-08-10,A,469
10146,34170,2022-05-17,C,1399
10147,34171,2022-08-17,A,507
10148,34172,2023-08-26,A,1481
10149,34173,2023-11-23,A,1463
10150,34177,2023-01-22,A,8
10151,34178,2022-07-17,A,315
10152,34179,2023-01-23,C,988
10153,34180,2025-07-03,C,356
10154,34188,2023-05-07,A,1596
10155,34194,2024-12-25,C,155
10156,34199,2024-07-03,A,1883
10157,34200,2024-06-17,C,679
10158,34213,2024-02-24,C,1229
10159,34214,2024-11-23,A,1937
10160,34215,2023-05-16,B,1910
10161,34219,2022-08-14,A,837
10162,34225,2022-10-05,C,1266
10163,34226,2022-11-03,A,705
10164,34229,2023-08-22,A,661
10165,34230,2024-08-12,A,18
10166,34231,2023-04-25,A,1386
10167,34232,2024-12-02,A,936
10168,34234,2024-07-05,A,810
10169,34237,2023-09-19,A,248
10170,34238,2023-12-03,A,1601
10171,34239,2023-09-06,C,1413
10172,34242,2025-07-05,A,1874
10173,34245,2022-06-12,A,1909
10174,34249,2024-05-12,A,1788
10175,34253,2024-10-14,A,1984
10176,34256,2024-04-29,A,1231
10177,34258,2022-10-13,A,772
10178,34260,2024-06-20,A,383
10179,34272,2024-02-29,A,727
10180,34274,2024-04-01,C,297
10181,34280,2023-04-21,A,1864
10182,34283,2024-11-21,B,1783
10183,34286,2023-11-27,B,1574
10184,34293,2024-02-03,A,325
10185,34295,2023-11-12,A,1449
10186,34298,2023-07-04,A,558
10187,34304,2024-02-04,A,1062
10188,34305,2023-04-07,A,594
10189,34306,2024-09-20,A,915
10190,34307,2022-12-10,A,1592
10191,34309,2022-09-04,A,1606
10192,34310,2023-03-15,A,358
10193,34317,2023-08-20,A,709
10194,34318,2023-09-27,A,477
10195,34325,2023-07-14,A,474
10196,34326,2023-05-23,A,1476
10197,34328,2023-03-17,A,899
10198,34329,2024-02-06,A,1611
10199,34331,2023-07-27,A,972
10200,34334,2024-08-23,A,87
10201,34336,2023-06-15,A,431
10202,34337,2024-10-24,C,1458
10203,34343,2023-12-27,C,1544
10204,34347,2023-06-21,A,532
10205,34348,2023-05-05,B,1729
10206,34355,2025-02-16,A,967
10207,34357,2022-10-11,A,1678
10208,34362,2023-02-07,A,1036
10209,34366,2023-01-13,A,1573
10210,34369,2023-08-14,A,1463
10211,34370,2024-04-02,A,423
10212,34373,2024-08-17,A,1342
10213,34379,2025-02-19,B,1504
10214,34381,2025-02-24,A,614
10215,34382,2023-11-27,A,1614
10216,34383,2023-10-22,C,531
10217,34384,2023-08-13,A,1894
10218,34386,2024-11-18,C,1449
10219,34387,2024-02-06,B,1083
10220,34393,2022-06-21,B,1860
10221,34396,2023-11-21,C,1667
10222,34406,2024-08-24,A,1384
10223,34412,2022-06-24,A,212
10224,34413,2023-09-18,A,1705
10225,34418,2024-05-05,C,1068
10226,34419,2022-12-09,C,108
10227,34420,2024-12-24,A,96
10228,34422,2025-08-02,A,1249
10229,34428,2022-10-25,A,369
10230,34430,2023-09-09,A,1793
10231,34431,2025-02-22,A,456
10232,34433,2024-01-02,A,1079
10233,34440,2023-05-04,B,1661
10234,34444,2025-03-09,A,914
10235,34446,2022-09-30,A,1283
10236,34454,2022-08-03,A,1138
10237,34456,2024-02-24,A,807
10238,34458,2023-08-06,A,728
10239,34470,2024-04-17,A,1705
10240,34472,2023-06-22,A,1777
10241,34480,2023-02-19,B,564
10242,34481,2024-04-01,A,1072
10243,34486,2025-08-08,B,176
10244,34492,2022-11-18,B,1507
10245,34493,2024-07-30,A,1435
10246,34494,2024-12-11,A,666
10247,34495,2023-02-19,B,610
10248,34499,2024-09-16,A,1983
10249,34500,2024-10-21,B,1779
10250,34501,2025-06-09,C,1619
10251,34505,2022-11-28,A,362
10252,34506,2025-05-16,A,501
10253,34510,2024-10-06,C,775
10254,34515,2022-05-12,A,1014
10255,34519,2022-05-29,C,1326
10256,34521,2025-03-19,A,1625
10257,34523,2025-01-23,C,98
10258,34524,2022-06-22,C,1218
10259,34530,2023-08-14,A,494
10260,34534,2024-07-07,A,874
10261,34536,2024-05-05,A,1177
10262,34546,2025-06-25,A,339
10263,34548,2023-06-18,A,103
10264,34549,2024-11-23,A,1210
10265,34552,2024-06-06,A,1252
10266,34555,2023-07-20,A,1158
10267,34558,2023-06-29,C,1819
10268,34559,2025-04-21,A,1050
10269,34561,2024-02-10,A,378
10270,34562,2025-06-21,C,1969
10271,34563,2022-12-10,A,894
10272,34568,2024-05-22,A,199
10273,34575,2022-12-01,C,1616
10274,34579,2024-07-02,B,1223
10275,34581,2023-06-11,A,1522
10276,34582,2022-06-06,A,877
10277,34585,2025-03-08,A,351
10278,34588,2024-01-03,A,1761
10279,34590,2025-09-28,A,1362
10280,34594,2025-03-16,C,1718
10281,34596,2022-09-06,A,464
10282,34606,2022-07-31,A,344
10283,34610,2024-07-18,C,650
10284,34613,2024-05-03,A,712
10285,34615,2024-03-10,A,742
10286,34616,2023-07-17,A,1449
10287,34619,2023-06-17,A,1332
10288,34622,2023-05-28,C,1879
10289,34623,2025-09-02,A,1735
10290,34630,2023-08-08,B,1042
10291,34631,2025-09-09,A,138
10292,34651,2023-01-05,B,52
10293,34652,2025-04-21,A,503
10294,34653,2024-12-09,A,1268
10295,34658,2023-06-02,A,489
10296,34669,2025-01-23,A,1566
10297,34670,2025-07-24,A,1467
10298,34671,2024-10-10,A,715
10299,34672,2022-08-21,A,444
10300,34678,2023-12-01,A,1092
10301,34686,2022-09-20,A,609
10302,34687,2024-04-09,C,1631
10303,34689,2023-09-18,A,856
10304,34690,2025-02-04,A,941
10305,34691,2023-01-11,A,1220
10306,34696,2023-10-13,C,768
10307,34697,2024-06-05,A,1547
10308,34700,2024-03-15,A,1195
10309,34701,2023-10-05,A,1498
10310,34702,2023-06-04,A,1373
10311,34703,2022-08-04,B,1788
10312,34709,2023-10-01,A,1506
10313,34712,2023-10-09,C,1097
10314,34717,2022-12-31,A,1205
10315,34719,2023-05-03,A,1532
10316,34722,2024-03-31,A,127
10317,34730,2025-06-02,A,813
10318,34731,2025-08-15,C,1439
10319,34735,2023-02-01,A,848
10320,34737,2024-10-15,B,984
10321,34739,2023-04-12,B,946
10322,34742,2024-06-03,A,346
10323,34746,2023-08-26,A,942
10324,34751,2024-09-05,C,712
10325,34756,2025-02-25,A,33
10326,34760,2024-10-03,A,351
10327,34764,2023-01-27,C,8
10328,34765,2025-01-14,C,1261
10329,34771,2025-03-29,B,1089
10330,34773,2024-09-02,A,1693
10331,34776,2025-05-16,B,1880
10332,34783,2024-02-22,A,437
10333,34785,2025-05-15,A,1048
10334,34786,2023-12-23,C,858
10335,34789,2025-03-06,C,698
10336,34794,2023-02-08,A,335
10337,34795,2024-10-02,C,855
10338,34798,2024-12-15,A,280
10339,34807,2024-03-30,A,1613
10340,34808,2024-06-23,A,1017
10341,34811,2023-11-13,A,1970
10342,34812,2024-12-27,A,8
10343,34814,2022-12-16,A,254
10344,34815,2024-06-26,B,472
10345,34816,2025-05-23,A,421
10346,34817,2024-12-03,B,1025
10347,34818,2023-08-25,B,1285
10348,34819,2024-01-03,A,962
10349,34820,2023-12-13,A,1881
10350,34823,2022-12-26,A,1735
10351,34824,2024-10-29,A,87
10352,34828,2025-01-31,A,785
10353,34832,2023-09-16,A,1381
10354,34836,2022-12-11,A,285
10355,34838,2023-12-11,B,1845
10356,34840,2023-05-01,B,446
10357,34854,2024-11-07,C,1748
10358,34859,2023-06-18,C,564
10359,34865,2023-08-16,A,1199
10360,34868,2022-12-10,A,1159
10361,34869,2023-10-11,A,1551
10362,34873,2023-03-27,A,260
10363,34874,2025-02-06,A,2000
10364,34875,2024-09-29,B,698
10365,34881,2025-05-19,A,349
10366,34884,2022-10-06,A,976
10367,34886,2023-12-31,A,589
10368,34888,2023-07-20,C,1915
10369,34891,2023-02-05,A,417
10370,34892,2023-06-15,B,1407
10371,34905,2024-08-14,A,535
10372,34908,2024-09-23,A,863
10373,34909,2025-02-20,A,1153
10374,34913,2025-07-04,A,118
10375,34915,2022-11-08,A,870
10376,34917,2024-03-14,A,1027
10377,34919,2025-02-06,A,1932
10378,34930,2024-05-25,A,967
10379,34931,2024-01-19,A,1436
10380,34934,2023-01-05,A,41
10381,34939,2022-11-04,C,315
10382,34940,2023-12-17,C,1462
10383,34941,2022-08-13,A,846
10384,34944,2024-04-17,B,1876
10385,34948,2025-06-30,A,362
10386,34953,2022-10-27,C,736
10387,34954,2025-02-03,B,3
10388,34955,2025-05-27,C,1839
10389,34956,2024-02-03,A,1620
10390,34958,2023-07-04,A,1330
10391,34959,2023-10-04,A,1360
10392,34967,2025-03-02,C,1376
10393,34968,2024-09-16,C,354
10394,34970,2023-07-01,A,1098
10395,34971,2023-10-28,A,1637
10396,34972,2024-08-29,A,721
10397,34976,2024-02-28,B,1954
10398,34980,2023-08-09,C,1781
10399,34981,2024-11-15,A,1382
10400,34987,2024-04-09,A,1472
10401,34991,2025-06-30,A,1215
10402,34993,2022-12-18,A,1044
10403,34994,2023-08-05,A,681
10404,34996,2024-01-14,B,1644
10405,34998,2023-01-08,A,354
10406,34999,2023-01-17,C,646
10407,35004,2025-09-13,A,1187
10408,35010,2023-12-06,A,1449
10409,35012,2023-06-09,A,696
10410,35017,2023-02-13,B,1120
10411,35022,2023-09-10,C,624
10412,35023,2023-08-12,A,704
10413,35029,2025-10-28,A,452
10414,35031,2022-08-15,A,817
10415,35033,2024-06-09,A,1408
10416,35034,2023-08-11,A,1363
10417,35038,2023-01-05,A,635
10418,35050,2024-08-26,C,573
10419,35056,2024-09-04,A,1357
10420,35058,2025-02-02,B,851
10421,35059,2024-11-16,A,125
10422,35061,2024-08-31,A,463
10423,35066,2022-12-19,A,1303
10424,35069,2024-10-17,A,1191
10425,35072,2025-03-08,C,840
10426,35077,2023-02-15,A,1137
10427,35088,2023-11-26,A,287
10428,35089,2024-11-11,C,1420
10429,35096,2025-07-03,C,1336
10430,35097,2023-05-12,A,1596
10431,35103,2023-06-02,A,1905
10432,35107,2023-07-22,A,654
10433,35114,2022-09-16,A,1496
10434,35116,2024-10-12,A,1603
10435,35121,2023-07-18,A,312
10436,35130,2024-08-03,A,1538
10437,35133,2025-01-07,A,678
10438,35136,2024-12-16,A,1961
10439,35138,2022-11-28,B,780
10440,35140,2025-06-05,C,1100
10441,35143,2025-10-24,A,759
10442,35145,2024-03-28,A,1991
10443,35147,2025-05-29,A,845
10444,35155,2024-09-14,A,678
10445,35160,2022-08-22,A,558
10446,35161,2024-11-10,C,718
10447,35167,2022-07-07,A,64
10448,35173,2024-02-26,A,316
10449,35181,2023-02-05,B,1150
10450,35183,2023-08-11,A,1281
10451,35185,2025-03-26,A,1421
10452,35190,2024-12-07,A,1847
10453,35194,2023-06-18,A,1388
10454,35197,2024-05-07,C,502
10455,35198,2022-07-19,C,1500
10456,35201,2024-01-21,A,1606
10457,35204,2025-08-23,A,1138
10458,35206,2025-02-28,C,1683
10459,35212,2023-06-17,A,584
10460,35214,2024-10-01,A,497
10461,35216,2022-12-19,C,1200
10462,35221,2024-04-02,A,362
10463,35228,2022-06-26,A,1319
10464,35236,2025-11-24,A,1296
10465,35242,2023-05-05,A,1216
10466,35243,2023-10-19,A,1834
10467,35246,2024-08-08,A,356
10468,35247,2025-01-19,A,679
10469,35249,2024-01-20,A,1600
10470,35253,2023-11-02,A,1894
10471,35256,2022-05-25,C,336
10472,35257,2022-09-25,A,1973
10473,35268,2025-07-22,C,919
10474,35271,2023-08-01,C,543
10475,35275,2024-01-24,C,1741
10476,35276,2025-05-25,A,129
10477,35289,2024-04-21,A,1241
10478,35290,2024-12-14,A,1106
10479,35292,2022-06-08,A,173
10480,35293,2023-02-13,C,369
10481,35294,2022-12-06,B,874
10482,35298,2023-03-13,C,928
10483,35299,2024-04-26,A,1863
10484,35309,2025-02-04,A,1538
10485,35310,2023-09-29,A,966
10486,35311,2024-03-31,A,467
10487,35315,2024-11-16,A,1022
10488,35316,2024-06-03,A,1373
10489,35325,2023-06-23,A,1604
10490,35330,2024-04-09,C,1504
10491,35331,2022-07-08,C,323
10492,35334,2023-08-08,C,833
10493,35338,2025-05-01,A,269
10494,35341,2023-04-06,A,768
10495,35342,2024-12-26,A,454
10496,35350,2022-11-05,A,449
10497,35353,2023-03-06,A,176
10498,35357,2022-08-31,A,1566
10499,35374,2023-01-03,B,1965
10500,35379,2024-08-18,A,1639
10501,35381,2022-08-14,C,663
10502,35397,2024-01-11,A,993
10503,35403,2024-08-09,B,1468
10504,35404,2025-04-27,B,1561
10505,35405,2025-03-10,A,1251
10506,35406,2022-10-11,B,1530
10507,35407,2022-12-12,B,1704
10508,35410,2025-02-04,C,1008
10509,35411,2024-02-22,A,1107
10510,35427,2023-12-15,A,1157
10511,35429,2023-01-06,A,219
10512,35431,2023-04-15,A,112
10513,35432,2025-06-29,A,1783
10514,35439,2023-08-12,A,1161
10515,35440,2025-08-13,C,1032
10516,35443,2022-10-23,A,44
10517,35444,2025-01-23,C,1731
10518,35447,2024-09-04,C,1505
10519,35448,2024-06-22,C,92
10520,35449,2023-09-17,A,1999
10521,35454,2022-10-10,B,148
10522,35456,2023-03-29,B,1894
10523,35458,2025-05-12,A,563
10524,35461,2023-05-10,A,1214
10525,35465,2024-08-21,A,1120
10526,35468,2022-08-06,C,511
10527,35476,2023-11-19,C,1836
10528,35477,2023-10-10,A,989
10529,35483,2024-10-15,A,1997
10530,35484,2022-11-28,C,1078
10531,35486,2024-11-26,A,406
10532,35487,2022-05-26,C,918
10533,35490,2024-10-31,A,1129
10534,35493,2022-10-18,A,1262
10535,35500,2024-10-26,A,212
10536,35504,2025-05-27,A,539
10537,35505,2024-08-17,A,761
10538,35506,2023-11-24,C,309
10539,35507,2023-11-03,A,1618
10540,35510,2022-04-06,A,1584
10541,35512,2023-10-04,A,1936
10542,35517,2024-11-24,C,850
10543,35524,2023-06-05,A,1505
10544,35525,2024-06-23,C,652
10545,35526,2023-09-03,A,767
10546,35530,2023-09-26,A,1257
10547,35533,2023-12-05,A,827
10548,35536,2023-06-30,C,1722
10549,35538,2024-10-12,A,1572
10550,35539,2022-05-20,A,35
10551,35540,2024-03-01,A,652
10552,35544,2023-04-26,A,590
10553,35547,2025-03-20,C,1223
10554,35553,2024-06-02,A,1545
10555,35559,2022-09-17,C,595
10556,35566,2022-10-22,A,1109
10557,35575,2022-04-28,A,1543
10558,35581,2023-02-11,A,856
10559,35582,2025-09-02,A,1758
10560,35585,2023-08-09,B,371
10561,35588,2024-10-04,A,1934
10562,35592,2025-03-29,C,799
10563,35595,2023-11-11,A,1079
10564,35596,2025-08-09,A,447
10565,35599,2022-11-10,A,975
10566,35600,2025-07-16,A,1953
10567,35603,2022-11-23,A,221
10568,35606,2023-10-24,C,1151
10569,35610,2022-08-01,A,1128
10570,35613,2024-09-03,A,288
10571,35614,2023-07-10,A,1281
10572,35616,2023-08-17,A,99
10573,35619,2024-07-01,A,303
10574,35622,2025-05-23,C,1104
10575,35627,2023-07-10,A,833
10576,35631,2024-07-17,B,1753
10577,35635,2023-11-26,A,176
10578,35636,2025-07-09,A,864
10579,35639,2024-04-12,B,765
10580,35640,2023-01-12,A,1171
10581,35643,2023-07-21,A,1533
10582,35644,2023-07-13,A,410
10583,35650,2022-10-02,A,1192
10584,35651,2024-02-26,A,918
10585,35653,2025-03-04,A,774
10586,35659,2024-03-06,A,1182
10587,35661,2023-10-12,A,198
10588,35663,2025-03-01,B,637
10589,35664,2023-08-06,A,692
10590,35665,2024-08-07,A,805
10591,35670,2025-05-14,A,294
10592,35672,2022-12-25,A,587
10593,35676,2024-09-27,C,394
10594,35677,2024-04-21,A,210
10595,35683,2022-11-02,B,609
10596,35684,2025-05-14,C,1785
10597,35685,2023-07-12,A,1642
10598,35688,2023-02-21,C,1052
10599,35689,2024-08-24,A,223
10600,35692,2022-10-22,A,112
10601,35695,2024-08-24,A,1416
10602,35698,2023-01-03,C,1919
10603,35707,2022-09-25,C,370
10604,35708,2023-01-17,A,444
10605,35712,2024-08-22,A,1105
10606,35715,2023-09-14,A,733
10607,35718,2023-12-27,C,1361
10608,35722,2024-01-31,A,749
10609,35731,2023-02-08,A,1493
10610,35734,2024-05-12,C,1262
10611,35737,2025-02-10,B,1393
10612,35739,2023-04-16,B,1486
10613,35741,2023-04-17,A,1252
10614,35750,2023-01-05,C,1475
10615,35753,2025-01-19,A,506
10616,35758,2025-03-22,A,1972
10617,35759,2023-05-08,A,1858
10618,35762,2024-02-21,A,1748
10619,35763,2025-05-17,B,1389
10620,35766,2023-06-19,A,180
10621,35767,2024-09-09,A,786
10622,35769,2025-03-19,A,174
10623,35772,2022-10-04,A,152
10624,35777,2023-10-18,C,1800
10625,35784,2024-05-26,A,1436
10626,35785,2025-02-22,A,1102
10627,35791,2023-02-07,A,1883
10628,35794,2022-08-09,A,1008
10629,35796,2025-02-23,C,704
10630,35798,2023-07-23,B,1334
10631,35802,2024-08-14,A,1932
10632,35803,2024-06-25,C,232
10633,35805,2025-01-15,C,674
10634,35806,2023-02-01,A,256
10635,35807,2023-04-08,B,1439
10636,35808,2024-08-27,C,1905
10637,35810,2022-12-18,C,754
10638,35816,2025-04-30,A,131
10639,35820,2024-06-27,A,465
10640,35822,2025-03-21,A,1555
10641,35824,2023-04-08,A,1416
10642,35826,2022-10-03,A,1179
10643,35829,2025-01-30,A,1489
10644,35832,2024-11-29,C,1316
10645,35854,2025-05-21,A,1458
10646,35858,2024-05-14,A,1470
10647,35859,2023-12-28,A,1790
10648,35861,2023-06-12,A,165
10649,35863,2022-11-05,A,18
10650,35864,2023-12-11,A,69
10651,35867,2024-02-23,A,399
10652,35868,2023-01-11,A,1737
10653,35872,2023-08-18,B,1109
10654,35874,2024-02-25,C,147
10655,35875,2022-11-01,B,215
10656,35877,2024-03-29,A,1624
10657,35878,2024-11-06,B,1382
10658,35881,2023-04-24,A,518
10659,35883,2022-07-20,A,707
10660,35886,2023-08-23,C,1397
10661,35888,2025-04-11,A,1124
10662,35889,2023-07-20,A,1263
10663,35894,2022-05-11,B,969
10664,35896,2022-07-20,A,1283
10665,35900,2023-07-18,A,1792
10666,35904,2022-05-20,C,1737
10667,35905,2023-09-09,A,1479
10668,35906,2023-01-23,A,368
10669,35907,2024-08-14,A,966
10670,35908,2025-01-03,A,571
10671,35910,2023-03-06,C,66
10672,35922,2023-09-01,A,750
10673,35925,2025-05-28,A,1585
10674,35926,2022-06-25,A,1938
10675,35931,2025-02-18,A,865
10676,35936,2025-04-18,A,875
10677,35937,2022-04-25,A,1265
10678,35939,2024-04-18,A,971
10679,35940,2023-11-28,A,1666
10680,35943,2025-10-19,A,1488
10681,35945,2022-12-25,A,1692
10682,35947,2022-09-07,C,1883
10683,35948,2022-10-21,A,539
10684,35951,2024-08-19,C,1113
10685,35952,2022-04-05,C,1954
10686,35953,2023-01-01,A,173
10687,35955,2023-08-19,A,259
10688,35956,2024-12-21,A,928
10689,35957,2023-09-08,A,1488
10690,35961,2024-05-21,A,465
10691,35964,2024-01-11,A,1652
10692,35967,2025-10-22,A,1442
10693,35983,2024-08-05,C,1898
10694,35987,2022-07-15,A,1071
10695,35989,2023-11-26,A,1659
10696,35990,2024-10-09,A,1430
10697,35991,2023-12-11,A,1336
10698,35995,2024-10-26,A,1072
10699,36001,2025-02-15,A,1671
10700,36005,2022-09-17,A,1475
10701,36008,2024-07-30,C,1674
10702,36010,2023-09-01,A,1404
10703,36011,2025-09-07,A,456
10704,36013,2024-11-23,B,582
10705,36018,2024-01-27,A,1934
10706,36020,2025-01-21,A,619
10707,36026,2023-01-17,A,394
10708,36027,2023-04-03,A,1878
10709,36030,2025-06-21,B,1348
10710,36035,2023-02-15,A,977
10711,36036,2023-02-08,A,1276
10712,36040,2023-08-01,A,1031
10713,36042,2024-07-10,A,666
10714,36054,2025-03-12,C,615
10715,36060,2022-10-07,B,1854
10716,36062,2023-10-09,B,1230
10717,36063,2024-04-02,A,138
10718,36065,2025-07-20,A,1473
10719,36067,2023-11-19,A,744
10720,36068,2023-04-18,B,1450
10721,36073,2023-08-30,A,1788
10722,36080,2022-06-20,C,326
10723,36084,2023-07-18,A,1358
10724,36092,2022-11-14,A,1074
10725,36095,2024-05-04,A,1961
10726,36096,2024-10-22,A,718
10727,36098,2025-02-13,A,1147
10728,36099,2022-06-10,A,1913
10729,36101,2025-02-21,C,620
10730,36105,2024-07-05,A,1942
10731,36108,2023-10-12,C,1743
10732,36115,2023-09-29,A,544
10733,36118,2024-05-22,C,448
10734,36120,2023-08-26,A,456
10735,36123,2025-03-21,A,85
10736,36126,2024-05-17,C,1240
10737,36129,2023-02-02,A,720
10738,36130,2024-12-18,A,1073
10739,36131,2023-05-11,A,1753
10740,36138,2024-08-24,A,1598
10741,36142,2025-01-01,C,640
10742,36152,2022-10-27,A,1894
10743,36153,2023-12-09,A,191
10744,36154,2024-09-28,B,169
10745,36160,2023-09-15,A,1463
10746,36161,2025-01-03,C,1375
10747,36169,2022-11-25,A,339
10748,36171,2023-11-06,A,1831
10749,36173,2024-06-25,A,1999
10750,36178,2022-12-28,A,1318
10751,36191,2022-10-14,A,591
10752,36196,2023-02-19,C,1401
10753,36198,2025-09-04,A,693
10754,36203,2025-04-04,A,1519
10755,36205,2024-04-06,A,1534
10756,36209,2025-09-03,A,800
10757,36210,2023-08-13,A,1078
10758,36214,2024-09-08,C,1957
10759,36220,2023-05-10,B,1919
10760,36232,2024-01-12,B,1271
10761,36235,2024-06-04,A,1266
10762,36237,2025-05-26,A,1421
10763,36239,2025-02-20,A,1425
10764,36251,2023-09-16,C,87
10765,36254,2023-05-06,A,63
10766,36255,2022-10-19,A,1078
10767,36261,2023-04-18,A,1872
10768,36262,2023-06-13,A,478
10769,36268,2022-06-07,C,914
10770,36272,2022-09-07,A,1906
10771,36273,2024-03-04,A,1470
10772,36274,2022-12-12,A,1871
10773,36275,2022-08-12,A,1294
10774,36277,2024-03-16,A,211
10775,36280,2024-02-10,A,1900
10776,36284,2023-11-29,A,867
10777,36286,2022-12-02,A,614
10778,36296,2024-09-22,A,655
10779,36299,2022-08-06,B,1521
10780,36301,2022-11-07,C,1087
10781,36306,2024-09-30,A,571
10782,36315,2022-10-20,C,1594
10783,36321,2024-10-12,B,562
10784,36324,2025-04-30,A,661
10785,36329,2022-11-09,B,1106
10786,36330,2022-11-13,A,914
10787,36331,2024-07-19,C,1311
10788,36333,2024-11-13,A,573
10789,36337,2023-10-27,A,475
10790,36339,2024-01-15,A,1334
10791,36340,2024-12-26,A,1627
10792,36342,2023-12-14,C,796
10793,36346,2023-10-09,A,424
10794,36347,2022-10-04,A,661
10795,36350,2025-05-17,A,1606
10796,36351,2023-12-18,B,453
10797,36353,2024-10-23,A,1703
10798,36355,2022-12-27,A,942
10799,36357,2023-04-22,A,1221
10800,36360,2022-09-20,A,182
10801,36361,2023-05-16,B,97
10802,36365,2025-06-06,A,1454
10803,36367,2024-09-01,A,1519
10804,36369,2024-09-28,A,1086
10805,36371,2024-08-30,A,883
10806,36377,2022-06-29,A,1412
10807,36380,2023-07-18,C,820
10808,36382,2024-04-02,A,91
10809,36388,2023-12-30,A,1026
10810,36393,2022-07-05,B,1645
10811,36398,2024-10-28,A,638
10812,36400,2025-01-19,A,8
10813,36401,2024-12-27,A,962
10814,36402,2023-05-26,C,800
10815,36404,2024-10-15,A,315
10816,36409,2022-11-12,B,432
10817,36413,2024-05-31,A,921
10818,36417,2023-01-14,A,1955
10819,36421,2022-08-10,A,518
10820,36424,2023-01-16,A,1296
10821,36427,2022-09-03,A,286
10822,36429,2024-12-31,C,546
10823,36434,2023-06-29,A,1841
10824,36435,2024-03-22,A,707
10825,36437,2024-01-06,A,1589
10826,36438,2023-05-11,A,924
10827,36439,2022-09-01,B,1083
10828,36442,2024-02-17,B,705
10829,36447,2025-03-15,B,705
10830,36449,2023-04-04,A,1492
10831,36452,2022-10-25,A,294
10832,36455,2024-03-26,C,1866
10833,36457,2023-05-27,A,553
10834,36459,2024-10-16,A,1128
10835,36460,2022-07-27,A,102
10836,36461,2025-02-24,B,948
10837,36462,2023-02-03,A,1565
10838,36465,2025-01-23,A,7
10839,36471,2022-12-10,C,278
10840,36477,2024-11-29,C,692
10841,36479,2023-12-27,A,303
10842,36480,2024-11-25,C,1276
10843,36482,2022-09-20,A,696
10844,36483,2024-01-20,A,1061
10845,36484,2023-09-16,A,947
10846,36492,2025-04-29,A,593
10847,36493,2025-02-17,A,1063
10848,36497,2023-03-05,A,1880
10849,36503,2024-03-23,B,358
10850,36504,2023-09-15,A,400
10851,36509,2024-03-14,C,1420
10852,36511,2022-04-27,A,263
10853,36524,2023-12-08,A,728
10854,36526,2025-01-13,A,1080
10855,36527,2023-08-30,C,974
10856,36533,2024-08-17,A,1165
10857,36534,2025-06-19,C,1072
10858,36540,2023-02-04,A,836
10859,36548,2024-08-31,A,1466
10860,36549,2025-03-07,A,1413
10861,36551,2024-06-11,B,447
10862,36553,2023-06-24,A,1736
10863,36559,2024-07-20,A,1485
10864,36568,2024-01-21,A,1079
10865,36574,2023-10-26,C,1932
10866,36575,2024-06-16,A,1264
10867,36576,2022-12-11,C,1060
10868,36577,2024-06-24,C,654
10869,36579,2025-01-18,A,1738
10870,36584,2022-12-24,C,900
10871,36586,2024-02-29,B,245
10872,36587,2024-05-02,A,998
10873,36589,2023-07-31,C,1309
10874,36593,2023-05-17,A,62
10875,36595,2024-06-12,B,420
10876,36601,2022-12-12,C,1619
10877,36602,2023-10-21,C,713
10878,36604,2022-09-28,C,742
10879,36608,2022-07-20,C,1693
10880,36609,2024-10-29,A,1478
10881,36615,2025-07-24,A,208
10882,36627,2025-02-21,B,514
10883,36629,2025-01-18,A,1310
10884,36630,2023-06-28,A,1819
10885,36634,2023-11-13,C,541
10886,36635,2023-02-16,A,905
10887,36636,2024-03-01,A,902
10888,36648,2024-07-11,C,843
10889,36650,2023-09-12,A,657
10890,36651,2024-01-07,A,672
10891,36652,2024-03-25,C,143
10892,36653,2024-07-10,A,582
10893,36655,2024-05-28,B,1115
10894,36661,2022-12-04,A,1344
10895,36662,2023-11-25,A,14
10896,36667,2024-03-28,A,1423
10897,36671,2023-09-15,A,343
10898,36676,2025-07-13,C,363
10899,36677,2025-07-11,A,1701
10900,36682,2023-07-26,B,1390
10901,36683,2024-06-25,A,1357
10902,36687,2024-12-28,C,348
10903,36688,2023-01-28,A,765
10904,36689,2024-10-29,A,212
10905,36692,2023-10-19,A,1699
10906,36707,2025-01-25,A,1891
10907,36708,2023-12-25,A,504
10908,36711,2024-08-16,A,210
10909,36715,2023-08-05,B,1797
10910,36716,2024-06-16,C,1471
10911,36718,2023-02-01,B,1325
10912,36721,2023-09-03,A,1008
10913,36722,2024-11-21,A,1939
10914,36723,2024-09-30,B,1902
10915,36724,2024-04-18,A,697
10916,36726,2023-01-16,A,1422
10917,36729,2023-11-28,C,1262
10918,36730,2022-11-21,A,1347
10919,36736,2023-09-22,A,702
10920,36740,2023-02-27,A,1074
10921,36742,2024-07-07,A,1278
10922,36746,2024-06-27,B,1240
10923,36751,2024-11-07,A,18
10924,36754,2024-02-14,A,1602
10925,36762,2025-01-27,A,227
10926,36765,2023-01-01,B,912
10927,36768,2022-12-17,A,990
10928,36770,2023-03-01,B,226
10929,36775,2023-10-18,A,748
10930,36776,2024-01-03,C,471
10931,36778,2023-11-12,A,813
10932,36782,2022-11-30,A,1926
10933,36790,2023-11-14,C,1350
10934,36794,2022-09-12,B,1772
10935,36798,2025-03-31,C,274
10936,36805,2023-10-07,A,1606
10937,36810,2024-06-23,A,1062
10938,36812,2024-02-21,A,1735
10939,36813,2023-12-01,C,936
10940,36826,2023-05-11,A,787
10941,36828,2024-11-06,A,812
10942,36829,2024-10-16,C,1113
10943,36831,2025-07-13,C,352
10944,36832,2023-08-29,A,271
10945,36836,2024-08-13,A,783
10946,36839,2024-02-07,C,833
10947,36841,2023-11-23,A,1556
10948,36843,2024-05-14,A,1624
10949,36846,2023-01-17,A,1800
10950,36848,2025-05-18,C,1918
10951,36849,2024-08-23,A,609
10952,36850,2023-11-17,C,478
10953,36851,2025-11-10,A,1163
10954,36852,2024-08-15,B,231
10955,36855,2024-01-25,A,212
10956,36869,2023-05-19,A,419
10957,36875,2023-10-09,C,1670
10958,36876,2025-02-03,A,732
10959,36877,2022-09-01,A,735
10960,36880,2024-12-08,A,1678
10961,36881,2023-05-14,C,649
10962,36882,2023-07-19,B,575
10963,36884,2022-05-08,A,1509
10964,36885,2022-10-08,A,1909
10965,36886,2022-07-14,C,966
10966,36887,2024-12-30,A,1744
10967,36890,2024-01-16,A,41
10968,36899,2022-10-08,A,885
10969,36901,2024-12-16,C,1872
10970,36905,2025-04-16,A,265
10971,36907,2024-07-15,C,245
10972,36908,2024-07-12,A,1999
10973,36912,2024-04-19,A,1441
10974,36916,2023-01-24,A,1221
10975,36918,2023-05-20,C,219
10976,36919,2022-11-29,A,1395
10977,36920,2023-03-26,A,1873
10978,36921,2023-08-22,C,1491
10979,36926,2024-09-18,C,6
10980,36928,2022-05-02,A,995
10981,36930,2023-10-06,A,1598
10982,36934,2023-11-03,C,1353
10983,36941,2024-02-20,A,1554
10984,36948,2025-06-25,A,1934
10985,36950,2023-07-04,C,1572
10986,36955,2025-03-06,A,598
10987,36961,2024-07-08,A,1281
10988,36962,2022-08-20,A,1729
10989,36963,2024-11-22,C,564
10990,36965,2022-12-06,A,1700
10991,36969,2023-03-09,A,187
10992,36971,2022-10-02,C,1860
10993,36973,2024-07-18,A,87
10994,36976,2024-01-16,A,1584
10995,36978,2024-08-13,C,25
10996,36982,2024-06-26,A,1007
10997,36988,2022-05-29,C,463
10998,36989,2023-05-25,C,1005
10999,36995,2025-10-25,C,234
11000,36997,2024-10-03,A,1556
11001,37000,2025-02-05,A,714
11002,37003,2025-01-13,A,1500
11003,37009,2023-05-08,A,112
11004,37012,2024-12-15,A,618
11005,37019,2024-02-13,C,751
11006,37023,2024-04-05,C,1372
11007,37025,2023-09-16,B,457
11008,37027,2024-02-22,C,1684
11009,37029,2023-10-13,A,1497
11010,37037,2022-09-02,A,1838
11011,37057,2022-12-03,B,1197
11012,37058,2023-12-01,C,984
11013,37059,2024-04-12,B,844
11014,37063,2024-01-24,A,319
11015,37077,2024-07-12,A,486
11016,37079,2024-01-25,A,904
11017,37081,2025-01-04,A,1219
11018,37086,2024-09-20,A,45
11019,37088,2023-03-08,A,1405
11020,37097,2022-05-05,A,1053
11021,37099,2023-08-03,A,638
11022,37101,2024-05-22,A,725
11023,37103,2025-01-07,A,1553
11024,37104,2025-05-04,A,639
11025,37105,2025-01-25,B,262
11026,37109,2022-11-27,B,1854
11027,37111,2023-01-12,A,1177
11028,37112,2023-10-07,A,1735
11029,37117,2022-07-06,A,330
11030,37118,2022-04-16,A,416
11031,37120,2024-10-06,A,533
11032,37123,2024-01-20,A,518
11033,37128,2024-08-31,A,1359
11034,37131,2025-02-23,A,371
11035,37139,2023-05-07,C,1487
11036,37140,2022-12-10,A,941
11037,37159,2024-08-15,A,1838
11038,37160,2024-04-11,C,865
11039,37162,2023-04-24,A,1871
11040,37166,2024-11-30,C,92
11041,37167,2024-10-10,A,200
11042,37174,2025-08-21,A,1687
11043,37176,2023-02-25,C,158
11044,37177,2023-12-22,A,1221
11045,37182,2023-11-06,C,1021
11046,37185,2024-06-15,A,1848
11047,37187,2023-01-13,C,80
11048,37188,2023-07-12,C,79
11049,37195,2024-01-21,A,1236
11050,37196,2025-05-28,A,1729
11051,37198,2025-06-27,A,1769
11052,37199,2022-10-30,A,49
11053,37203,2024-06-27,A,132
11054,37207,2025-11-11,A,942
11055,37210,2023-10-17,A,221
11056,37211,2024-11-22,A,1885
11057,37212,2023-04-03,A,1188
11058,37215,2025-09-10,C,1606
11059,37216,2023-11-23,A,1704
11060,37226,2024-09-09,C,1344
11061,37227,2025-02-09,A,1838
11062,37230,2023-11-03,B,1559
11063,37238,2023-03-04,A,1651
11064,37242,2024-03-11,A,152
11065,37244,2025-03-04,A,447
11066,37245,2024-09-25,B,1308
11067,37251,2023-11-03,A,1483
11068,37254,2023-10-22,C,1007
11069,37264,2023-09-09,B,2
11070,37265,2022-07-07,A,846
11071,37269,2022-10-16,A,519
11072,37271,2022-12-14,A,1028
11073,37273,2024-07-21,B,1669
11074,37275,2023-06-02,A,825
11075,37277,2024-01-31,A,163
11076,37278,2024-07-15,A,729
11077,37279,2024-04-11,A,1504
11078,37282,2024-10-18,C,1305
11079,37287,2023-12-19,A,1038
11080,37289,2024-02-22,A,1508
11081,37291,2023-05-03,A,324
11082,37292,2023-05-02,A,1194
11083,37294,2023-10-04,C,700
11084,37299,2023-10-24,A,1475
11085,37303,2023-10-16,C,1774
11086,37304,2025-06-30,C,1437
11087,37306,2025-05-31,C,1365
11088,37310,2023-03-25,A,1538
11089,37312,2025-02-25,B,1521
11090,37319,2022-10-29,A,1846
11091,37322,2023-07-13,A,1349
11092,37323,2025-04-21,C,632
11093,37325,2023-06-06,C,1149
11094,37336,2023-07-28,A,520
11095,37339,2024-07-09,C,1920
11096,37341,2023-06-15,A,1937
11097,37342,2024-11-25,A,510
11098,37345,2023-12-01,A,1406
11099,37351,2023-09-14,C,1803
11100,37354,2024-08-25,A,928
11101,37358,2023-06-04,C,414
11102,37362,2025-05-04,C,250
11103,37364,2022-10-01,A,1090
11104,37365,2023-10-10,B,1189
11105,37372,2022-07-18,C,1978
11106,37374,2025-03-04,A,1725
11107,37376,2022-06-25,A,1078
11108,37378,2023-03-21,C,58
11109,37379,2025-02-13,C,206
11110,37381,2025-02-14,C,557
11111,37385,2022-08-16,A,1961
11112,37386,2024-07-06,A,614
11113,37388,2022-08-02,A,927
11114,37394,2023-11-28,A,1526
11115,37399,2024-06-19,C,257
11116,37400,2025-04-19,A,1005
11117,37401,2024-02-24,A,269
11118,37402,2025-02-26,B,1332
11119,37405,2023-01-31,C,1348
11120,37406,2023-10-03,A,1713
11121,37409,2025-05-09,A,1062
11122,37410,2025-02-21,A,1404
11123,37411,2025-02-19,A,62
11124,37413,2023-06-06,A,1389
11125,37414,2022-11-07,A,1841
11126,37426,2024-06-12,B,460
11127,37431,2024-09-20,A,859
11128,37434,2023-09-21,B,1073
11129,37435,2024-06-12,A,1070
11130,37436,2025-02-07,A,30
11131,37441,2023-01-20,C,1803
11132,37445,2022-12-03,A,777
11133,37447,2024-01-31,C,498
11134,37448,2022-09-03,A,1404
11135,37449,2025-06-23,B,616
11136,37452,2025-04-05,A,563
11137,37454,2023-09-02,C,1922
11138,37460,2024-03-10,A,1985
11139,37461,2024-08-25,A,785
11140,37462,2025-07-18,B,351
11141,37467,2023-09-08,A,1928
11142,37471,2024-04-18,A,561
11143,37473,2022-08-04,A,1017
11144,37474,2022-05-30,A,1407
11145,37475,2022-08-07,A,1093
11146,37480,2024-11-03,C,1833
11147,37483,2022-05-12,A,785
11148,37500,2024-11-19,B,348
11149,37505,2023-08-14,A,1025
11150,37506,2023-08-08,A,1993
11151,37509,2023-05-05,A,341
11152,37515,2024-10-11,B,1783
11153,37517,2022-08-18,C,1579
11154,37518,2025-02-18,C,1050
11155,37519,2023-12-26,A,1898
11156,37522,2023-10-05,A,1317
11157,37523,2023-07-13,A,444
11158,37539,2024-08-29,A,949
11159,37540,2024-11-03,A,951
11160,37548,2022-12-12,A,1495
11161,37550,2022-12-03,A,1239
11162,37551,2022-09-23,C,1946
11163,37552,2025-03-22,A,1815
11164,37555,2025-07-17,A,1271
11165,37558,2022-11-25,A,1878
11166,37565,2025-06-12,C,1195
11167,37566,2023-02-04,B,1219
11168,37570,2023-08-14,A,1657
11169,37578,2025-06-09,C,985
11170,37580,2024-03-28,A,448
11171,37581,2023-03-28,B,112
11172,37585,2023-04-30,A,1963
11173,37586,2023-01-02,B,867
11174,37588,2024-04-02,A,741
11175,37591,2025-07-16,C,396
11176,37592,2025-01-14,B,351
11177,37593,2024-12-10,C,1827
11178,37595,2022-09-02,C,1639
11179,37596,2022-05-14,C,233
11180,37602,2025-01-04,A,1861
11181,37605,2023-12-02,A,1372
11182,37606,2022-07-15,C,1493
11183,37607,2023-12-31,A,1004
11184,37614,2024-11-23,A,27
11185,37615,2023-12-26,A,1266
11186,37617,2023-06-07,C,351
11187,37621,2024-10-05,A,480
11188,37623,2023-09-03,C,411
11189,37625,2025-08-08,A,1931
11190,37627,2023-03-04,A,1999
11191,37630,2023-05-10,C,23
11192,37634,2022-10-13,A,1654
11193,37635,2022-11-11,A,1051
11194,37638,2023-05-30,A,36
11195,37639,2024-12-28,A,1543
11196,37640,2022-11-30,A,309
11197,37645,2023-02-12,A,726
11198,37651,2024-06-12,A,1961
11199,37653,2025-05-18,A,421
11200,37654,2025-05-28,A,1374
11201,37661,2025-04-06,A,637
11202,37663,2024-02-13,A,1737
11203,37664,2023-09-08,A,1502
11204,37665,2023-08-22,A,1570
11205,37666,2025-10-24,A,1661
11206,37669,2024-11-27,B,1407
11207,37671,2024-11-02,A,1503
11208,37675,2024-10-11,A,1921
11209,37677,2024-05-12,A,658
11210,37679,2022-07-30,A,1249
11211,37681,2022-11-16,B,232
11212,37685,2022-10-20,A,1308
11213,37686,2023-04-30,A,1143
11214,37690,2025-04-03,A,1717
11215,37697,2025-04-15,C,1548
11216,37700,2023-04-25,A,1166
11217,37701,2025-01-17,A,1798
11218,37705,2022-12-02,A,707
11219,37706,2023-11-19,C,960
11220,37709,2024-06-22,A,1551
11221,37716,2024-03-12,A,1618
11222,37721,2023-04-20,C,560
11223,37723,2022-09-28,A,957
11224,37726,2024-09-19,B,1336
11225,37736,2022-08-22,A,1633
11226,37739,2023-08-27,C,1172
11227,37742,2024-06-22,A,1771
11228,37743,2024-12-03,B,118
11229,37751,2022-09-15,A,1597
11230,37755,2024-11-19,A,1012
11231,37759,2024-03-19,A,1064
11232,37766,2025-05-19,A,382
11233,37768,2024-11-03,A,1943
11234,37769,2025-07-24,A,1907
11235,37776,2025-02-07,B,236
11236,37788,2023-10-23,A,1687
11237,37792,2025-07-07,A,562
11238,37793,2025-06-07,A,439
11239,37796,2024-01-10,A,24
11240,37803,2022-12-15,C,1614
11241,37805,2025-01-03,A,1625
11242,37808,2024-02-13,A,1560
11243,37809,2025-02-06,C,412
11244,37810,2022-11-12,C,639
11245,37814,2024-09-30,B,1200
11246,37815,2023-11-22,A,1463
11247,37816,2024-10-18,A,147
11248,37820,2024-04-27,A,1650
11249,37822,2024-06-14,A,126
11250,37832,2025-01-14,A,144
11251,37836,2023-10-15,A,23
11252,37837,2023-03-01,B,400
11253,37838,2023-06-04,A,1667
11254,37850,2022-05-01,B,209
11255,37855,2024-12-14,B,1138
11256,37856,2025-03-31,A,219
11257,37858,2023-02-28,A,1244
11258,37859,2025-01-06,A,1048
11259,37860,2024-11-02,A,705
11260,37862,2023-09-13,A,656
11261,37866,2023-08-04,A,686
11262,37867,2024-08-01,A,1383
11263,37875,2025-02-12,A,1258
11264,37877,2024-05-23,A,1954
11265,37878,2022-07-23,A,1272
11266,37880,2023-10-26,A,1826
11267,37889,2022-08-12,A,1404
11268,37892,2022-09-04,C,1633
11269,37893,2023-10-05,A,1924
11270,37897,2024-11-01,A,1176
11271,37898,2024-10-03,C,420
11272,37902,2024-06-09,A,1240
11273,37904,2022-08-24,A,1278
11274,37906,2022-11-08,A,587
11275,37910,2022-12-13,A,609
11276,37913,2024-06-27,A,1994
11277,37916,2025-01-07,B,1819
11278,37918,2024-01-27,A,1234
11279,37920,2024-05-24,A,1711
11280,37927,2022-05-08,A,192
11281,37934,2022-09-04,A,181
11282,37935,2024-09-20,A,1448
11283,37936,2025-02-25,A,1228
11284,37937,2022-11-26,C,253
11285,37941,2025-02-21,A,1917
11286,37943,2025-04-16,A,413
11287,37948,2024-06-08,C,289
11288,37949,2024-04-24,A,1392
11289,37951,2023-04-27,A,1747
11290,37955,2023-12-03,B,3
11291,37958,2023-09-17,A,516
11292,37959,2022-08-26,C,1199
11293,37960,2024-08-20,A,11
11294,37961,2022-05-24,C,14
11295,37966,2025-05-29,A,51
11296,37967,2025-04-17,B,1910
11297,37974,2023-03-23,A,1816
11298,37976,2024-07-03,A,1110
11299,37980,2024-10-05,A,1944
11300,37992,2023-12-30,A,1983
11301,37994,2023-01-04,A,168
11302,37996,2024-02-07,A,314
11303,37997,2025-03-12,C,726
11304,37998,2025-03-07,A,1825
11305,37999,2023-09-15,A,1238
11306,38000,2025-03-18,A,892
11307,38004,2023-12-24,A,172
11308,38008,2023-03-01,A,158
11309,38009,2023-06-18,C,241
11310,38011,2024-10-06,C,727
11311,38015,2023-10-29,C,693
11312,38016,2024-07-04,A,736
11313,38019,2024-01-15,A,1825
11314,38020,2023-09-17,A,1046
11315,38023,2022-11-15,A,1095
11316,38028,2024-09-19,A,364
11317,38032,2022-08-01,C,1968
11318,38042,2025-01-18,A,940
11319,38050,2023-08-14,A,61
11320,38052,2023-04-15,A,1746
11321,38054,2023-12-25,A,746
11322,38058,2022-11-20,A,828
11323,38062,2024-07-12,B,1529
11324,38063,2024-11-04,A,1744
11325,38066,2022-12-08,A,469
11326,38073,2024-01-21,A,1557
11327,38074,2025-08-16,A,1099
11328,38076,2024-12-22,A,850
11329,38079,2024-05-17,C,1636
11330,38084,2024-08-30,A,762
11331,38085,2024-04-22,A,1772
11332,38088,2023-03-18,A,1508
11333,38096,2025-03-21,A,1618
11334,38097,2024-01-12,A,172
11335,38098,2024-03-05,B,948
11336,38099,2024-12-07,A,976
11337,38100,2023-08-23,A,1820
11338,38102,2022-11-17,A,528
11339,38103,2022-11-25,B,1392
11340,38105,2024-10-28,C,1644
11341,38111,2023-12-25,A,286
11342,38114,2024-01-20,A,444
11343,38117,2023-08-31,A,147
11344,38118,2025-05-07,C,20
11345,38120,2024-11-13,A,1096
11346,38122,2022-08-17,A,1120
11347,38124,2023-08-29,B,1609
11348,38125,2023-08-07,A,1223
11349,38143,2024-05-27,A,1341
11350,38145,2024-11-20,A,351
11351,38148,2024-07-01,A,490
11352,38149,2025-01-22,B,1316
11353,38153,2024-09-21,A,1404
11354,38158,2025-05-13,A,1380
11355,38159,2023-08-18,C,1246
11356,38163,2023-04-18,A,822
11357,38168,2023-05-28,A,1289
11358,38169,2024-02-25,A,459
11359,38171,2022-08-31,A,1257
11360,38172,2022-07-07,A,1096
11361,38183,2022-10-18,C,1016
11362,38190,2023-02-13,A,1054
11363,38191,2024-05-23,A,1797
11364,38194,2022-06-09,A,1259
11365,38195,2024-08-09,A,723
11366,38197,2023-01-15,A,399
11367,38206,2022-08-23,A,1366
11368,38209,2024-03-23,A,353
11369,38212,2022-08-11,A,698
11370,38215,2024-09-26,C,192
11371,38219,2022-11-13,A,506
11372,38224,2025-06-12,A,29
11373,38232,2024-06-06,A,1387
11374,38240,2023-05-04,C,1647
11375,38242,2023-12-25,A,1270
11376,38244,2025-02-06,C,7
11377,38252,2024-10-22,A,745
11378,38256,2023-06-28,A,1832
11379,38258,2022-10-10,A,16
11380,38259,2022-10-07,C,1957
11381,38261,2024-09-06,A,284
11382,38262,2024-03-07,C,534
11383,38267,2024-09-09,A,1579
11384,38268,2025-05-16,A,102
11385,38269,2025-05-08,A,844
11386,38270,2025-01-13,A,612
11387,38274,2022-04-19,A,1090
11388,38276,2024-02-20,C,652
11389,38277,2025-03-07,A,634
11390,38281,2023-10-19,A,1111
11391,38283,2022-11-17,C,869
11392,38288,2025-02-19,A,726
11393,38296,2023-12-25,A,1467
11394,38297,2024-03-21,A,1653
11395,38299,2023-07-16,A,470
11396,38300,2023-09-10,A,1974
11397,38301,2024-11-05,A,401
11398,38312,2025-05-21,C,1672
11399,38314,2024-04-11,A,730
11400,38320,2025-02-08,A,222
11401,38326,2024-04-10,C,1178
11402,38329,2024-11-07,A,169
11403,38332,2024-12-11,A,1706
11404,38334,2024-07-15,A,1708
11405,38335,2024-12-24,A,570
11406,38337,2024-08-25,A,1572
11407,38338,2024-04-13,C,401
11408,38339,2023-09-07,A,863
11409,38344,2025-08-07,A,1700
11410,38347,2023-08-29,C,1997
11411,38351,2023-10-28,A,1131
11412,38353,2024-11-14,A,356
11413,38358,2023-04-15,A,428
11414,38364,2024-09-13,A,1840
11415,38369,2024-02-06,A,1471
11416,38374,2025-02-26,A,505
11417,38375,2025-01-24,A,669
11418,38377,2024-02-21,A,88
11419,38378,2025-04-16,A,1284
11420,38379,2023-07-21,B,973
11421,38386,2022-10-31,A,670
11422,38392,2023-01-10,A,1991
11423,38394,2024-08-12,A,1592
11424,38404,2024-02-25,A,1128
11425,38407,2024-04-21,A,1691
11426,38410,2025-02-09,A,919
11427,38411,2023-05-28,A,428
11428,38414,2024-12-29,A,1338
11429,38418,2024-07-13,A,730
11430,38421,2022-10-29,A,668
11431,38422,2023-04-17,A,1491
11432,38423,2022-11-30,C,960
11433,38427,2024-06-12,A,959
11434,38429,2024-10-14,A,1905
11435,38440,2025-06-04,C,1446
11436,38452,2024-09-05,A,1317
11437,38463,2024-10-11,A,937
11438,38465,2023-03-31,A,711
11439,38466,2024-12-31,A,1564
11440,38467,2024-10-29,A,636
11441,38468,2025-05-16,B,1297
11442,38469,2025-03-07,C,417
11443,38473,2024-06-10,A,604
11444,38474,2024-01-14,A,773
11445,38476,2022-10-09,A,1294
11446,38477,2024-02-24,A,278
11447,38484,2024-07-09,A,309
11448,38488,2023-05-08,C,1705
11449,38490,2022-12-27,A,1590
11450,38492,2022-10-18,A,799
11451,38496,2023-04-17,A,438
11452,38497,2023-04-09,A,1071
11453,38500,2025-01-27,B,1324
11454,38503,2025-02-22,B,471
11455,38504,2022-10-07,A,886
11456,38506,2023-06-26,A,1948
11457,38520,2024-08-24,A,883
11458,38521,2024-08-23,B,1429
11459,38522,2022-09-09,B,1547
11460,38523,2023-02-18,C,1068
11461,38529,2025-02-24,A,1517
11462,38530,2023-07-12,A,744
11463,38537,2022-08-28,A,428
11464,38538,2023-09-07,A,1096
11465,38540,2024-07-21,A,360
11466,38543,2022-07-05,A,1820
11467,38547,2023-09-23,A,733
11468,38548,2023-11-30,A,627
11469,38552,2023-04-18,C,1243
11470,38553,2024-01-20,A,821
11471,38554,2023-05-07,B,1890
11472,38558,2023-01-29,A,1576
11473,38559,2024-02-12,B,1218
11474,38562,2022-08-28,C,1243
11475,38569,2025-04-11,A,1463
11476,38581,2022-08-29,A,698
11477,38582,2022-12-27,A,1052
11478,38583,2023-02-21,A,685
11479,38591,2023-01-11,B,836
11480,38594,2023-04-29,A,636
11481,38595,2023-04-11,A,499
11482,38597,2024-08-30,A,713
11483,38600,2023-05-06,A,544
11484,38601,2025-03-14,C,690
11485,38607,2023-06-23,A,1879
11486,38611,2022-07-08,A,685
11487,38619,2023-04-02,B,478
11488,38620,2022-06-21,A,483
11489,38623,2023-11-25,C,792
11490,38626,2024-08-07,A,1060
11491,38628,2023-08-26,A,1287
11492,38630,2023-03-29,A,510
11493,38633,2024-10-12,A,1811
11494,38640,2022-09-21,A,332
11495,38642,2022-11-17,A,1057
11496,38643,2022-09-10,A,1103
11497,38647,2022-10-19,B,1113
11498,38653,2025-07-21,A,773
11499,38665,2024-12-29,A,497
11500,38667,2023-11-09,C,620
11501,38670,2022-12-02,A,1608
11502,38672,2024-07-02,A,871
11503,38673,2025-01-20,C,1750
11504,38674,2023-07-12,A,1562
11505,38675,2023-08-13,C,803
11506,38677,2024-09-30,A,372
11507,38681,2022-12-07,B,921
11508,38686,2023-05-29,A,130
11509,38693,2023-04-25,A,77
11510,38699,2025-07-05,A,648
11511,38700,2022-07-26,A,830
11512,38707,2025-05-03,C,126
11513,38709,2023-03-30,A,234
11514,38711,2024-08-20,A,1489
11515,38717,2024-12-19,C,455
11516,38718,2024-10-31,A,1598
11517,38719,2024-10-31,C,1471
11518,38721,2024-11-11,A,597
11519,38726,2024-02-13,C,672
11520,38727,2024-11-02,C,1649
11521,38728,2023-07-22,C,1885
11522,38729,2022-12-19,A,1167
11523,38730,2024-03-21,A,52
11524,38738,2023-08-17,A,1417
11525,38740,2024-12-28,A,1641
11526,38752,2025-07-14,A,1788
11527,38755,2022-11-15,A,1573
11528,38758,2023-03-27,C,19
11529,38766,2025-03-12,A,813
11530,38772,2023-09-25,A,300
11531,38781,2022-09-14,A,1128
11532,38794,2025-03-14,A,1021
11533,38796,2024-08-05,B,1919
11534,38810,2024-06-19,A,577
11535,38811,2024-03-31,B,1779
11536,38820,2024-11-02,C,136
11537,38829,2022-12-28,A,1953
11538,38833,2025-06-24,A,1810
11539,38837,2022-08-17,A,448
11540,38838,2024-07-08,A,1623
11541,38839,2024-05-06,C,1756
11542,38843,2025-01-27,C,764
11543,38844,2023-12-21,A,1780
11544,38846,2024-11-10,A,1420
11545,38851,2024-02-05,C,1299
11546,38855,2023-05-29,A,931
11547,38856,2023-06-20,A,38
11548,38857,2023-05-03,A,1048
11549,38858,2025-04-30,A,68
11550,38871,2024-07-02,A,1342
11551,38873,2022-11-18,C,857
11552,38876,2024-09-29,A,1145
11553,38878,2023-02-21,C,1004
11554,38881,2023-03-21,A,746
11555,38882,2023-09-13,A,379
11556,38893,2025-02-14,A,253
11557,38894,2022-04-15,B,284
11558,38898,2023-07-24,A,1539
11559,38899,2022-09-12,A,921
11560,38906,2022-10-27,A,430
11561,38909,2024-07-11,B,163
11562,38910,2024-05-17,A,195
11563,38914,2023-10-24,A,1673
11564,38916,2025-01-18,C,804
11565,38927,2023-05-13,A,1545
11566,38929,2022-10-06,A,248
11567,38931,2023-03-13,A,1321
11568,38932,2025-02-12,B,345
11569,38937,2024-09-20,A,855
11570,38940,2025-05-12,B,1207
11571,38943,2023-04-17,A,1005
11572,38944,2022-07-10,A,1254
11573,38948,2025-08-13,A,870
11574,38950,2025-01-09,B,1702
11575,38959,2023-02-14,B,209
11576,38960,2024-04-05,A,1338
11577,38962,2023-10-25,A,1211
11578,38967,2024-11-12,A,1998
11579,38968,2024-11-11,B,429
11580,38974,2024-10-10,A,653
11581,38977,2024-06-18,A,1111
11582,38978,2024-11-02,A,921
11583,38980,2023-01-15,B,924
11584,38985,2024-08-20,A,1454
11585,38988,2025-04-21,C,283
11586,38990,2024-02-14,A,1424
11587,38991,2025-11-08,A,703
11588,38997,2024-08-24,C,1404
11589,39013,2024-09-04,A,607
11590,39015,2023-05-09,A,404
11591,39017,2023-10-12,C,279
11592,39023,2022-07-03,A,812
11593,39027,2024-11-08,A,1549
11594,39029,2024-01-23,A,639
11595,39031,2024-07-12,A,808
11596,39035,2023-03-10,A,367
11597,39046,2023-08-10,A,1823
11598,39051,2025-05-10,A,880
11599,39056,2024-02-20,A,1869
11600,39057,2023-07-15,A,583
11601,39062,2022-12-16,A,727
11602,39063,2023-04-22,C,1113
11603,39065,2024-05-10,C,172
11604,39066,2024-10-12,A,1130
11605,39074,2022-08-01,C,323
11606,39075,2025-03-12,C,1411
11607,39076,2025-01-08,B,355
11608,39077,2025-03-14,A,742
11609,39079,2022-12-07,C,1384
11610,39083,2024-02-23,A,241
11611,39085,2024-03-09,C,210
11612,39086,2023-12-04,A,689
11613,39089,2023-08-29,B,47
11614,39091,2025-01-10,A,1640
11615,39093,2025-05-21,A,1234
11616,39097,2024-05-14,A,439
11617,39099,2023-08-28,A,659
11618,39104,2024-02-28,C,1634
11619,39106,2022-06-03,A,1335
11620,39108,2024-03-30,A,1086
11621,39114,2025-04-16,A,882
11622,39115,2023-03-30,C,1086
11623,39116,2024-10-30,A,836
11624,39118,2023-03-17,A,1297
11625,39124,2025-07-07,A,27
11626,39125,2024-12-07,A,479
11627,39126,2024-11-29,A,220
11628,39127,2025-02-12,A,1329
11629,39128,2022-10-17,A,927
11630,39131,2024-03-16,A,705
11631,39133,2024-03-18,A,1438
11632,39138,2024-11-02,A,924
11633,39140,2024-09-28,A,746
11634,39143,2023-09-08,B,904
11635,39147,2022-08-18,A,628
11636,39152,2024-05-11,B,814
11637,39154,2025-05-05,A,1544
11638,39157,2024-03-25,A,265
11639,39162,2024-07-26,A,117
11640,39180,2022-09-02,A,1100
11641,39182,2023-08-23,A,461
11642,39186,2025-06-20,A,757
11643,39187,2024-07-18,A,228
11644,39194,2025-03-02,A,113
11645,39196,2025-05-11,C,54
11646,39198,2023-05-14,A,206
11647,39204,2023-04-17,C,698
11648,39210,2025-01-24,A,841
11649,39216,2023-12-02,A,1683
11650,39217,2024-05-13,A,775
11651,39218,2022-08-14,A,1849
11652,39224,2025-08-27,A,1550
11653,39225,2025-06-24,A,268
11654,39228,2024-06-23,B,1675
11655,39232,2025-07-01,B,969
11656,39236,2022-08-14,A,343
11657,39237,2024-11-02,B,718
11658,39238,2023-11-13,A,250
11659,39239,2024-07-13,A,511
11660,39248,2022-11-04,A,1127
11661,39250,2025-01-28,C,347
11662,39254,2023-11-02,A,85
11663,39258,2024-06-23,B,167
11664,39259,2023-12-15,A,1914
11665,39260,2023-06-16,A,999
11666,39262,2023-03-03,A,189
11667,39263,2022-05-25,C,1735
11668,39265,2023-07-15,A,979
11669,39269,2023-08-09,A,348
11670,39270,2024-01-03,C,1266
11671,39271,2023-07-11,C,897
11672,39272,2023-04-16,A,447
11673,39275,2025-03-17,A,1302
11674,39280,2023-10-28,C,417
11675,39282,2023-04-25,A,470
11676,39283,2024-04-29,C,21
11677,39289,2023-11-29,C,132
11678,39291,2023-05-17,C,909
11679,39294,2023-12-05,A,352
11680,39296,2024-02-10,B,685
11681,39297,2023-11-14,A,248
11682,39298,2024-04-22,C,1167
11683,39305,2024-05-07,A,1812
11684,39313,2023-04-12,A,1335
11685,39316,2023-06-15,C,881
11686,39320,2025-03-10,A,927
11687,39321,2025-01-27,A,536
11688,39327,2024-09-12,C,879
11689,39329,2024-09-11,A,667
11690,39332,2025-05-27,A,37
11691,39334,2023-01-03,A,1028
11692,39338,2025-05-30,A,1396
11693,39343,2024-05-12,A,1997
11694,39348,2025-05-12,C,901
11695,39350,2023-05-13,A,201
11696,39354,2025-01-24,A,1533
11697,39355,2024-01-11,A,1841
11698,39356,2025-01-02,A,1424
11699,39357,2023-06-20,A,1834
11700,39361,2023-12-10,A,1941
11701,39370,2025-03-09,A,1953
11702,39379,2024-06-27,A,618
11703,39383,2022-10-08,A,766
11704,39384,2022-10-07,A,1050
11705,39387,2022-06-28,A,986
11706,39394,2023-11-08,A,1382
11707,39396,2024-11-07,A,355
11708,39400,2022-12-31,A,1703
11709,39401,2024-08-24,A,894
11710,39402,2022-07-14,A,1481
11711,39404,2023-06-24,B,1015
11712,39405,2024-12-04,C,1881
11713,39407,2023-05-18,C,1643
11714,39408,2024-09-03,A,292
11715,39409,2023-09-22,B,621
11716,39410,2025-04-18,B,980
11717,39411,2024-12-30,A,1184
11718,39412,2024-02-08,B,874
11719,39414,2024-07-15,C,1426
11720,39418,2022-08-24,A,62
11721,39420,2024-09-19,A,782
11722,39421,2024-07-02,A,329
11723,39422,2023-04-02,A,1059
11724,39424,2025-05-30,B,588
11725,39427,2023-02-11,C,694
11726,39429,2024-07-09,A,705
11727,39431,2023-01-13,A,930
11728,39439,2022-09-08,C,387
11729,39441,2022-08-23,A,891
11730,39442,2022-10-23,A,1971
11731,39444,2023-11-21,A,1772
11732,39447,2023-03-19,A,137
11733,39448,2023-05-10,A,1079
11734,39450,2022-09-11,A,644
11735,39451,2022-07-11,A,153
11736,39462,2025-06-09,A,872
11737,39466,2022-08-03,A,419
11738,39467,2024-01-24,A,385
11739,39469,2023-11-01,C,146
11740,39472,2025-01-26,C,955
11741,39474,2022-08-08,B,1167
11742,39475,2023-04-30,A,866
11743,39476,2024-01-05,A,763
11744,39478,2024-05-09,A,490
11745,39489,2025-01-25,C,1271
11746,39498,2024-07-23,A,1190
11747,39501,2025-01-16,A,1741
11748,39504,2023-06-30,A,802
11749,39507,2024-12-21,A,1380
11750,39511,2024-11-18,B,1528
11751,39512,2024-01-26,A,1261
11752,39514,2024-03-29,A,351
11753,39515,2025-02-01,C,134
11754,39518,2023-02-26,A,280
11755,39521,2023-12-29,A,1595
11756,39527,2023-03-21,A,1116
11757,39528,2025-04-04,A,1492
11758,39529,2023-08-18,B,391
11759,39531,2023-07-20,C,531
11760,39540,2025-03-18,B,291
11761,39548,2023-09-26,A,792
11762,39555,2024-07-08,A,1014
11763,39556,2023-04-10,A,754
11764,39557,2022-04-10,C,1404
11765,39563,2022-10-03,A,1428
11766,39566,2023-10-28,B,662
11767,39573,2022-12-29,C,716
11768,39576,2024-05-12,A,107
11769,39583,2025-05-16,A,1026
11770,39603,2024-09-27,A,1875
11771,39606,2023-05-05,A,395
11772,39609,2024-09-07,C,1320
11773,39620,2025-05-02,C,369
11774,39622,2022-06-05,A,761
11775,39630,2023-01-12,A,506
11776,39631,2024-01-16,C,426
11777,39632,2025-06-08,A,1966
11778,39637,2023-10-30,A,562
11779,39638,2023-07-15,A,662
11780,39640,2025-09-26,A,997
11781,39644,2024-08-18,A,901
11782,39645,2024-07-26,A,552
11783,39657,2022-11-28,A,785
11784,39662,2024-05-08,A,1961
11785,39664,2022-06-12,A,1375
11786,39667,2024-10-13,A,639
11787,39668,2022-09-24,A,310
11788,39669,2024-10-11,C,1779
11789,39673,2024-10-17,C,435
11790,39674,2025-07-14,A,1009
11791,39675,2024-03-02,C,1880
11792,39676,2025-04-05,B,495
11793,39680,2024-10-05,B,1704
11794,39682,2025-02-22,A,1093
11795,39687,2024-12-26,A,451
11796,39688,2024-03-04,A,1004
11797,39692,2022-09-03,A,607
11798,39695,2023-10-06,A,89
11799,39697,2023-10-16,C,583
11800,39703,2024-02-19,A,1731
11801,39706,2025-04-18,C,576
11802,39709,2022-07-24,C,594
11803,39711,2025-10-23,C,1468
11804,39712,2024-02-21,B,1636
11805,39716,2022-10-29,A,1656
11806,39722,2022-11-18,A,1514
11807,39726,2025-01-03,A,46
11808,39727,2025-01-16,A,514
11809,39728,2025-02-05,A,409
11810,39732,2024-06-29,C,11
11811,39738,2024-09-08,A,496
11812,39739,2025-03-08,A,577
11813,39740,2023-05-13,C,1173
11814,39741,2025-04-01,A,1943
11815,39742,2023-11-23,A,1420
11816,39746,2025-10-22,A,308
11817,39747,2025-03-09,A,1370
11818,39748,2023-11-14,A,978
11819,39749,2023-05-10,C,1363
11820,39753,2023-03-03,C,1657
11821,39755,2023-03-03,C,420
11822,39758,2025-02-16,A,1281
11823,39765,2025-01-24,A,848
11824,39768,2024-03-11,B,969
11825,39771,2024-11-06,A,1944
11826,39772,2023-11-13,C,1105
11827,39775,2024-03-18,A,1358
11828,39778,2025-07-25,C,863
11829,39779,2024-07-18,A,539
11830,39780,2023-05-17,A,1895
11831,39782,2024-01-17,A,579
11832,39783,2023-09-11,A,1935
11833,39785,2024-10-03,A,165
11834,39786,2023-02-08,A,93
11835,39787,2024-11-03,A,1133
11836,39788,2025-02-24,A,1314
11837,39789,2024-02-02,C,201
11838,39792,2023-01-31,C,1319
11839,39796,2023-07-20,C,461
11840,39804,2023-12-02,B,349
11841,39810,2025-07-28,A,1507
11842,39812,2022-08-27,C,178
11843,39813,2025-01-18,A,987
11844,39816,2023-12-11,C,1987
11845,39823,2023-03-18,A,1871
11846,39827,2023-12-24,A,1904
11847,39837,2025-03-02,A,1254
11848,39838,2025-01-08,A,1871
11849,39859,2023-09-29,A,1897
11850,39861,2024-07-01,A,1476
11851,39863,2024-07-07,A,864
11852,39864,2023-06-15,C,973
11853,39870,2024-06-14,C,1608
11854,39873,2023-06-13,A,833
11855,39877,2025-03-29,A,892
11856,39878,2025-02-25,B,513
11857,39885,2025-01-01,B,359
11858,39887,2025-03-20,A,1143
11859,39889,2024-10-15,A,1610
11860,39890,2023-09-17,A,785
11861,39893,2025-04-15,C,1637
11862,39895,2023-06-13,A,501
11863,39897,2023-06-07,B,110
11864,39901,2023-10-15,A,318
11865,39903,2024-01-07,A,756
11866,39908,2022-11-21,A,598
11867,39921,2024-06-30,A,1768
11868,39927,2023-06-21,A,31
11869,39929,2024-03-20,A,530
11870,39933,2023-02-21,A,74
11871,39946,2023-08-23,A,459
11872,39947,2025-07-09,A,121
11873,39949,2023-02-09,A,1002
11874,39951,2022-09-09,C,1582
11875,39962,2023-11-19,C,954
11876,39967,2023-01-15,A,1950
11877,39968,2025-03-28,A,1808
11878,39970,2025-05-09,A,1543
11879,39971,2024-10-20,A,470
11880,39972,2025-03-13,A,1072
11881,39977,2024-04-20,C,768
11882,39982,2022-12-09,B,1844
11883,39985,2023-10-12,A,923
11884,39986,2024-07-29,B,1777
11885,39987,2022-12-10,B,1705
11886,39996,2023-05-24,C,1699
11887,40000,2024-02-03,C,274
11888,40003,2023-06-12,C,657
11889,40004,2023-10-23,A,959
11890,40005,2023-08-29,A,1880
11891,40006,2023-03-10,A,688
11892,40008,2023-08-21,C,1165
11893,40010,2023-07-28,A,1836
11894,40011,2025-06-08,A,154
11895,40013,2024-12-28,A,1948
11896,40014,2025-11-02,A,1195
11897,40016,2023-03-31,A,1477
11898,40019,2024-04-20,C,494
11899,40020,2025-01-04,A,508
11900,40024,2022-08-08,B,1622
11901,40031,2023-05-08,A,206
11902,40032,2024-07-16,A,1596
11903,40036,2023-01-16,B,1929
11904,40042,2022-12-27,A,1152
11905,40046,2024-07-01,A,1404
11906,40049,2024-06-04,C,411
11907,40050,2024-09-10,C,1127
11908,40053,2022-10-26,A,350
11909,40057,2024-09-03,A,1955
11910,40058,2023-04-24,A,842
11911,40059,2023-07-29,A,81
11912,40061,2022-12-15,A,387
11913,40064,2022-10-17,C,1537
11914,40065,2024-02-20,A,117
11915,40070,2022-08-21,A,1449
11916,40071,2023-11-17,A,583
11917,40073,2023-08-25,A,209
11918,40077,2022-10-10,C,1471
11919,40078,2024-01-13,A,909
11920,40083,2023-09-29,C,1141
11921,40086,2023-01-27,A,244
11922,40088,2022-08-18,A,1378
11923,40093,2024-02-08,A,226
11924,40097,2023-09-06,A,351
11925,40100,2023-11-19,A,940
11926,40104,2025-05-24,B,1973
11927,40105,2025-06-02,A,1340
11928,40107,2024-05-31,A,1483
11929,40110,2025-04-28,A,312
11930,40111,2023-11-21,C,9
11931,40113,2023-08-25,A,1532
11932,40114,2024-11-15,A,979
11933,40116,2023-05-07,B,277
11934,40117,2023-08-05,A,1590
11935,40118,2023-10-07,A,519
11936,40122,2022-12-24,A,1855
11937,40125,2023-10-28,A,1563
11938,40126,2023-09-08,A,1092
11939,40129,2025-04-26,A,1002
11940,40130,2024-12-06,A,78
11941,40131,2023-01-28,A,1789
11942,40135,2023-12-23,A,1610
11943,40136,2023-02-06,A,398
11944,40139,2024-01-29,C,1458
11945,40140,2023-06-21,A,1980
11946,40141,2022-08-01,C,1887
11947,40143,2022-12-01,A,1535
11948,40147,2024-07-16,B,1375
11949,40149,2025-04-27,A,616
11950,40150,2022-07-13,A,1128
11951,40151,2023-10-26,A,460
11952,40153,2023-12-01,A,809
11953,40154,2024-05-09,A,193
11954,40161,2022-07-02,A,249
11955,40168,2024-01-12,A,25
11956,40172,2023-11-10,A,337
11957,40174,2023-11-28,A,609
11958,40175,2023-01-13,C,1429
11959,40178,2023-11-29,A,574
11960,40185,2025-04-01,A,1656
11961,40189,2024-02-16,A,573
11962,40196,2022-09-11,A,1135
11963,40198,2023-06-06,C,1993
11964,40204,2023-11-07,A,1631
11965,40210,2023-12-10,B,1450
11966,40212,2024-01-15,A,623
11967,40213,2024-03-02,A,1957
11968,40221,2023-03-14,A,790
11969,40225,2022-07-27,A,1775
11970,40227,2022-10-01,A,1034
11971,40228,2024-05-18,A,910
11972,40229,2023-07-08,A,1103
11973,40235,2023-01-12,B,1101
11974,40239,2022-12-19,C,914
11975,40242,2024-12-07,C,141
11976,40245,2024-06-15,A,523
11977,40246,2023-08-31,A,1660
11978,40252,2023-03-22,A,1472
11979,40254,2023-08-02,A,1839
11980,40259,2024-08-12,A,469
11981,40260,2023-07-10,A,984
11982,40263,2024-07-07,B,348
11983,40264,2023-08-21,C,981
11984,40266,2023-10-06,A,1413
11985,40272,2024-10-20,A,180
11986,40274,2023-03-27,A,1362
11987,40279,2024-01-07,A,850
11988,40281,2023-11-26,A,69
11989,40284,2024-04-14,C,1332
11990,40285,2024-12-09,C,145
11991,40287,2022-08-24,C,669
11992,40298,2025-03-31,A,1501
11993,40302,2022-07-24,A,771
11994,40305,2025-04-10,B,1472
11995,40306,2023-06-17,A,1095
11996,40307,2024-05-07,A,986
11997,40310,2024-01-20,A,940
11998,40312,2024-07-20,B,628
11999,40315,2022-09-11,A,1886
12000,40317,2024-02-14,A,1074
12001,40323,2025-01-25,A,1252
12002,40325,2024-07-14,A,1127
12003,40328,2025-05-29,A,855
12004,40337,2022-10-21,A,1360
12005,40338,2023-11-06,A,1969
12006,40339,2024-09-29,A,31
12007,40342,2023-09-10,A,574
12008,40343,2025-04-21,A,581
12009,40352,2024-02-11,A,1005
12010,40354,2025-06-05,A,442
12011,40362,2023-07-28,C,447
12012,40372,2024-04-20,A,1132
12013,40375,2022-06-10,A,219
12014,40386,2024-09-15,C,1978
12015,40392,2023-08-21,A,875
12016,40395,2024-01-18,A,1966
12017,40398,2023-05-31,A,287
12018,40407,2023-03-20,A,1742
12019,40409,2023-12-16,A,1270
12020,40413,2024-02-22,A,1899
12021,40416,2025-02-24,A,435
12022,40421,2025-03-13,A,1108
12023,40424,2023-03-15,C,1768
12024,40427,2024-05-18,A,1886
12025,40430,2025-01-14,A,1744
12026,40439,2024-09-27,C,935
12027,40440,2022-07-15,A,1004
12028,40443,2024-11-01,B,324
12029,40445,2023-03-04,A,1860
12030,40451,2024-10-08,B,624
12031,40456,2022-10-01,A,817
12032,40458,2023-09-27,A,1174
12033,40459,2024-05-08,A,702
12034,40460,2023-07-06,A,47
12035,40463,2022-05-21,A,1612
12036,40466,2023-08-14,A,55
12037,40472,2025-04-08,A,1363
12038,40475,2024-08-09,A,449
12039,40478,2024-06-22,A,133
12040,40479,2024-12-19,A,542
12041,40484,2025-02-12,C,1084
12042,40489,2024-04-25,A,1936
12043,40494,2023-09-23,C,583
12044,40497,2024-12-21,A,1273
12045,40498,2023-09-23,C,467
12046,40499,2022-11-11,A,1500
12047,40500,2023-03-11,C,1742
12048,40501,2024-11-07,A,1511
12049,40502,2024-08-14,A,578
12050,40509,2022-07-18,A,865
12051,40514,2024-12-22,A,237
12052,40518,2023-03-23,A,980
12053,40519,2023-01-23,A,1310
12054,40521,2024-11-04,A,895
12055,40522,2023-02-01,C,525
12056,40523,2022-08-18,B,888
12057,40525,2024-07-08,A,1675
12058,40527,2024-02-16,B,1534
12059,40530,2023-06-28,A,639
12060,40535,2022-06-02,C,33
12061,40540,2025-01-26,C,273
12062,40541,2023-12-15,A,1259
12063,40544,2023-01-28,A,746
12064,40552,2025-02-03,A,1746
12065,40553,2024-01-19,C,1617
12066,40554,2025-02-04,A,141
12067,40555,2025-01-03,B,882
12068,40560,2025-04-13,C,68
12069,40561,2025-01-18,A,1256
12070,40562,2023-01-31,A,979
12071,40563,2024-08-06,A,1200
12072,40566,2022-08-13,A,1098
12073,40567,2023-06-22,B,180
12074,40569,2023-07-16,A,1242
12075,40570,2024-01-20,A,457
12076,40575,2024-01-06,A,467
12077,40576,2025-04-08,A,1089
12078,40577,2023-07-25,C,1566
12079,40578,2022-11-25,C,1185
12080,40580,2024-03-29,A,4
12081,40583,2022-09-09,A,65
12082,40584,2024-02-14,A,1827
12083,40587,2024-09-21,A,270
12084,40602,2024-02-01,A,391
12085,40603,2023-07-08,C,136
12086,40608,2023-08-31,A,1821
12087,40609,2022-09-10,A,163
12088,40610,2024-10-11,A,1684
12089,40613,2023-04-06,B,1930
12090,40614,2023-08-09,A,1786
12091,40616,2024-03-14,C,1441
12092,40618,2024-05-12,A,1366
12093,40621,2024-07-17,B,1481
12094,40622,2022-05-11,C,1945
12095,40623,2023-01-28,A,60
12096,40630,2025-04-22,A,895
12097,40631,2022-09-19,A,890
12098,40636,2022-12-09,A,1776
12099,40638,2024-01-13,B,1669
12100,40640,2025-07-31,A,351
12101,40641,2024-07-26,B,1023
12102,40649,2024-07-12,A,1558
12103,40652,2023-09-12,B,1598
12104,40653,2023-08-20,A,964
12105,40658,2024-04-19,C,692
12106,40662,2024-03-27,A,631
12107,40671,2024-02-14,A,1677
12108,40672,2023-04-19,A,1792
12109,40675,2025-06-18,C,959
12110,40676,2024-06-29,C,1237
12111,40678,2022-11-28,A,1494
12112,40685,2023-09-22,A,1101
12113,40687,2022-10-08,A,1661
12114,40696,2023-11-17,A,1126
12115,40697,2023-02-28,A,901
12116,40698,2022-09-08,A,1404
12117,40702,2023-02-25,C,971
12118,40703,2024-10-18,C,1131
12119,40707,2023-04-28,A,764
12120,40711,2023-04-26,C,978
12121,40712,2023-04-24,A,1558
12122,40718,2024-10-25,A,1420
12123,40720,2023-02-21,A,1904
12124,40723,2025-03-26,C,945
12125,40732,2025-06-15,A,599
12126,40736,2025-03-23,A,1844
12127,40742,2023-08-25,A,686
12128,40745,2024-03-23,A,755
12129,40747,2023-05-27,C,1732
12130,40748,2024-11-27,A,711
12131,40750,2025-02-14,B,1712
12132,40764,2023-11-06,A,263
12133,40770,2025-07-03,C,1862
12134,40771,2024-05-18,A,1170
12135,40773,2023-07-25,A,1892
12136,40778,2023-11-23,A,846
12137,40782,2023-01-28,A,804
12138,40788,2025-02-19,C,1354
12139,40802,2023-08-30,A,472
12140,40813,2023-12-11,C,110
12141,40817,2024-03-04,B,1624
12142,40821,2024-08-13,A,978
12143,40822,2023-08-28,A,961
12144,40823,2023-09-11,A,784
12145,40824,2024-03-12,A,119
12146,40826,2022-10-10,A,1136
12147,40828,2024-11-10,A,1771
12148,40829,2025-05-05,A,1234
12149,40841,2024-04-13,A,1362
12150,40842,2024-08-14,A,1315
12151,40847,2022-11-05,A,1646
12152,40849,2023-06-03,C,1555
12153,40850,2025-05-31,A,209
12154,40851,2023-01-30,C,246
12155,40852,2024-07-23,A,742
12156,40854,2024-04-16,A,1089
12157,40858,2024-05-12,A,330
12158,40859,2023-10-13,B,147
12159,40863,2023-05-22,C,1554
12160,40864,2024-08-18,C,1256
12161,40866,2023-03-18,B,1096
12162,40879,2022-08-17,A,1158
12163,40881,2024-02-16,C,877
12164,40884,2022-12-06,C,398
12165,40886,2023-05-16,B,1450
12166,40888,2022-05-27,A,947
12167,40901,2022-11-11,A,791
12168,40907,2024-03-23,A,89
12169,40909,2024-04-01,A,752
12170,40913,2023-06-24,A,1042
12171,40914,2022-11-25,A,878
12172,40919,2024-10-20,A,431
12173,40921,2023-07-28,C,1886
12174,40925,2023-06-26,A,1422
12175,40926,2024-01-19,A,622
12176,40930,2023-07-22,A,1595
12177,40932,2024-08-14,B,1484
12178,40935,2023-05-07,A,200
12179,40942,2024-07-27,A,1868
12180,40943,2024-01-20,A,917
12181,40944,2024-08-15,B,549
12182,40946,2025-07-07,A,1694
12183,40952,2024-08-16,B,1968
12184,40953,2024-12-31,A,1882
12185,40954,2025-01-22,A,1490
12186,40957,2024-12-30,B,486
12187,40960,2023-05-11,C,99
12188,40962,2025-06-22,A,1280
12189,40965,2023-08-26,B,1844
12190,40971,2022-11-29,A,1099
12191,40977,2025-01-10,A,1767
12192,40988,2024-12-06,A,527
12193,40989,2023-10-17,A,913
12194,40992,2023-08-11,C,24
12195,40998,2023-11-17,A,1000
12196,41000,2022-06-02,A,975
12197,41002,2025-02-09,A,821
12198,41004,2025-02-19,C,1695
12199,41007,2023-04-14,A,286
12200,41012,2023-11-21,B,262
12201,41017,2022-12-10,A,1983
12202,41020,2024-10-01,A,1812
12203,41021,2024-01-18,C,1609
12204,41025,2023-04-03,C,393
12205,41028,2022-12-14,A,129
12206,41029,2023-04-03,A,755
12207,41034,2023-04-26,C,229
12208,41036,2025-06-15,A,759
12209,41040,2024-05-03,A,1500
12210,41041,2023-01-17,B,15
12211,41044,2024-04-27,B,1854
12212,41045,2024-07-25,C,971
12213,41046,2023-09-18,A,767
12214,41048,2023-02-26,A,790
12215,41049,2025-06-01,A,40
12216,41052,2023-07-25,C,662
12217,41053,2023-03-15,A,1262
12218,41055,2022-11-12,C,480
12219,41057,2023-12-27,A,1387
12220,41059,2022-05-21,A,382
12221,41061,2022-06-23,A,1426
12222,41068,2024-10-11,A,1059
12223,41084,2024-12-05,C,949
12224,41091,2024-03-05,A,144
12225,41093,2023-10-26,A,1068
12226,41099,2024-04-20,B,1115
12227,41105,2022-06-27,A,756
12228,41107,2024-10-07,A,1202
12229,41108,2025-02-01,A,1681
12230,41109,2024-01-27,B,1528
12231,41119,2024-03-26,A,1197
12232,41130,2024-02-28,A,514
12233,41134,2023-02-08,A,1177
12234,41135,2025-10-30,C,574
12235,41137,2025-02-25,A,541
12236,41138,2024-05-24,A,1827
12237,41141,2024-03-29,A,951
12238,41144,2024-08-22,C,1971
12239,41146,2023-02-17,A,1730
12240,41147,2025-03-23,A,1481
12241,41150,2024-12-15,B,920
12242,41151,2024-02-29,A,467
12243,41161,2023-10-18,A,1583
12244,41163,2022-09-06,A,983
12245,41164,2024-01-02,A,116
12246,41172,2024-05-20,A,1075
12247,41174,2022-07-26,A,1652
12248,41177,2024-08-31,A,945
12249,41180,2024-10-31,A,431
12250,41181,2023-11-12,A,1737
12251,41183,2023-12-24,A,946
12252,41184,2024-12-25,C,572
12253,41187,2023-09-25,A,1498
12254,41194,2025-03-23,C,1184
12255,41200,2024-10-28,C,1196
12256,41208,2022-09-08,A,1157
12257,41210,2023-08-01,A,445
12258,41212,2023-09-02,A,826
12259,41219,2024-09-21,A,1470
12260,41227,2024-12-28,A,1322
12261,41230,2023-03-04,B,23
12262,41233,2022-07-14,A,977
12263,41234,2025-04-07,C,1855
12264,41236,2024-09-22,A,1405
12265,41239,2024-07-19,A,1195
12266,41241,2023-07-29,A,1971
12267,41243,2023-02-11,A,536
12268,41246,2023-11-15,A,1203
12269,41248,2024-03-06,A,364
12270,41251,2022-03-15,A,459
12271,41253,2024-01-16,A,1544
12272,41254,2023-06-21,A,1985
12273,41255,2023-05-24,A,637
12274,41258,2025-03-13,C,807
12275,41265,2023-10-09,A,1259
12276,41266,2023-02-17,A,1098
12277,41268,2025-02-23,A,1201
12278,41271,2024-11-11,A,390
12279,41272,2023-04-19,A,838
12280,41274,2025-01-12,A,1684
12281,41278,2024-01-12,A,328
12282,41282,2023-05-08,B,1746
12283,41287,2024-11-11,A,1360
12284,41290,2025-03-16,A,53
12285,41292,2022-09-16,A,1268
12286,41294,2024-04-10,B,1579
12287,41297,2024-06-13,C,1466
12288,41299,2022-09-29,A,1257
12289,41300,2023-05-26,C,1560
12290,41316,2025-05-16,A,381
12291,41324,2023-03-17,A,1121
12292,41327,2024-04-25,A,1209
12293,41330,2024-10-01,A,1681
12294,41342,2024-01-06,A,263
12295,41344,2022-08-13,A,1718
12296,41351,2024-09-11,A,199
12297,41361,2024-04-12,A,1209
12298,41363,2025-01-25,C,1256
12299,41366,2024-08-15,A,928
12300,41368,2024-08-02,B,104
12301,41372,2025-03-11,A,289
12302,41375,2022-09-15,B,395
12303,41381,2024-03-08,A,1657
12304,41387,2023-04-09,A,1303
12305,41397,2024-09-01,B,196
12306,41399,2023-01-04,A,1538
12307,41402,2024-04-26,C,1080
12308,41403,2023-07-14,C,35
12309,41405,2023-02-05,A,1898
12310,41408,2024-04-18,A,1657
12311,41425,2025-05-28,A,1992
12312,41433,2023-12-04,A,646
12313,41436,2022-10-04,A,1126
12314,41438,2023-06-03,A,779
12315,41441,2023-08-14,B,167
12316,41442,2024-12-17,C,406
12317,41443,2025-01-01,A,1195
12318,41445,2024-10-11,A,34
12319,41446,2024-03-28,B,1813
12320,41453,2024-10-13,A,324
12321,41455,2025-05-12,A,467
12322,41458,2024-05-27,C,1918
12323,41459,2024-05-22,A,239
12324,41462,2023-10-30,A,649
12325,41467,2022-08-06,A,1427
12326,41468,2024-12-23,A,1159
12327,41480,2023-07-15,C,1428
12328,41485,2023-04-11,A,198
12329,41488,2024-03-27,A,257
12330,41493,2023-03-16,B,982
12331,41494,2025-02-04,A,1581
12332,41495,2024-08-13,A,721
12333,41499,2024-03-27,C,500
12334,41500,2024-10-05,A,855
12335,41504,2023-11-06,A,224
12336,41508,2024-12-08,A,366
12337,41512,2024-11-21,C,997
12338,41520,2024-12-27,A,1703
12339,41522,2025-01-03,A,1382
12340,41528,2025-03-05,A,807
12341,41530,2023-06-03,A,1598
12342,41537,2023-12-26,A,1340
12343,41538,2024-01-10,B,229
12344,41543,2023-09-16,A,1800
12345,41547,2022-10-12,A,1161
12346,41549,2023-07-19,B,402
12347,41550,2022-09-14,A,840
12348,41553,2023-12-01,B,651
12349,41556,2023-05-27,A,102
12350,41558,2023-12-06,A,69
12351,41559,2023-07-24,C,1086
12352,41560,2024-06-27,C,285
12353,41561,2025-04-26,A,901
12354,41562,2022-10-26,A,353
12355,41563,2022-05-20,C,1440
12356,41564,2024-09-24,B,982
12357,41569,2022-09-03,A,595
12358,41570,2025-05-16,B,619
12359,41573,2025-01-20,A,880
12360,41579,2024-03-22,A,1403
12361,41581,2023-06-04,A,1192
12362,41583,2024-06-20,A,197
12363,41585,2023-12-13,A,841
12364,41588,2024-03-30,A,357
12365,41589,2023-11-04,C,1719
12366,41591,2024-04-19,A,836
12367,41599,2024-10-03,C,1808
12368,41603,2023-08-24,A,132
12369,41605,2024-06-12,C,1916
12370,41610,2023-04-26,A,1684
12371,41612,2023-12-11,A,562
12372,41617,2024-03-27,A,347
12373,41625,2024-03-18,A,420
12374,41628,2023-02-07,A,1122
12375,41629,2024-03-29,A,475
12376,41630,2024-04-23,A,43
12377,41631,2025-07-12,A,1919
12378,41636,2022-10-19,A,1649
12379,41640,2023-10-06,A,568
12380,41641,2023-04-16,C,1992
12381,41645,2023-04-17,A,724
12382,41648,2024-05-04,A,617
12383,41651,2023-09-17,A,1672
12384,41652,2025-06-16,C,673
12385,41656,2024-06-13,A,794
12386,41662,2023-05-12,C,1380
12387,41663,2022-07-09,C,1122
12388,41667,2024-09-08,A,1356
12389,41671,2023-11-29,A,1064
12390,41674,2023-12-16,C,954
12391,41675,2023-06-19,A,1913
12392,41676,2023-06-27,A,1457
12393,41679,2025-02-13,A,1220
12394,41680,2025-06-29,B,124
12395,41687,2023-09-04,C,1778
12396,41692,2025-02-04,B,35
12397,41696,2025-04-25,A,1148
12398,41699,2024-08-01,C,244
12399,41702,2024-11-09,C,364
12400,41704,2024-05-01,A,653
12401,41707,2024-12-23,B,553
12402,41708,2022-12-30,A,315
12403,41710,2024-05-07,A,1364
12404,41711,2024-01-01,A,1150
12405,41712,2025-03-09,A,168
12406,41713,2023-11-17,A,1026
12407,41721,2025-04-04,A,1067
12408,41722,2024-05-08,A,1422
12409,41725,2025-04-08,A,305
12410,41728,2025-03-26,A,169
12411,41736,2025-01-04,A,1980
12412,41737,2023-11-07,C,647
12413,41740,2023-08-07,C,428
12414,41741,2022-12-28,A,103
12415,41743,2023-07-28,A,44
12416,41746,2025-03-04,A,1834
12417,41749,2023-10-29,A,1157
12418,41751,2024-01-27,A,904
12419,41759,2022-09-25,A,458
12420,41761,2023-02-22,B,1871
12421,41762,2023-08-13,A,784
12422,41763,2022-06-21,A,1930
12423,41770,2024-08-23,B,491
12424,41771,2022-12-03,A,1139
12425,41775,2024-06-14,A,21
12426,41779,2023-09-08,A,1473
12427,41780,2024-06-16,A,10
12428,41782,2022-06-18,B,648
12429,41784,2025-01-13,C,1120
12430,41791,2023-02-02,A,373
12431,41792,2024-06-11,A,1065
12432,41795,2025-02-02,A,855
12433,41799,2024-11-15,A,1490
12434,41809,2023-11-05,C,1475
12435,41813,2022-05-03,A,38
12436,41815,2024-09-02,A,683
12437,41819,2025-09-08,C,1146
12438,41822,2023-11-06,A,337
12439,41823,2022-07-15,A,1161
12440,41824,2023-03-08,A,1568
12441,41834,2023-09-27,A,1018
12442,41836,2022-07-06,A,1562
12443,41837,2025-06-21,C,1493
12444,41843,2024-11-12,A,1716
12445,41847,2024-08-26,A,710
12446,41848,2023-04-12,C,28
12447,41852,2024-05-05,A,83
12448,41860,2022-07-18,B,1282
12449,41861,2022-08-29,A,910
12450,41870,2024-03-08,B,140
12451,41872,2025-01-13,B,1434
12452,41873,2024-02-05,A,1072
12453,41880,2022-11-01,A,1535
12454,41882,2023-05-22,A,126
12455,41883,2023-09-13,A,1348
12456,41885,2022-07-03,A,191
12457,41888,2024-09-04,A,479
12458,41892,2024-07-19,A,12
12459,41898,2023-11-21,A,1203
12460,41901,2024-01-31,A,534
12461,41906,2025-10-02,A,593
12462,41908,2025-02-23,C,674
12463,41909,2023-07-23,A,405
12464,41911,2024-04-17,A,978
12465,41920,2024-02-20,C,1413
12466,41926,2022-10-13,A,982
12467,41929,2024-12-24,C,1495
12468,41934,2023-06-08,A,573
12469,41936,2023-11-18,A,727
12470,41937,2024-12-20,A,1073
12471,41939,2022-12-26,C,141
12472,41942,2024-07-29,C,951
12473,41943,2022-12-15,C,1340
12474,41945,2022-12-21,C,1177
12475,41949,2024-11-14,B,1019
12476,41959,2024-06-02,A,405
12477,41965,2022-10-08,C,1134
12478,41967,2022-06-28,A,98
12479,41979,2024-08-07,A,1952
12480,41983,2023-03-25,A,60
12481,41989,2023-04-03,A,989
12482,41993,2023-12-18,B,1704
12483,41994,2025-06-13,C,1962
12484,42003,2023-10-01,C,1621
12485,42011,2022-06-17,A,1844
12486,42012,2025-01-14,A,539
12487,42014,2025-06-14,C,794
12488,42018,2025-02-28,A,1834
12489,42019,2025-10-22,C,1520
12490,42025,2023-05-02,A,1772
12491,42031,2023-08-16,A,1427
12492,42032,2022-06-01,A,495
12493,42035,2025-01-01,A,1725
12494,42037,2025-04-10,A,1164
12495,42038,2023-07-10,A,1783
12496,42041,2022-11-13,C,1934
12497,42043,2024-08-10,A,146
12498,42047,2022-11-20,C,353
12499,42048,2022-10-25,A,1084
12500,42050,2023-08-11,A,863
12501,42051,2025-02-10,B,452
12502,42054,2022-11-30,A,79
12503,42057,2025-08-01,A,575
12504,42058,2024-03-19,A,900
12505,42062,2023-12-20,A,1214
12506,42068,2023-05-25,A,1752
12507,42073,2024-08-23,A,317
12508,42077,2022-10-31,A,655
12509,42082,2023-05-10,A,612
12510,42088,2023-06-17,A,833
12511,42089,2023-06-23,A,1481
12512,42091,2023-06-27,B,1491
12513,42096,2025-01-24,C,472
12514,42101,2024-04-30,A,892
12515,42102,2024-02-15,B,1917
12516,42103,2024-04-19,A,1849
12517,42106,2023-09-28,C,1498
12518,42107,2025-07-05,C,1842
12519,42113,2025-01-24,C,410
12520,42114,2022-10-31,A,902
12521,42122,2023-01-21,A,1120
12522,42123,2024-06-26,C,484
12523,42125,2023-12-01,A,1732
12524,42126,2024-02-12,B,89
12525,42129,2023-10-22,A,568
12526,42132,2024-06-26,A,766
12527,42138,2024-03-23,A,1976
12528,42142,2023-04-04,A,285
12529,42143,2024-04-26,A,446
12530,42145,2024-07-06,A,947
12531,42148,2024-04-01,C,22
12532,42152,2024-11-12,A,1247
12533,42154,2025-05-16,A,903
12534,42158,2025-01-09,C,878
12535,42163,2024-12-16,A,1172
12536,42164,2024-11-10,A,784
12537,42165,2025-04-05,A,1788
12538,42169,2024-11-04,C,703
12539,42170,2023-09-26,C,1048
12540,42172,2023-08-02,A,771
12541,42177,2024-09-29,C,495
12542,42179,2024-06-02,A,505
12543,42185,2022-11-18,A,1714
12544,42194,2023-05-31,A,1298
12545,42195,2022-12-04,A,110
12546,42199,2022-04-30,A,1163
12547,42204,2024-02-11,A,673
12548,42206,2022-08-07,A,933
12549,42209,2025-01-23,A,1558
12550,42210,2025-04-22,A,380
12551,42212,2023-10-19,A,1262
12552,42213,2023-08-15,C,1763
12553,42216,2023-04-10,A,536
12554,42217,2023-10-06,A,90
12555,42222,2024-12-02,A,1843
12556,42223,2022-12-05,A,648
12557,42226,2024-01-30,A,330
12558,42228,2022-11-30,A,1862
12559,42230,2024-08-13,A,1910
12560,42231,2024-08-13,A,952
12561,42232,2023-04-23,A,921
12562,42235,2024-02-29,B,1561
12563,42240,2023-08-06,A,1741
12564,42241,2023-06-03,A,573
12565,42246,2023-06-27,A,819
12566,42247,2025-02-09,A,902
12567,42248,2025-05-23,A,520
12568,42249,2022-12-14,A,469
12569,42252,2025-01-15,A,233
12570,42258,2024-12-13,B,1061
12571,42259,2024-06-06,C,1662
12572,42260,2024-06-14,A,1876
12573,42261,2024-10-15,B,1704
12574,42266,2023-09-24,A,780
12575,42269,2024-04-13,C,559
12576,42270,2024-12-17,B,834
12577,42271,2024-04-16,A,495
12578,42273,2025-03-09,A,715
12579,42279,2024-08-03,A,1020
12580,42282,2023-06-10,B,563
12581,42283,2024-04-20,A,1081
12582,42288,2023-01-05,A,254
12583,42289,2025-02-20,B,1733
12584,42294,2024-03-27,A,1470
12585,42295,2023-04-21,B,1864
12586,42296,2023-10-29,C,102
12587,42297,2025-03-06,B,1049
12588,42299,2023-11-23,A,728
12589,42300,2024-09-04,A,790
12590,42304,2023-04-03,B,461
12591,42306,2023-06-12,A,1193
12592,42316,2023-01-20,B,132
12593,42319,2025-01-05,A,1190
12594,42323,2022-09-29,A,1090
12595,42324,2022-12-07,A,740
12596,42326,2024-07-23,A,1893
12597,42327,2023-02-15,A,283
12598,42329,2024-07-11,A,404
12599,42332,2024-01-01,A,924
12600,42350,2023-11-30,C,831
12601,42351,2023-10-14,B,1569
12602,42352,2024-07-26,A,1037
12603,42356,2024-12-05,A,1830
12604,42357,2024-03-22,A,956
12605,42359,2023-03-08,C,1955
12606,42361,2022-08-13,A,1696
12607,42364,2022-12-07,A,1622
12608,42365,2024-11-28,A,1678
12609,42366,2022-12-30,A,1777
12610,42368,2023-01-25,A,593
12611,42378,2023-06-04,A,55
12612,42379,2025-02-13,B,384
12613,42380,2023-10-18,C,1562
12614,42382,2022-10-21,A,901
12615,42386,2025-04-11,A,1869
12616,42389,2025-03-11,A,1006
12617,42402,2023-10-07,C,1497
12618,42407,2023-03-24,A,1865
12619,42410,2022-05-20,A,588
12620,42414,2022-05-30,A,669
12621,42417,2025-03-29,C,1884
12622,42418,2024-11-08,A,1039
12623,42419,2022-12-12,A,1806
12624,42423,2023-11-28,A,231
12625,42429,2024-05-01,A,362
12626,42437,2024-03-19,C,1016
12627,42441,2025-01-12,A,333
12628,42444,2023-05-22,C,751
12629,42445,2023-07-23,A,682
12630,42447,2022-09-26,C,1951
12631,42454,2023-06-29,A,1440
12632,42456,2023-02-09,A,1345
12633,42457,2023-08-21,A,1165
12634,42462,2024-02-27,C,401
12635,42464,2024-11-10,A,1752
12636,42480,2023-03-12,A,859
12637,42481,2024-05-02,A,1392
12638,42486,2022-08-11,C,677
12639,42488,2025-01-25,A,107
12640,42489,2024-10-04,C,1407
12641,42490,2023-07-12,A,1556
12642,42498,2023-12-07,A,1110
12643,42499,2024-04-13,A,1893
12644,42507,2022-09-09,A,272
12645,42513,2023-01-03,A,420
12646,42522,2024-08-08,A,1233
12647,42538,2025-05-03,A,1865
12648,42539,2022-12-24,C,1593
12649,42540,2024-10-18,A,1942
12650,42545,2023-08-22,A,443
12651,42549,2023-11-25,A,37
12652,42550,2024-04-21,C,1580
12653,42555,2022-09-20,A,314
12654,42557,2023-12-02,C,849
12655,42559,2024-01-06,A,1392
12656,42565,2024-11-27,B,766
12657,42567,2024-08-24,A,1848
12658,42575,2022-08-14,C,5
12659,42576,2023-10-29,A,892
12660,42578,2023-01-30,A,468
12661,42579,2023-02-06,A,1738
12662,42581,2025-02-21,C,607
12663,42588,2024-11-23,C,748
12664,42591,2025-03-04,A,748
12665,42593,2025-02-25,C,1737
12666,42596,2022-06-22,C,792
12667,42606,2022-12-08,A,391
12668,42607,2023-07-06,A,1745
12669,42612,2024-11-01,A,1598
12670,42613,2024-08-18,C,1928
12671,42618,2023-08-16,A,845
12672,42631,2022-08-18,A,749
12673,42633,2025-02-23,A,1699
12674,42635,2025-05-29,A,1193
12675,42638,2023-08-09,A,948
12676,42640,2022-11-18,A,1422
12677,42652,2023-02-11,A,94
12678,42657,2024-03-08,A,1572
12679,42659,2023-08-17,A,1214
12680,42660,2022-08-26,A,1710
12681,42663,2024-10-22,C,963
12682,42670,2025-03-20,A,1220
12683,42671,2024-03-29,A,797
12684,42675,2022-09-20,A,459
12685,42684,2023-09-13,A,860
12686,42687,2024-08-20,C,686
12687,42688,2023-05-14,C,1445
12688,42696,2023-08-28,A,424
12689,42697,2023-06-26,A,1984
12690,42701,2023-08-30,A,1571
12691,42709,2022-12-17,A,53
12692,42710,2024-12-08,A,1886
12693,42711,2023-03-28,B,405
12694,42712,2022-10-26,A,856
12695,42714,2022-07-04,A,925
12696,42716,2025-01-12,A,1969
12697,42719,2023-10-20,A,926
12698,42724,2022-06-17,A,973
12699,42726,2023-08-06,A,401
12700,42727,2024-10-24,A,545
12701,42732,2022-11-25,A,799
12702,42735,2025-03-31,A,1968
12703,42737,2024-12-09,A,1940
12704,42741,2022-07-18,A,1256
12705,42745,2025-06-26,A,1641
12706,42746,2024-06-18,A,1530
12707,42747,2023-08-14,A,307
12708,42750,2024-10-16,A,1362
12709,42751,2024-12-22,A,756
12710,42752,2024-12-21,C,1003
12711,42756,2022-04-20,A,341
12712,42759,2023-01-22,A,533
12713,42760,2023-08-03,A,1428
12714,42768,2024-04-19,A,543
12715,42769,2024-07-30,B,318
12716,42772,2023-01-23,B,235
12717,42780,2023-12-10,A,1211
12718,42781,2022-09-18,A,348
12719,42782,2023-10-13,A,1815
12720,42784,2023-01-08,A,1158
12721,42785,2023-02-06,C,758
12722,42787,2022-08-29,A,1105
12723,42789,2023-01-15,C,1749
12724,42791,2023-01-23,C,476
12725,42794,2024-02-08,A,577
12726,42795,2023-09-04,A,1159
12727,42799,2023-11-22,A,403
12728,42800,2024-07-01,A,1366
12729,42803,2022-09-30,A,1066
12730,42806,2024-08-05,C,264
12731,42810,2022-11-16,C,902
12732,42812,2022-08-21,C,162
12733,42816,2024-12-13,A,683
12734,42821,2024-03-10,A,1211
12735,42822,2023-11-26,A,74
12736,42823,2024-09-13,A,1310
12737,42826,2023-10-09,A,1113
12738,42832,2024-02-10,A,652
12739,42833,2025-02-26,A,1622
12740,42844,2023-01-18,C,1859
12741,42845,2022-12-31,A,1159
12742,42850,2025-04-01,A,883
12743,42853,2024-06-12,A,545
12744,42854,2024-04-14,A,128
12745,42855,2022-04-05,A,1322
12746,42857,2022-07-08,B,1692
12747,42858,2024-09-02,A,221
12748,42861,2023-05-11,A,742
12749,42862,2024-04-08,C,1963
12750,42867,2024-09-24,C,201
12751,42869,2024-03-13,A,1088
12752,42871,2023-02-10,A,939
12753,42876,2023-09-07,A,770
12754,42878,2023-06-27,B,1490
12755,42880,2024-08-31,C,1294
12756,42881,2023-04-09,A,464
12757,42882,2025-03-04,C,457
12758,42888,2025-05-20,A,434
12759,42890,2024-01-30,A,557
12760,42891,2022-10-20,A,415
12761,42895,2024-08-07,A,231
12762,42897,2022-10-06,C,1235
12763,42901,2024-08-22,A,1268
12764,42903,2024-09-17,A,1539
12765,42910,2025-05-17,A,201
12766,42913,2024-12-21,A,1563
12767,42915,2023-11-22,A,491
12768,42928,2024-05-12,A,1658
12769,42929,2024-10-08,A,1512
12770,42934,2023-08-26,C,1003
12771,42938,2024-07-17,C,90
12772,42944,2024-09-22,A,444
12773,42953,2023-12-23,A,1001
12774,42961,2023-08-03,A,1314
12775,42964,2024-07-31,A,915
12776,42966,2023-04-30,A,1984
12777,42970,2023-05-24,A,1670
12778,42978,2024-08-16,A,249
12779,42980,2023-03-06,A,1841
12780,42981,2022-06-12,A,638
12781,42985,2024-02-20,A,1887
12782,42988,2023-02-25,C,418
12783,42989,2023-11-28,A,1811
12784,42990,2025-03-09,A,1589
12785,42997,2023-08-02,A,199
12786,42999,2024-12-24,A,1762
12787,43002,2024-01-27,A,458
12788,43006,2024-11-01,A,1823
12789,43009,2023-11-27,C,1103
12790,43013,2023-09-20,C,806
12791,43018,2023-09-05,A,685
12792,43021,2023-12-29,A,1764
12793,43023,2023-01-23,C,1648
12794,43024,2023-07-28,A,1136
12795,43025,2023-09-17,A,1519
12796,43027,2024-02-27,A,174
12797,43029,2022-05-19,A,673
12798,43032,2024-07-23,A,223
12799,43041,2023-02-23,B,1923
12800,43044,2023-01-04,C,1128
12801,43049,2024-10-09,A,655
12802,43051,2024-12-04,B,1913
12803,43054,2023-12-06,B,819
12804,43056,2024-04-21,A,677
12805,43057,2023-12-22,A,375
12806,43061,2024-10-22,A,735
12807,43064,2023-10-31,C,1916
12808,43071,2024-04-24,C,1783
12809,43075,2024-03-14,A,403
12810,43076,2023-03-06,A,195
12811,43079,2023-09-06,C,222
12812,43082,2024-03-19,A,1528
12813,43083,2023-03-15,A,1468
12814,43084,2024-07-22,A,979
12815,43087,2023-11-01,B,1575
12816,43093,2023-06-02,C,905
12817,43095,2024-07-05,C,697
12818,43097,2023-04-14,A,1099
12819,43103,2023-05-24,A,1339
12820,43107,2024-11-12,A,1842
12821,43114,2022-12-24,A,516
12822,43129,2022-10-21,C,547
12823,43134,2022-11-23,C,501
12824,43135,2025-08-28,C,1948
12825,43138,2025-02-27,A,1210
12826,43140,2023-01-08,A,645
12827,43141,2023-12-29,C,828
12828,43142,2022-11-30,A,81
12829,43144,2024-07-21,A,567
12830,43146,2024-03-11,B,1060
12831,43150,2023-09-10,A,51
12832,43154,2023-02-01,A,472
12833,43157,2023-04-04,A,423
12834,43159,2022-09-06,C,1319
12835,43165,2023-07-10,A,351
12836,43166,2024-09-30,A,156
12837,43167,2025-01-05,A,951
12838,43170,2025-01-09,A,1935
12839,43171,2022-08-04,A,1950
12840,43173,2025-05-15,A,455
12841,43176,2023-08-26,B,1943
12842,43181,2025-01-06,A,1404
12843,43183,2023-10-20,A,261
12844,43185,2024-04-30,C,443
12845,43187,2025-06-11,A,1897
12846,43189,2023-10-12,C,496
12847,43192,2022-03-30,C,1392
12848,43194,2025-03-17,C,1052
12849,43195,2023-04-08,A,1042
12850,43200,2023-06-13,A,318
12851,43207,2025-01-03,C,1158
12852,43208,2024-03-09,A,1657
12853,43210,2025-10-28,A,346
12854,43211,2023-10-09,C,1783
12855,43217,2023-01-01,A,1406
12856,43225,2023-08-09,A,215
12857,43236,2025-03-10,B,635
12858,43237,2022-07-18,A,591
12859,43241,2024-03-26,A,1800
12860,43246,2024-10-20,A,1264
12861,43247,2023-04-13,A,1814
12862,43256,2022-07-05,C,1298
12863,43257,2024-06-01,C,341
12864,43261,2022-11-25,A,877
12865,43263,2025-05-23,A,1829
12866,43266,2023-11-23,A,785
12867,43273,2024-11-07,A,1106
12868,43275,2023-08-03,A,1868
12869,43277,2023-08-18,A,496
12870,43282,2022-09-13,A,245
12871,43283,2024-07-20,A,366
12872,43287,2024-09-27,B,924
12873,43288,2024-05-27,A,1072
12874,43299,2022-11-17,A,1622
12875,43305,2023-07-20,A,935
12876,43307,2024-06-30,A,1278
12877,43311,2024-12-03,C,603
12878,43322,2023-06-25,A,1089
12879,43324,2024-07-10,C,852
12880,43329,2022-04-27,A,190
12881,43332,2023-07-18,A,164
12882,43335,2024-07-28,A,1574
12883,43337,2023-11-10,A,332
12884,43338,2025-02-27,A,819
12885,43341,2023-03-12,A,1291
12886,43348,2024-02-11,A,940
12887,43356,2023-09-11,C,1933
12888,43357,2024-07-24,A,1598
12889,43358,2024-05-25,A,504
12890,43359,2025-04-04,A,843
12891,43360,2023-09-17,A,392
12892,43361,2024-04-21,B,847
12893,43363,2023-12-05,A,419
12894,43364,2023-07-09,A,1219
12895,43375,2023-01-24,A,900
12896,43377,2025-06-13,C,476
12897,43380,2023-04-01,C,1156
12898,43383,2023-06-04,A,402
12899,43385,2025-03-24,A,1822
12900,43387,2024-05-14,A,1970
12901,43388,2024-10-05,C,1790
12902,43392,2024-05-21,A,1871
12903,43393,2022-12-04,C,266
12904,43400,2024-12-14,A,1292
12905,43403,2022-10-09,A,1502
12906,43405,2023-06-19,A,1159
12907,43410,2025-09-30,A,319
12908,43414,2023-10-25,B,1183
12909,43418,2024-01-08,C,1000
12910,43419,2023-04-28,A,185
12911,43420,2025-03-14,A,461
12912,43421,2023-04-01,A,132
12913,43424,2022-11-14,B,517
12914,43428,2024-01-15,A,864
12915,43441,2023-04-24,A,1092
12916,43442,2022-10-28,A,1294
12917,43443,2024-07-30,A,1913
12918,43445,2024-09-30,A,1037
12919,43449,2023-01-02,B,1990
12920,43450,2025-07-03,A,68
12921,43451,2024-06-22,B,489
12922,43464,2024-07-28,A,61
12923,43466,2024-08-14,A,740
12924,43467,2023-08-03,A,879
12925,43468,2024-12-31,A,1383
12926,43469,2022-12-08,A,1941
12927,43473,2024-01-06,A,1933
12928,43479,2024-05-25,A,1091
12929,43481,2024-06-23,A,792
12930,43487,2024-06-07,C,730
12931,43489,2024-10-31,A,188
12932,43490,2023-11-19,C,401
12933,43495,2024-07-15,A,576
12934,43499,2023-11-10,A,1441
12935,43500,2024-11-29,A,1263
12936,43502,2023-04-08,A,1395
12937,43509,2023-08-29,A,252
12938,43510,2024-04-08,A,403
12939,43513,2023-07-04,A,607
12940,43515,2024-07-15,A,1842
12941,43519,2024-10-14,A,1534
12942,43524,2023-10-02,B,337
12943,43533,2025-01-14,A,590
12944,43535,2023-07-28,A,1648
12945,43537,2024-01-13,C,705
12946,43548,2023-06-06,A,573
12947,43549,2024-09-11,C,579
12948,43555,2024-07-28,C,1796
12949,43557,2023-10-20,B,1438
12950,43559,2025-03-17,A,1794
12951,43568,2023-06-06,B,1306
12952,43569,2024-07-10,A,175
12953,43570,2022-03-18,A,545
12954,43572,2025-06-13,A,1321
12955,43573,2024-03-20,B,333
12956,43575,2022-09-26,C,173
12957,43577,2024-03-30,A,100
12958,43579,2024-06-17,A,1118
12959,43581,2023-02-01,A,608
12960,43582,2023-07-17,B,1599
12961,43583,2024-07-01,B,1162
12962,43597,2024-07-01,A,1091
12963,43603,2024-10-20,C,1605
12964,43607,2024-07-09,A,634
12965,43609,2023-01-28,A,402
12966,43613,2024-09-04,A,707
12967,43615,2023-03-12,A,1100
12968,43617,2022-07-17,B,1866
12969,43622,2022-08-25,A,1606
12970,43627,2024-11-26,A,1000
12971,43645,2023-04-02,B,1403
12972,43646,2024-02-22,A,705
12973,43647,2024-06-13,A,1504
12974,43652,2024-08-15,A,1048
12975,43655,2024-05-17,A,983
12976,43659,2022-11-15,C,1792
12977,43665,2023-03-25,A,503
12978,43666,2024-07-01,C,55
12979,43667,2022-10-04,C,1765
12980,43670,2022-05-12,A,349
12981,43671,2025-12-06,A,949
12982,43673,2024-04-30,A,1784
12983,43674,2024-11-20,B,1906
12984,43681,2022-08-29,A,1687
12985,43682,2022-03-31,B,1006
12986,43690,2025-10-11,A,662
12987,43692,2023-11-08,A,412
12988,43696,2025-02-14,A,1772
12989,43701,2024-07-16,A,1807
12990,43702,2024-01-28,A,494
12991,43703,2023-01-09,A,1997
12992,43709,2025-03-07,A,27
12993,43714,2024-09-20,A,659
12994,43715,2024-01-05,C,1157
12995,43717,2022-06-30,A,1337
12996,43719,2022-12-22,A,510
12997,43722,2022-11-23,A,593
12998,43723,2024-08-13,A,1007
12999,43725,2024-12-27,C,1382
13000,43730,2022-12-15,A,1881
13001,43732,2025-05-03,C,1152
13002,43735,2023-04-17,A,1441
13003,43737,2024-12-28,A,1254
13004,43740,2023-04-30,A,1113
13005,43742,2024-08-04,B,607
13006,43743,2024-05-11,C,1336
13007,43744,2023-06-18,A,1134
13008,43745,2023-11-20,A,1869
13009,43751,2024-06-09,A,351
13010,43753,2024-09-12,A,761
13011,43755,2023-01-09,C,1164
13012,43762,2023-10-08,C,1742
13013,43763,2024-02-19,C,1252
13014,43766,2023-12-07,B,679
13015,43770,2024-07-20,A,853
13016,43772,2025-04-29,C,1933
13017,43775,2024-01-09,A,1543
13018,43777,2024-12-10,A,1621
13019,43778,2025-03-10,A,1004
13020,43786,2023-01-07,B,1885
13021,43787,2023-02-07,C,1023
13022,43788,2023-05-07,A,266
13023,43789,2023-12-15,A,818
13024,43792,2025-06-12,A,1863
13025,43796,2024-06-27,A,1731
13026,43797,2023-08-08,A,873
13027,43800,2023-07-22,C,1249
13028,43803,2023-12-04,A,1742
13029,43807,2024-08-02,A,1401
13030,43808,2023-03-06,B,1622
13031,43812,2024-01-05,A,1879
13032,43815,2022-12-08,B,1170
13033,43817,2024-01-14,A,1567
13034,43818,2024-11-25,A,1527
13035,43822,2023-02-05,A,125
13036,43826,2023-11-04,A,1184
13037,43829,2025-01-30,C,855
13038,43832,2023-10-21,A,589
13039,43834,2023-05-23,A,10
13040,43835,2022-11-16,B,1791
13041,43839,2022-11-07,A,707
13042,43840,2024-10-04,A,597
13043,43846,2022-11-30,A,1373
13044,43851,2023-08-21,A,1316
13045,43854,2024-06-18,B,1777
13046,43855,2023-08-22,C,881
13047,43857,2024-12-21,A,890
13048,43864,2024-10-07,A,1046
13049,43865,2023-04-07,A,597
13050,43868,2023-08-01,A,1712
13051,43870,2023-05-28,C,1669
13052,43874,2022-03-10,C,170
13053,43875,2024-06-03,B,569
13054,43877,2023-07-31,A,1163
13055,43878,2022-07-17,C,1912
13056,43882,2023-10-19,C,1113
13057,43885,2024-01-06,A,1572
13058,43889,2023-03-29,A,1507
13059,43890,2024-02-27,A,800
13060,43891,2023-04-05,C,983
13061,43895,2022-08-21,A,1039
13062,43899,2024-01-09,C,264
13063,43911,2022-11-10,A,210
13064,43912,2023-01-08,A,48
13065,43917,2022-08-31,A,1038
13066,43918,2022-08-31,B,1999
13067,43919,2025-02-11,A,1202
13068,43920,2022-10-28,A,819
13069,43922,2023-10-24,A,919
13070,43928,2023-09-01,A,110
13071,43929,2023-10-23,B,1093
13072,43931,2025-11-12,A,362
13073,43932,2023-01-04,A,1003
13074,43933,2025-08-13,C,1404
13075,43935,2022-06-03,C,1016
13076,43946,2023-03-02,C,1698
13077,43948,2022-10-28,A,901
13078,43955,2022-12-04,A,1508
13079,43960,2024-06-15,C,243
13080,43961,2024-04-12,A,9
13081,43984,2024-07-24,A,1618
13082,43987,2024-12-04,B,705
13083,43994,2022-09-05,A,1088
13084,43995,2022-11-12,B,1799
13085,43998,2023-12-31,A,484
13086,44000,2022-12-04,A,1198
13087,44001,2024-02-29,A,141
13088,44005,2025-01-29,A,1881
13089,44006,2024-09-18,A,147
13090,44008,2022-09-18,A,328
13091,44020,2022-12-30,A,253
13092,44023,2024-08-30,A,10
13093,44027,2023-10-02,C,986
13094,44028,2025-02-10,A,827
13095,44029,2023-12-07,A,1757
13096,44031,2024-08-04,A,1353
13097,44042,2022-05-09,A,542
13098,44048,2024-04-25,A,1680
13099,44050,2024-02-18,A,1393
13100,44054,2025-02-27,C,1459
13101,44056,2025-03-05,A,1934
13102,44059,2024-08-03,B,1907
13103,44065,2024-10-30,A,1234
13104,44069,2024-08-17,B,1888
13105,44074,2024-02-23,A,765
13106,44075,2024-07-14,A,1325
13107,44076,2023-06-05,A,165
13108,44080,2023-08-03,A,1708
13109,44084,2022-09-18,A,1637
13110,44089,2024-09-19,A,963
13111,44090,2024-02-16,C,1919
13112,44091,2023-03-27,A,1933
13113,44095,2023-03-06,A,1276
13114,44101,2025-06-05,A,1973
13115,44103,2024-01-24,A,1771
13116,44104,2024-09-15,A,1869
13117,44106,2025-06-02,A,28
13118,44110,2025-05-19,B,1537
13119,44111,2023-07-13,A,1323
13120,44116,2023-02-04,A,1732
13121,44121,2023-05-12,A,1200
13122,44122,2023-01-01,A,376
13123,44132,2025-02-17,A,813
13124,44134,2023-02-22,A,1835
13125,44138,2023-01-28,B,1035
13126,44142,2024-08-18,A,363
13127,44144,2024-08-23,A,1564
13128,44145,2024-05-24,A,1847
13129,44158,2023-11-13,A,897
13130,44168,2024-09-12,A,1394
13131,44169,2023-02-14,A,1867
13132,44172,2023-01-18,B,1493
13133,44175,2023-02-08,A,776
13134,44187,2025-01-11,A,489
13135,44190,2024-07-28,A,858
13136,44192,2024-11-01,A,1508
13137,44195,2024-05-22,C,1137
13138,44200,2024-12-17,B,1569
13139,44202,2022-05-25,A,538
13140,44203,2023-12-22,A,28
13141,44204,2024-11-05,A,75
13142,44206,2025-08-12,B,739
13143,44214,2023-09-30,B,431
13144,44215,2023-06-20,A,1413
13145,44218,2022-12-10,A,324
13146,44220,2023-08-06,A,1566
13147,44224,2022-05-08,A,406
13148,44225,2022-07-02,C,1978
13149,44232,2022-10-22,A,622
13150,44233,2025-07-28,C,501
13151,44239,2023-03-12,A,651
13152,44245,2023-11-01,A,324
13153,44246,2023-08-01,B,1247
13154,44247,2023-02-08,C,1976
13155,44250,2024-05-28,A,1687
13156,44251,2022-07-29,A,1667
13157,44255,2025-07-08,C,936
13158,44259,2024-02-29,A,328
13159,44261,2024-05-29,A,973
13160,44262,2024-08-26,A,363
13161,44264,2024-03-20,C,1371
13162,44266,2024-12-17,A,1272
13163,44270,2023-08-03,C,809
13164,44279,2023-01-06,A,1464
13165,44281,2023-07-01,A,120
13166,44285,2025-02-09,C,1688
13167,44289,2023-09-08,A,8
13168,44291,2024-10-12,A,1950
13169,44292,2023-02-12,A,758
13170,44295,2023-06-19,A,593
13171,44302,2024-08-23,C,582
13172,44303,2023-02-28,A,1796
13173,44304,2024-02-28,A,1778
13174,44309,2023-11-04,A,371
13175,44313,2025-06-27,A,351
13176,44315,2022-06-17,A,1971
13177,44323,2024-10-19,A,1750
13178,44325,2024-09-22,A,1791
13179,44326,2022-11-15,A,1440
13180,44331,2023-07-08,A,420
13181,44333,2025-04-06,B,817
13182,44336,2024-09-13,A,1822
13183,44338,2023-06-05,A,212
13184,44348,2024-10-07,A,44
13185,44350,2023-01-14,A,924
13186,44355,2024-05-12,A,521
13187,44360,2023-03-29,A,1580
13188,44364,2023-10-31,B,661
13189,44368,2024-03-08,A,1242
13190,44377,2023-12-27,B,348
13191,44380,2023-02-24,B,924
13192,44381,2024-03-07,A,1371
13193,44385,2023-05-27,A,567
13194,44386,2023-02-19,A,157
13195,44388,2023-03-13,A,458
13196,44391,2024-03-21,B,1757
13197,44392,2025-03-27,A,1512
13198,44393,2024-04-08,A,358
13199,44397,2022-04-07,A,923
13200,44400,2024-01-04,A,1620
13201,44402,2022-10-31,C,654
13202,44407,2024-02-22,B,1999
13203,44408,2022-04-22,B,1411
13204,44417,2023-04-17,A,1261
13205,44427,2024-03-19,B,674
13206,44446,2025-04-18,C,1377
13207,44450,2024-10-22,A,1762
13208,44456,2025-02-26,A,876
13209,44458,2022-10-26,A,658
13210,44459,2024-02-28,C,916
13211,44461,2025-04-11,A,1157
13212,44462,2022-11-17,B,707
13213,44464,2023-01-26,C,1772
13214,44468,2023-09-19,A,370
13215,44471,2024-06-21,A,1511
13216,44473,2025-05-11,C,211
13217,44479,2025-04-02,C,14
13218,44480,2022-11-25,C,379
13219,44482,2024-03-12,A,1960
13220,44489,2024-07-11,B,92
13221,44491,2025-02-21,A,44
13222,44499,2025-06-02,A,1217
13223,44501,2023-09-22,A,1554
13224,44504,2022-05-28,A,239
13225,44505,2022-09-21,A,1463
13226,44517,2024-01-09,C,412
13227,44521,2023-07-12,B,763
13228,44522,2024-02-28,C,1700
13229,44523,2022-08-25,A,1352
13230,44524,2025-02-04,C,213
13231,44527,2023-05-17,B,1473
13232,44530,2022-10-06,C,1808
13233,44540,2024-01-21,C,824
13234,44545,2025-02-18,B,1584
13235,44547,2024-05-17,A,1045
13236,44555,2022-11-03,A,238
13237,44558,2022-12-11,A,212
13238,44563,2022-08-25,A,924
13239,44564,2024-03-31,A,225
13240,44566,2023-10-27,A,959
13241,44569,2023-06-22,A,1300
13242,44573,2024-01-02,C,1010
13243,44577,2022-12-10,A,1601
13244,44578,2023-02-17,C,1625
13245,44579,2025-02-18,A,827
13246,44581,2024-11-12,A,1364
13247,44588,2024-01-18,A,1627
13248,44589,2024-02-29,A,1186
13249,44595,2023-03-30,A,1139
13250,44597,2022-12-06,A,1506
13251,44598,2024-12-25,B,1672
13252,44600,2023-10-17,A,1218
13253,44603,2022-08-31,A,1931
13254,44605,2023-07-26,A,987
13255,44608,2025-05-20,A,1323
13256,44609,2024-04-09,A,485
13257,44610,2022-12-03,A,822
13258,44612,2025-06-14,A,789
13259,44615,2024-08-23,A,1274
13260,44617,2024-12-10,A,187
13261,44618,2025-01-01,A,136
13262,44623,2024-03-30,A,1561
13263,44624,2023-06-19,A,1464
13264,44625,2024-04-01,A,1823
13265,44645,2023-07-01,A,1012
13266,44646,2024-11-05,C,1830
13267,44649,2024-12-15,C,308
13268,44656,2023-07-22,A,1016
13269,44659,2024-04-19,A,356
13270,44660,2022-11-27,A,507
13271,44667,2024-07-21,A,232
13272,44672,2024-09-23,A,1323
13273,44673,2025-11-05,A,238
13274,44677,2025-03-22,A,1461
13275,44683,2025-06-07,A,484
13276,44685,2022-11-27,A,296
13277,44699,2023-04-06,A,1455
13278,44703,2025-11-12,A,1836
13279,44705,2024-08-28,A,150
13280,44706,2023-05-10,A,1023
13281,44710,2022-08-17,A,22
13282,44712,2024-03-10,A,1500
13283,44719,2023-09-02,A,1234
13284,44725,2024-01-28,B,918
13285,44726,2023-09-03,A,792
13286,44729,2022-08-08,A,281
13287,44733,2023-09-12,A,1957
13288,44736,2022-10-15,A,352
13289,44740,2022-08-25,B,340
13290,44745,2024-06-06,C,962
13291,44747,2023-03-16,A,1315
13292,44752,2023-12-27,A,1254
13293,44754,2024-08-01,A,791
13294,44756,2024-09-26,C,1626
13295,44757,2023-11-24,A,1786
13296,44758,2024-11-16,A,1935
13297,44763,2022-08-06,A,1949
13298,44766,2024-12-13,A,422
13299,44774,2024-06-24,A,1882
13300,44776,2022-08-02,C,1684
13301,44782,2024-05-27,A,1554
13302,44784,2025-03-07,C,1575
13303,44788,2024-05-29,A,1722
13304,44790,2024-12-27,A,625
13305,44792,2022-05-05,A,308
13306,44793,2022-11-28,A,1735
13307,44797,2025-07-20,A,301
13308,44803,2023-08-04,A,1626
13309,44805,2023-08-21,A,1462
13310,44810,2023-03-14,A,1314
13311,44820,2024-11-06,A,484
13312,44829,2023-09-22,C,245
13313,44836,2022-10-13,A,238
13314,44842,2022-08-27,A,399
13315,44843,2025-03-27,A,1648
13316,44844,2023-01-04,A,1092
13317,44847,2023-05-12,A,1109
13318,44849,2023-09-14,A,79
13319,44852,2024-03-31,A,399
13320,44858,2022-11-13,A,1547
13321,44861,2023-01-09,A,812
13322,44863,2023-04-30,C,1213
13323,44864,2023-12-07,A,957
13324,44866,2024-12-19,A,746
13325,44867,2023-08-29,A,721
13326,44869,2022-03-17,A,670
13327,44871,2024-01-22,A,148
13328,44872,2023-09-25,A,832
13329,44885,2023-01-13,A,230
13330,44888,2024-07-14,C,1027
13331,44894,2024-02-14,A,1568
13332,44895,2024-04-28,B,983
13333,44906,2024-09-23,B,1836
13334,44909,2024-08-12,B,705
13335,44911,2023-03-05,A,836
13336,44912,2024-01-01,A,318
13337,44920,2024-05-08,C,1189
13338,44925,2024-12-30,A,1728
13339,44926,2022-08-31,A,121
13340,44929,2024-12-15,A,1786
13341,44931,2024-12-07,A,231
13342,44934,2024-02-15,A,1687
13343,44936,2023-07-13,A,1934
13344,44948,2022-07-26,A,1688
13345,44954,2025-09-19,C,1781
13346,44956,2022-07-29,A,1643
13347,44962,2024-06-30,A,319
13348,44964,2024-05-02,C,1912
13349,44967,2023-08-29,A,1791
13350,44970,2024-12-11,C,1447
13351,44972,2022-09-19,A,632
13352,44978,2024-05-30,A,997
13353,44987,2025-03-18,A,1788
13354,44991,2024-10-22,A,1538
13355,44994,2025-04-13,C,876
13356,44995,2023-04-11,A,1403
13357,44997,2025-06-15,A,550
13358,45005,2023-10-02,B,504
13359,45012,2024-10-12,A,867
13360,45014,2023-10-18,A,1228
13361,45018,2023-01-14,A,1546
13362,45023,2023-03-15,A,300
13363,45025,2022-08-05,A,326
13364,45026,2024-06-12,A,1934
13365,45029,2024-06-04,C,756
13366,45030,2023-06-14,C,1145
13367,45031,2023-05-05,A,1847
13368,45034,2024-07-19,A,486
13369,45037,2023-12-08,A,921
13370,45041,2024-10-06,C,1664
13371,45043,2025-08-05,A,760
13372,45044,2023-02-22,C,1420
13373,45045,2024-12-17,A,738
13374,45047,2025-02-09,A,151
13375,45049,2024-07-08,B,838
13376,45050,2024-10-22,A,33
13377,45052,2023-04-11,A,1464
13378,45065,2025-02-11,A,194
13379,45071,2024-11-21,A,1742
13380,45074,2024-04-01,B,382
13381,45075,2023-02-02,B,137
13382,45076,2022-12-22,A,809
13383,45082,2024-07-13,A,1050
13384,45083,2023-07-13,C,519
13385,45084,2023-10-21,A,915
13386,45085,2024-03-03,A,1711
13387,45098,2024-04-10,A,209
13388,45105,2023-03-07,A,1100
13389,45108,2024-03-24,C,575
13390,45110,2024-04-04,A,652
13391,45111,2022-12-07,A,791
13392,45112,2023-03-14,A,946
13393,45113,2025-03-30,C,1108
13394,45114,2024-02-27,C,1147
13395,45121,2024-04-26,C,837
13396,45122,2023-02-13,A,1351
13397,45124,2025-09-04,A,1936
13398,45125,2023-01-09,B,1531
13399,45128,2024-07-14,C,707
13400,45130,2023-02-07,A,1184
13401,45132,2025-02-04,A,1316
13402,45136,2022-09-29,A,863
13403,45137,2022-05-21,A,132
13404,45138,2022-06-28,A,1727
13405,45144,2024-06-23,B,1803
13406,45146,2023-10-11,A,1858
13407,45148,2024-10-04,A,390
13408,45151,2024-02-16,A,780
13409,45154,2024-06-16,A,795
13410,45155,2025-05-17,C,1153
13411,45161,2022-06-26,B,1347
13412,45162,2024-02-09,A,149
13413,45165,2022-06-13,A,1607
13414,45170,2025-05-30,C,1435
13415,45175,2025-07-23,C,234
13416,45176,2023-06-29,C,212
13417,45177,2023-01-27,A,1420
13418,45181,2023-04-05,A,775
13419,45186,2025-05-17,A,1519
13420,45196,2025-10-03,C,1436
13421,45204,2023-09-02,A,1156
13422,45205,2023-01-30,C,905
13423,45206,2022-09-07,C,233
13424,45212,2025-09-19,A,1468
13425,45213,2025-03-09,A,66
13426,45224,2023-11-09,A,1726
13427,45225,2023-04-06,A,1625
13428,45226,2025-03-18,A,1723
13429,45230,2023-05-23,A,320
13430,45233,2024-12-10,A,216
13431,45237,2025-03-29,C,517
13432,45238,2023-02-07,A,207
13433,45239,2023-08-17,C,1078
13434,45245,2024-07-07,A,755
13435,45246,2024-01-07,A,1510
13436,45250,2023-01-04,A,1415
13437,45251,2024-09-06,A,549
13438,45261,2022-05-10,A,729
13439,45270,2023-12-03,A,1934
13440,45271,2024-09-13,A,889
13441,45278,2023-06-10,A,7
13442,45281,2023-02-13,A,988
13443,45282,2025-02-02,C,236
13444,45283,2023-11-30,A,1694
13445,45284,2025-04-16,C,667
13446,45286,2022-11-08,A,1676
13447,45292,2023-12-08,B,1870
13448,45299,2025-04-11,A,1064
13449,45306,2025-02-24,B,471
13450,45307,2024-01-30,A,492
13451,45308,2022-12-17,C,1678
13452,45309,2025-02-08,A,1529
13453,45311,2024-06-04,C,720
13454,45314,2023-03-29,A,718
13455,45317,2024-10-04,A,1611
13456,45318,2022-10-03,A,1712
13457,45320,2024-04-02,C,798
13458,45323,2022-09-26,A,318
13459,45324,2025-04-13,A,633
13460,45325,2024-07-15,B,1411
13461,45329,2022-10-24,A,580
13462,45330,2024-05-18,A,239
13463,45331,2023-03-28,A,169
13464,45332,2024-09-03,A,1575
13465,45338,2024-05-04,A,588
13466,45342,2024-07-21,A,780
13467,45343,2023-12-15,A,1665
13468,45345,2024-06-26,A,1190
13469,45346,2025-03-15,B,206
13470,45348,2022-08-16,A,1592
13471,45353,2022-04-20,B,778
13472,45354,2024-09-02,A,238
13473,45356,2024-03-04,A,1227
13474,45359,2023-05-02,A,1015
13475,45360,2023-05-30,C,820
13476,45361,2023-12-13,C,997
13477,45362,2024-12-12,C,361
13478,45371,2024-05-25,A,1783
13479,45373,2024-02-02,B,1598
13480,45381,2022-05-02,A,936
13481,45386,2024-08-27,A,31
13482,45387,2022-08-13,A,1483
13483,45393,2023-11-14,A,1442
13484,45395,2025-01-12,C,1686
13485,45397,2023-01-13,A,1391
13486,45403,2023-10-01,B,207
13487,45405,2024-08-30,A,1303
13488,45406,2023-12-01,A,1987
13489,45408,2023-06-19,C,1470
13490,45409,2023-07-25,B,1470
13491,45410,2024-01-28,A,1695
13492,45413,2022-11-23,A,1810
13493,45420,2024-11-09,A,305
13494,45422,2024-03-01,B,958
13495,45424,2023-09-15,B,1720
13496,45425,2023-08-19,C,894
13497,45427,2025-01-08,C,377
13498,45428,2024-09-22,B,583
13499,45435,2024-12-05,A,1780
13500,45440,2025-05-05,A,1869
13501,45441,2022-09-24,A,1314
13502,45443,2024-01-13,A,974
13503,45446,2024-04-24,A,794
13504,45451,2022-09-29,A,1580
13505,45452,2024-03-26,A,812
13506,45457,2023-05-14,A,1447
13507,45462,2023-09-07,A,687
13508,45463,2024-01-04,C,1152
13509,45464,2023-04-08,B,1890
13510,45465,2024-02-29,A,588
13511,45466,2022-05-04,A,1551
13512,45468,2025-03-30,A,433
13513,45471,2022-08-29,A,1571
13514,45473,2024-09-13,C,1619
13515,45477,2025-05-03,A,1606
13516,45479,2024-12-14,A,1178
13517,45483,2024-11-24,A,1427
13518,45494,2024-09-23,A,1929
13519,45496,2024-01-21,A,821
13520,45498,2023-09-08,C,1584
13521,45501,2024-09-24,A,1509
13522,45503,2024-06-09,B,355
13523,45506,2023-07-28,C,1762
13524,45510,2025-07-23,C,530
13525,45511,2022-12-21,A,925
13526,45512,2024-06-08,A,182
13527,45516,2024-01-14,A,210
13528,45519,2025-01-02,A,1366
13529,45523,2025-03-22,A,1999
13530,45538,2023-01-25,C,563
13531,45544,2023-03-29,C,919
13532,45545,2024-01-18,A,547
13533,45550,2022-08-19,A,1007
13534,45551,2025-01-08,C,172
13535,45552,2022-10-07,A,394
13536,45554,2025-05-29,C,1243
13537,45556,2024-11-24,A,584
13538,45558,2024-01-02,C,1788
13539,45560,2024-11-16,C,1860
13540,45561,2024-03-21,A,1384
13541,45563,2024-04-27,A,1561
13542,45566,2024-11-19,B,1961
13543,45574,2025-04-19,C,743
13544,45583,2022-12-25,C,171
13545,45584,2022-08-07,A,777
13546,45587,2023-03-31,A,801
13547,45592,2023-08-10,B,1345
13548,45600,2024-10-31,A,1875
13549,45602,2024-04-03,C,1706
13550,45614,2022-11-13,A,1743
13551,45616,2024-09-21,A,638
13552,45617,2023-08-13,A,417
13553,45620,2025-01-26,C,666
13554,45625,2023-08-20,C,326
13555,45631,2022-08-21,A,676
13556,45632,2024-08-04,A,1805
13557,45633,2025-04-19,C,1672
13558,45634,2024-05-05,A,1429
13559,45638,2024-05-06,C,1836
13560,45639,2023-09-25,B,1002
13561,45644,2022-11-08,A,880
13562,45646,2024-12-20,B,1319
13563,45647,2022-03-24,A,519
13564,45648,2023-06-24,B,38
13565,45659,2022-09-21,A,1778
13566,45660,2023-04-08,A,997
13567,45661,2023-08-03,A,438
13568,45668,2025-06-09,A,625
13569,45669,2022-11-23,A,649
13570,45671,2024-01-26,B,1717
13571,45676,2022-07-23,C,1232
13572,45681,2023-10-14,C,535
13573,45683,2023-12-13,A,817
13574,45685,2024-03-23,A,275
13575,45686,2023-02-18,A,920
13576,45688,2023-05-10,C,1539
13577,45695,2022-07-20,C,1479
13578,45697,2022-11-03,A,984
13579,45704,2023-04-30,A,719
13580,45707,2024-01-07,A,1247
13581,45708,2023-12-23,A,1811
13582,45712,2024-08-22,A,612
13583,45715,2023-05-21,C,978
13584,45716,2024-02-17,C,776
13585,45718,2025-04-26,A,1925
13586,45719,2024-01-11,A,1828
13587,45725,2023-07-31,A,1867
13588,45728,2023-09-05,A,177
13589,45732,2024-09-01,A,367
13590,45734,2023-12-22,A,1060
13591,45737,2022-09-28,A,676
13592,45739,2023-07-09,A,996
13593,45745,2024-06-16,A,1957
13594,45747,2023-09-28,A,157
13595,45750,2025-05-28,B,1509
13596,45754,2023-10-13,A,975
13597,45760,2025-01-09,A,1999
13598,45765,2024-05-31,C,1193
13599,45766,2023-05-19,A,747
13600,45775,2025-08-16,A,729
13601,45776,2024-03-09,A,1402
13602,45782,2024-10-01,A,1265
13603,45783,2022-06-26,A,791
13604,45791,2023-07-13,C,1572
13605,45793,2022-12-20,A,1866
13606,45794,2023-02-13,A,1504
13607,45797,2023-10-19,A,902
13608,45800,2024-05-15,B,718
13609,45803,2022-08-06,A,1804
13610,45804,2024-03-01,A,1057
13611,45815,2024-10-31,C,969
13612,45816,2022-06-15,A,919
13613,45819,2024-10-16,B,850
13614,45821,2023-12-22,C,1022
13615,45822,2024-01-16,C,970
13616,45823,2024-07-01,A,245
13617,45829,2024-09-01,A,1826
13618,45835,2024-01-14,A,1685
13619,45837,2024-09-15,A,1682
13620,45838,2024-10-15,A,343
13621,45849,2024-01-03,B,1667
13622,45853,2023-03-29,A,1605
13623,45855,2023-02-28,A,1387
13624,45857,2024-12-10,C,1942
13625,45859,2024-06-18,B,261
13626,45860,2023-04-29,B,1338
13627,45861,2023-09-23,A,1046
13628,45862,2023-09-05,A,1536
13629,45872,2023-01-15,A,362
13630,45873,2023-09-14,C,197
13631,45884,2022-12-06,A,1175
13632,45888,2022-10-27,A,719
13633,45893,2024-05-09,A,1857
13634,45896,2023-12-09,A,286
13635,45897,2022-09-24,B,5
13636,45899,2023-11-23,A,1100
13637,45900,2024-01-04,A,1908
13638,45902,2024-11-12,C,1123
13639,45905,2023-02-23,A,1788
13640,45906,2024-11-05,A,1755
13641,45908,2024-11-26,C,1677
13642,45909,2023-04-17,A,1065
13643,45918,2023-12-15,B,362
13644,45925,2022-10-23,A,443
13645,45926,2024-08-16,B,1699
13646,45929,2022-07-10,A,147
13647,45930,2025-03-22,A,729
13648,45931,2023-05-03,A,1623
13649,45932,2022-12-04,A,905
13650,45933,2022-10-18,C,1857
13651,45934,2023-07-05,C,1364
13652,45935,2023-10-01,B,255
13653,45937,2023-02-11,A,679
13654,45939,2022-12-19,A,1685
13655,45943,2024-09-09,C,487
13656,45946,2024-02-18,A,1123
13657,45951,2023-10-24,A,576
13658,45956,2024-11-25,B,806
13659,45965,2022-06-15,B,102
13660,45966,2022-11-03,B,1437
13661,45971,2024-10-04,A,908
13662,45975,2024-10-13,A,1822
13663,45999,2023-04-21,A,444
13664,46000,2024-02-03,A,1747
13665,46003,2023-09-10,B,52
13666,46008,2025-03-23,A,431
13667,46020,2024-01-02,C,1138
13668,46023,2023-01-16,A,1707
13669,46024,2023-05-20,C,1848
13670,46026,2025-04-29,A,400
13671,46030,2022-12-21,A,896
13672,46031,2023-01-29,A,672
13673,46034,2023-01-28,A,191
13674,46037,2022-08-03,A,453
13675,46038,2024-10-19,B,1033
13676,46045,2024-04-15,A,117
13677,46046,2023-03-10,A,179
13678,46047,2023-09-07,C,127
13679,46049,2022-11-25,A,1621
13680,46050,2025-05-08,C,1897
13681,46052,2023-04-24,A,1003
13682,46053,2022-05-22,A,1317
13683,46062,2023-08-30,A,1637
13684,46063,2024-05-30,A,655
13685,46078,2024-02-26,C,610
13686,46079,2024-03-03,C,315
13687,46083,2023-06-12,C,1177
13688,46087,2025-03-01,A,1421
13689,46093,2023-01-25,A,1354
13690,46095,2024-02-25,A,1723
13691,46096,2025-05-19,B,1574
13692,46097,2025-06-20,B,1200
13693,46098,2025-01-23,C,1015
13694,46100,2025-02-22,A,1030
13695,46107,2024-11-13,A,1082
13696,46109,2024-06-07,B,1207
13697,46111,2023-03-27,A,915
13698,46120,2024-06-09,A,1021
13699,46127,2024-01-21,C,1701
13700,46128,2025-03-11,A,509
13701,46129,2023-09-29,A,704
13702,46130,2025-05-11,A,761
13703,46136,2022-12-25,C,1294
13704,46138,2022-08-07,A,1714
13705,46143,2024-06-11,A,1476
13706,46146,2024-04-19,C,1601
13707,46148,2022-08-01,B,1348
13708,46149,2023-06-20,A,78
13709,46152,2023-08-27,A,198
13710,46155,2023-07-24,A,1147
13711,46156,2024-07-20,A,1647
13712,46173,2024-02-17,A,1094
13713,46180,2022-06-14,A,1310
13714,46182,2025-01-30,C,164
13715,46187,2023-07-12,A,824
13716,46188,2023-06-03,A,148
13717,46189,2023-12-21,A,1377
13718,46190,2024-12-06,B,154
13719,46194,2024-04-16,A,1556
13720,46196,2023-06-21,A,1412
13721,46198,2024-10-16,A,1130
13722,46201,2022-12-02,A,196
13723,46205,2024-01-09,C,1198
13724,46223,2024-03-11,B,967
13725,46228,2024-05-14,A,1425
13726,46234,2023-12-21,A,566
13727,46235,2024-01-31,B,1991
13728,46236,2023-04-06,A,515
13729,46241,2022-10-20,A,1926
13730,46245,2025-02-13,A,1492
13731,46246,2022-12-25,C,1366
13732,46255,2023-08-02,A,1362
13733,46264,2025-02-03,A,1671
13734,46265,2024-09-20,A,832
13735,46268,2023-03-05,B,1452
13736,46273,2025-02-14,C,1674
13737,46277,2024-05-16,A,515
13738,46280,2023-10-08,A,62
13739,46283,2023-07-29,A,1067
13740,46284,2023-04-26,A,1026
13741,46286,2024-07-08,A,555
13742,46288,2022-07-25,A,1175
13743,46294,2024-01-27,B,741
13744,46295,2025-05-13,A,1724
13745,46299,2023-05-15,A,986
13746,46301,2023-03-13,B,1290
13747,46302,2023-10-22,A,364
13748,46316,2023-04-19,A,334
13749,46321,2022-08-14,A,248
13750,46340,2023-09-05,A,134
13751,46347,2022-11-29,A,348
13752,46348,2024-01-24,A,130
13753,46349,2023-02-10,C,306
13754,46350,2024-08-17,A,407
13755,46354,2023-06-04,A,887
13756,46356,2025-04-05,A,1472
13757,46357,2022-06-22,A,680
13758,46359,2025-01-14,C,1764
13759,46360,2022-11-03,A,707
13760,46363,2022-11-07,B,1806
13761,46364,2022-12-20,A,912
13762,46368,2022-04-16,A,297
13763,46371,2024-08-06,A,531
13764,46372,2025-01-03,A,946
13765,46374,2022-11-18,A,1943
13766,46378,2025-06-10,A,573
13767,46379,2023-11-14,C,1209
13768,46386,2023-08-01,C,751
13769,46388,2023-09-17,A,1232
13770,46389,2025-04-29,A,1953
13771,46393,2023-04-07,A,1063
13772,46397,2023-09-10,A,97
13773,46399,2023-04-09,A,340
13774,46406,2025-04-28,B,1718
13775,46407,2024-02-20,A,1996
13776,46412,2025-03-05,A,812
13777,46413,2025-02-05,A,1635
13778,46414,2024-05-21,B,1839
13779,46419,2023-10-12,C,240
13780,46421,2022-05-03,C,1677
13781,46422,2024-06-11,B,1032
13782,46435,2023-10-11,A,292
13783,46437,2023-03-19,A,147
13784,46440,2024-01-26,A,1015
13785,46442,2023-12-17,A,164
13786,46448,2022-10-16,C,1276
13787,46450,2025-06-16,A,543
13788,46451,2023-12-15,A,318
13789,46452,2025-04-13,A,1185
13790,46454,2023-05-25,A,1239
13791,46455,2024-10-24,C,1919
13792,46456,2023-12-24,C,709
13793,46457,2023-12-10,A,454
13794,46461,2023-11-01,A,1131
13795,46463,2022-08-31,B,736
13796,46471,2022-11-15,A,641
13797,46477,2024-07-22,A,1781
13798,46478,2023-07-30,C,697
13799,46480,2023-07-23,C,1198
13800,46481,2024-08-27,A,1950
13801,46487,2023-07-30,C,1063
13802,46492,2024-12-05,A,1181
13803,46495,2023-11-27,C,930
13804,46498,2023-09-12,C,800
13805,46500,2024-11-14,A,1947
13806,46501,2025-04-30,C,985
13807,46504,2025-01-26,C,173
13808,46506,2025-02-11,C,1266
13809,46508,2024-05-01,C,632
13810,46517,2023-10-07,C,966
13811,46519,2023-11-13,C,471
13812,46524,2024-08-14,A,863
13813,46529,2025-04-14,A,1941
13814,46535,2023-01-10,A,944
13815,46543,2024-06-07,B,1973
13816,46545,2025-03-02,A,1060
13817,46546,2024-08-04,B,859
13818,46551,2025-05-27,A,1848
13819,46552,2025-06-27,A,9
13820,46556,2022-10-12,A,480
13821,46557,2025-05-12,A,1787
13822,46559,2023-07-03,C,1520
13823,46560,2024-08-24,A,926
13824,46565,2024-02-13,C,233
13825,46567,2023-11-09,B,1651
13826,46580,2023-01-02,A,1453
13827,46582,2023-06-17,A,1595
13828,46584,2023-07-31,A,209
13829,46592,2024-07-25,A,1621
13830,46602,2023-05-31,A,1544
13831,46604,2024-04-03,A,528
13832,46607,2023-11-22,C,571
13833,46609,2025-04-07,C,1169
13834,46612,2023-07-10,B,790
13835,46620,2023-11-12,A,546
13836,46623,2024-01-26,A,417
13837,46626,2024-12-15,A,63
13838,46627,2023-11-12,A,1330
13839,46628,2022-06-05,A,378
13840,46630,2025-03-20,C,1505
13841,46631,2023-04-17,C,1555
13842,46632,2024-07-30,A,1808
13843,46636,2022-10-01,B,1058
13844,46639,2025-07-30,A,837
13845,46642,2023-02-28,C,155
13846,46644,2022-07-08,A,205
13847,46645,2025-03-02,B,854
13848,46647,2023-07-20,A,922
13849,46650,2024-11-15,C,658
13850,46654,2022-11-29,A,1632
13851,46659,2025-01-14,A,1735
13852,46661,2024-08-28,A,1951
13853,46662,2022-10-18,A,1348
13854,46663,2022-08-14,A,986
13855,46666,2024-01-02,A,1064
13856,46668,2024-07-30,A,1375
13857,46669,2022-06-25,A,875
13858,46680,2023-01-02,A,1986
13859,46681,2025-06-29,A,624
13860,46683,2023-06-27,C,1340
13861,46687,2023-09-15,A,726
13862,46691,2022-10-30,A,744
13863,46692,2022-12-20,C,1926
13864,46695,2025-04-23,A,38
13865,46696,2023-12-25,C,1219
13866,46697,2024-03-17,A,978
13867,46703,2022-12-21,C,123
13868,46704,2025-02-13,B,246
13869,46705,2022-11-23,C,128
13870,46715,2022-05-26,A,1257
13871,46720,2023-06-11,A,158
13872,46725,2024-03-25,A,1050
13873,46727,2024-04-12,A,586
13874,46737,2022-09-27,A,322
13875,46742,2024-06-14,B,452
13876,46751,2025-01-08,A,369
13877,46753,2023-04-08,B,214
13878,46755,2025-10-09,A,1922
13879,46756,2023-07-22,A,22
13880,46757,2024-02-22,A,53
13881,46760,2025-04-15,A,419
13882,46761,2025-04-25,A,630
13883,46767,2024-07-02,A,815
13884,46768,2024-05-17,C,1241
13885,46778,2025-04-19,A,1137
13886,46783,2022-11-17,C,1913
13887,46784,2023-08-27,A,250
13888,46789,2022-11-26,A,375
13889,46790,2024-03-18,A,1068
13890,46794,2022-11-15,A,252
13891,46795,2023-04-30,A,1457
13892,46796,2023-08-31,A,1242
13893,46799,2024-09-04,A,1164
13894,46800,2023-09-15,B,420
13895,46803,2022-07-03,C,31
13896,46810,2023-06-27,A,1793
13897,46811,2024-07-13,A,755
13898,46812,2022-09-14,C,1534
13899,46813,2022-06-27,A,1716
13900,46817,2022-04-20,C,1763
13901,46818,2024-09-21,B,691
13902,46819,2022-08-26,A,113
13903,46835,2023-04-24,B,1104
13904,46837,2023-09-20,A,1012
13905,46838,2024-12-09,A,1598
13906,46843,2023-08-18,C,1412
13907,46844,2025-03-25,A,879
13908,46854,2025-02-18,A,730
13909,46856,2024-11-17,A,1855
13910,46860,2025-09-09,A,1542
13911,46868,2023-07-20,A,897
13912,46870,2024-11-28,A,186
13913,46875,2023-06-16,A,733
13914,46877,2022-10-06,A,718
13915,46882,2023-07-13,A,1640
13916,46886,2023-03-23,A,567
13917,46888,2022-09-27,A,1985
13918,46889,2024-09-23,B,1883
13919,46890,2024-07-20,C,1974
13920,46898,2024-11-05,B,556
13921,46910,2025-02-23,A,315
13922,46912,2023-01-25,A,1567
13923,46913,2025-02-24,A,1463
13924,46914,2022-05-03,A,1751
13925,46918,2025-07-16,B,1895
13926,46920,2023-05-15,A,1840
13927,46923,2022-08-03,B,636
13928,46924,2022-06-20,C,782
13929,46925,2024-12-06,B,1697
13930,46926,2023-04-02,A,1300
13931,46927,2024-01-29,A,129
13932,46934,2022-06-14,A,1580
13933,46935,2022-11-26,B,268
13934,46937,2022-08-03,A,42
13935,46940,2024-02-09,C,1123
13936,46942,2024-03-05,C,1793
13937,46944,2024-12-04,C,1377
13938,46945,2024-11-24,A,915
13939,46946,2022-08-23,A,488
13940,46948,2022-11-17,C,1403
13941,46949,2024-03-02,B,1794
13942,46950,2023-09-21,A,405
13943,46954,2022-03-11,C,1638
13944,46960,2023-11-02,A,1250
13945,46962,2023-05-04,C,1875
13946,46963,2023-01-09,A,1244
13947,46964,2024-07-25,A,111
13948,46966,2024-12-02,A,311
13949,46969,2025-03-30,A,1698
13950,46972,2025-04-23,A,819
13951,46973,2023-10-15,A,300
13952,46976,2023-05-27,A,1965
13953,46977,2024-03-03,A,1015
13954,46983,2022-12-21,A,501
13955,46986,2025-03-24,A,764
13956,46990,2024-03-21,A,1200
13957,46992,2025-06-19,C,1015
13958,46993,2024-03-24,C,528
13959,46995,2023-12-12,C,1342
13960,47005,2024-11-17,A,458
13961,47008,2024-08-12,A,465
13962,47011,2023-01-29,B,1821
13963,47016,2023-02-05,B,1069
13964,47020,2023-11-10,A,1180
13965,47022,2025-11-13,C,678
13966,47024,2025-04-24,C,1475
13967,47026,2024-04-26,A,1286
13968,47027,2023-04-30,A,1546
13969,47032,2022-05-19,C,1503
13970,47034,2025-04-20,C,298
13971,47036,2024-03-05,A,244
13972,47037,2024-08-11,C,945
13973,47040,2025-05-18,B,1478
13974,47042,2023-09-24,A,1689
13975,47045,2024-03-25,A,1151
13976,47050,2023-02-23,A,11
13977,47053,2024-02-06,C,506
13978,47055,2022-08-26,A,1776
13979,47056,2023-06-22,A,1918
13980,47057,2024-10-25,C,448
13981,47060,2025-06-04,B,319
13982,47061,2024-11-26,A,1871
13983,47063,2023-11-06,A,228
13984,47065,2024-09-30,A,1321
13985,47066,2024-08-18,A,136
13986,47067,2022-09-24,A,1095
13987,47069,2025-02-05,A,1900
13988,47071,2023-11-17,A,1008
13989,47073,2022-05-24,A,53
13990,47077,2025-01-22,C,951
13991,47081,2024-08-10,A,677
13992,47083,2024-02-21,B,351
13993,47086,2025-04-12,A,1788
13994,47094,2023-04-07,A,1880
13995,47095,2023-05-14,A,436
13996,47096,2025-02-06,A,1299
13997,47097,2024-08-02,A,267
13998,47099,2024-10-03,A,437
13999,47100,2024-08-30,B,347
14000,47103,2024-01-02,A,1358
14001,47104,2022-12-10,A,325
14002,47107,2022-09-08,A,240
14003,47108,2022-11-25,A,787
14004,47114,2023-10-11,A,839
14005,47115,2023-12-03,A,1856
14006,47117,2023-08-23,A,1090
14007,47121,2024-01-04,A,670
14008,47122,2023-12-02,A,944
14009,47123,2025-04-29,A,562
14010,47127,2023-12-20,C,1399
14011,47130,2023-10-10,A,1852
14012,47133,2024-07-07,A,329
14013,47134,2025-01-19,C,1619
14014,47135,2024-11-16,C,1637
14015,47138,2025-05-30,A,1560
14016,47139,2025-03-18,A,446
14017,47140,2023-02-23,A,708
14018,47142,2022-07-03,B,1026
14019,47149,2024-05-21,C,1648
14020,47150,2024-11-13,A,1684
14021,47152,2025-10-11,C,1440
14022,47155,2023-05-19,C,1950
14023,47156,2023-09-09,A,782
14024,47158,2024-07-04,A,1101
14025,47164,2023-04-13,A,1078
14026,47165,2022-03-28,C,1322
14027,47168,2025-01-20,C,870
14028,47173,2023-11-01,A,1483
14029,47174,2024-07-02,A,211
14030,47175,2023-11-10,A,1803
14031,47177,2024-03-02,A,1237
14032,47181,2025-03-10,A,24
14033,47184,2024-07-22,C,1931
14034,47185,2022-05-17,A,610
14035,47186,2023-01-09,C,1300
14036,47188,2022-08-23,A,1191
14037,47195,2024-01-25,A,805
14038,47199,2023-11-27,A,875
14039,47202,2023-04-30,C,1693
14040,47203,2025-01-20,C,1092
14041,47214,2022-05-19,A,53
14042,47218,2022-10-21,A,332
14043,47219,2022-07-02,C,258
14044,47221,2023-09-18,A,1982
14045,47224,2022-08-22,C,1560
14046,47225,2023-03-30,A,397
14047,47234,2023-11-04,B,1021
14048,47236,2022-12-16,A,1304
14049,47237,2023-05-09,A,1550
14050,47239,2022-07-13,C,1470
14051,47242,2024-07-21,C,1984
14052,47243,2023-12-24,A,575
14053,47246,2024-06-30,A,1295
14054,47250,2023-03-21,C,1941
14055,47251,2025-03-07,A,1089
14056,47255,2025-04-28,B,305
14057,47258,2024-10-08,A,1904
14058,47271,2022-07-06,C,662
14059,47273,2025-04-06,A,133
14060,47274,2024-07-01,A,1942
14061,47275,2023-08-12,A,1682
14062,47277,2024-03-27,C,1405
14063,47279,2024-05-11,C,1570
14064,47280,2022-12-16,A,485
14065,47282,2024-07-11,B,1024
14066,47284,2023-08-24,B,510
14067,47287,2025-07-17,A,597
14068,47288,2024-08-15,A,1062
14069,47291,2022-11-05,A,733
14070,47292,2025-10-06,A,11
14071,47303,2024-03-13,C,1030
14072,47305,2023-01-16,A,1887
14073,47311,2023-06-18,B,1470
14074,47314,2025-03-24,A,1420
14075,47316,2023-02-05,A,1622
14076,47321,2025-04-19,A,1108
14077,47323,2023-05-08,C,955
14078,47326,2024-08-25,A,237
14079,47334,2025-05-27,B,1059
14080,47337,2022-08-12,A,1509
14081,47338,2024-03-27,A,1910
14082,47342,2024-10-02,A,1232
14083,47348,2025-03-18,C,1744
14084,47353,2024-03-19,A,1914
14085,47355,2024-01-05,A,974
14086,47356,2023-04-29,C,1014
14087,47361,2024-06-04,A,1686
14088,47368,2024-08-24,C,155
14089,47373,2023-09-03,A,1672
14090,47374,2024-10-17,A,771
14091,47375,2023-11-02,A,846
14092,47376,2023-02-25,A,646
14093,47378,2024-11-14,A,1813
14094,47379,2023-11-01,B,1031
14095,47380,2025-06-19,A,897
14096,47386,2023-02-04,A,784
14097,47391,2025-02-20,A,1881
14098,47393,2022-09-01,A,133
14099,47397,2024-05-30,A,1598
14100,47398,2023-04-11,A,1279
14101,47404,2024-03-25,A,703
14102,47407,2024-11-26,C,1479
14103,47408,2022-10-01,A,1316
14104,47410,2023-06-26,A,819
14105,47411,2025-07-08,A,264
14106,47412,2024-01-04,B,863
14107,47413,2024-08-31,A,376
14108,47424,2022-07-12,C,486
14109,47426,2024-12-09,A,1669
14110,47435,2023-10-03,A,399
14111,47442,2024-07-06,A,1123
14112,47445,2023-01-14,B,653
14113,47449,2022-09-20,A,1918
14114,47450,2023-06-02,C,1794
14115,47453,2023-02-16,A,1277
14116,47460,2024-02-09,C,64
14117,47464,2024-12-01,A,1461
14118,47466,2025-09-02,A,1018
14119,47469,2024-04-26,C,938
14120,47470,2024-11-29,C,1567
14121,47472,2025-01-15,C,795
14122,47479,2024-10-18,A,920
14123,47480,2023-12-02,A,586
14124,47481,2023-11-02,A,286
14125,47487,2024-06-28,A,1524
14126,47492,2023-07-21,A,586
14127,47493,2022-06-10,B,145
14128,47494,2024-02-29,A,698
14129,47498,2023-04-05,A,806
14130,47502,2023-11-26,A,1012
14131,47509,2022-10-13,A,693
14132,47526,2024-07-09,A,826
14133,47530,2023-08-21,A,17
14134,47531,2023-04-24,A,921
14135,47533,2023-12-05,A,1664
14136,47534,2023-05-10,A,69
14137,47535,2024-07-15,A,1272
14138,47537,2024-05-28,A,224
14139,47542,2023-03-19,C,59
14140,47543,2022-11-13,C,863
14141,47546,2024-06-02,A,1344
14142,47554,2024-10-21,A,108
14143,47559,2024-01-17,B,987
14144,47560,2023-06-24,C,552
14145,47561,2023-07-05,A,1644
14146,47564,2022-07-30,C,1587
14147,47567,2024-11-30,A,930
14148,47569,2024-02-02,A,229
14149,47573,2023-08-18,A,1825
14150,47577,2024-12-11,A,483
14151,47579,2023-01-23,A,531
14152,47582,2024-11-30,A,1454
14153,47583,2023-04-12,C,1707
14154,47588,2024-12-20,B,1817
14155,47590,2023-05-01,C,1118
14156,47591,2022-12-14,A,417
14157,47594,2024-06-27,C,1489
14158,47595,2023-07-22,A,1745
14159,47597,2024-06-28,A,53
14160,47600,2025-01-01,A,1380
14161,47603,2023-10-13,A,533
14162,47609,2023-03-25,A,1458
14163,47611,2025-02-18,A,700
14164,47616,2024-09-21,B,913
14165,47631,2025-03-30,A,1533
14166,47634,2025-09-03,A,164
14167,47636,2023-01-30,A,85
14168,47638,2022-08-22,C,870
14169,47643,2024-02-11,B,3
14170,47647,2023-10-08,A,1854
14171,47650,2024-02-21,C,667
14172,47651,2024-09-20,A,900
14173,47655,2025-05-22,A,69
14174,47659,2024-02-11,A,1099
14175,47662,2025-01-17,A,177
14176,47665,2025-08-16,A,1174
14177,47666,2022-11-17,A,943
14178,47667,2023-10-21,A,1246
14179,47669,2023-05-14,A,267
14180,47675,2025-04-06,A,1173
14181,47678,2024-06-29,A,700
14182,47681,2023-12-10,A,1831
14183,47684,2023-10-30,A,1929
14184,47687,2024-04-22,C,1652
14185,47690,2022-11-09,C,17
14186,47692,2024-08-08,C,1433
14187,47693,2023-10-12,B,897
14188,47694,2025-04-07,A,432
14189,47701,2025-05-09,A,1229
14190,47702,2022-09-02,A,1025
14191,47703,2022-07-14,A,1614
14192,47705,2025-02-26,A,1765
14193,47711,2023-12-26,B,1192
14194,47717,2025-03-07,B,268
14195,47719,2025-03-14,A,1772
14196,47721,2023-10-31,A,564
14197,47722,2024-01-13,A,1438
14198,47727,2022-11-21,C,608
14199,47728,2024-10-01,C,504
14200,47732,2023-06-03,A,755
14201,47744,2022-07-01,A,394
14202,47746,2024-07-29,B,1800
14203,47755,2025-03-13,A,803
14204,47758,2025-04-20,C,638
14205,47760,2022-07-08,A,1015
14206,47761,2022-10-28,A,476
14207,47765,2022-08-23,A,608
14208,47772,2023-08-07,A,1483
14209,47779,2023-07-08,C,1582
14210,47785,2022-04-13,A,387
14211,47787,2024-08-03,C,229
14212,47793,2025-03-16,B,162
14213,47794,2024-03-06,A,963
14214,47797,2023-11-01,A,1945
14215,47802,2022-05-08,B,1228
14216,47818,2023-11-01,A,1088
14217,47819,2025-11-16,A,940
14218,47821,2024-11-02,C,266
14219,47822,2024-05-29,C,18
14220,47827,2024-12-28,C,468
14221,47828,2023-09-23,A,404
14222,47832,2024-06-12,A,258
14223,47833,2023-01-24,B,570
14224,47834,2024-02-18,A,1510
14225,47837,2024-02-09,C,651
14226,47842,2022-11-20,A,698
14227,47852,2024-01-16,C,1729
14228,47853,2024-02-11,A,1467
14229,47854,2022-10-02,A,654
14230,47862,2022-05-17,A,1984
14231,47864,2023-05-14,A,236
14232,47866,2022-10-01,A,780
14233,47868,2023-06-29,A,1640
14234,47871,2023-05-02,A,1909
14235,47873,2022-11-04,A,1247
14236,47875,2023-12-11,A,1340
14237,47877,2023-01-21,A,1422
14238,47878,2023-06-07,A,1377
14239,47879,2023-07-12,A,162
14240,47883,2023-03-22,B,1651
14241,47886,2025-01-04,A,84
14242,47887,2024-07-08,A,1092
14243,47893,2024-03-18,A,534
14244,47894,2024-09-23,A,299
14245,47895,2023-12-07,A,909
14246,47897,2024-01-29,C,1179
14247,47898,2025-01-17,A,1765
14248,47899,2025-03-21,A,10
14249,47903,2024-07-12,A,1799
14250,47909,2024-02-07,C,1109
14251,47911,2023-07-17,C,823
14252,47919,2023-01-03,A,607
14253,47923,2024-02-04,B,1753
14254,47932,2024-11-11,A,839
14255,47935,2023-11-13,A,1813
14256,47943,2022-06-14,C,713
14257,47944,2025-05-11,A,908
14258,47946,2022-07-14,A,1572
14259,47948,2024-01-15,C,1992
14260,47949,2022-11-22,A,1021
14261,47950,2023-04-09,A,1696
14262,47952,2022-11-02,C,1261
14263,47961,2023-08-07,A,1021
14264,47968,2024-08-09,A,1258
14265,47969,2024-06-02,A,18
14266,47977,2024-09-11,A,1370
14267,47978,2024-10-01,C,905
14268,47979,2023-02-15,A,1214
14269,47982,2023-07-12,B,1312
14270,47983,2024-05-13,A,542
14271,47984,2022-10-12,A,902
14272,47986,2024-10-30,A,1533
14273,47989,2024-06-16,A,130
14274,47992,2024-01-26,A,788
14275,47995,2025-02-27,C,1718
14276,48001,2022-09-17,C,1448
14277,48004,2024-09-10,A,1221
14278,48007,2024-01-09,A,1520
14279,48013,2024-04-09,A,1543
14280,48015,2023-09-12,B,671
14281,48016,2022-10-17,B,1508
14282,48017,2025-03-29,C,1344
14283,48019,2023-11-11,A,1407
14284,48020,2023-01-12,A,1534
14285,48028,2024-04-23,A,1847
14286,48032,2023-02-26,A,1648
14287,48034,2024-01-22,A,1759
14288,48035,2023-10-16,A,1847
14289,48043,2024-10-17,A,231
14290,48049,2023-10-03,C,944
14291,48050,2023-07-20,A,597
14292,48052,2023-07-14,A,1955
14293,48053,2025-07-14,A,826
14294,48056,2022-05-06,A,1768
14295,48062,2024-09-07,A,723
14296,48064,2025-04-15,B,1910
14297,48065,2022-07-29,A,1580
14298,48068,2024-05-30,A,1821
14299,48074,2022-06-03,A,41
14300,48076,2025-03-25,A,1050
14301,48077,2022-11-18,A,903
14302,48081,2023-08-13,A,1762
14303,48085,2024-04-21,A,1336
14304,48087,2023-06-14,A,1614
14305,48089,2025-06-04,C,294
14306,48090,2024-11-15,B,1559
14307,48093,2024-09-17,A,1762
14308,48095,2023-12-22,A,871
14309,48097,2024-11-12,A,227
14310,48098,2023-08-01,A,221
14311,48102,2022-07-06,B,1620
14312,48107,2024-07-03,A,1608
14313,48115,2024-07-03,B,408
14314,48118,2023-06-14,A,1530
14315,48119,2025-04-21,A,1566
14316,48120,2022-06-28,A,1618
14317,48122,2024-07-21,A,147
14318,48140,2023-06-21,C,1210
14319,48141,2023-11-07,A,1015
14320,48146,2022-10-13,C,1918
14321,48152,2023-01-18,C,331
14322,48156,2024-03-17,C,1217
14323,48157,2022-11-02,A,1026
14324,48160,2023-10-05,A,1260
14325,48164,2023-10-26,A,84
14326,48165,2025-12-14,A,1846
14327,48166,2022-12-21,B,1089
14328,48175,2024-04-07,A,1215
14329,48182,2023-12-29,C,333
14330,48185,2024-11-19,A,836
14331,48186,2024-10-13,C,38
14332,48191,2022-12-18,A,1313
14333,48196,2023-10-17,A,515
14334,48205,2022-08-22,A,2
14335,48213,2023-02-21,C,427
14336,48216,2024-11-18,A,1912
14337,48218,2025-07-11,A,588
14338,48231,2022-11-21,A,528
14339,48238,2025-01-19,A,40
14340,48241,2023-11-22,A,977
14341,48250,2022-10-02,A,185
14342,48251,2024-03-26,A,1179
14343,48252,2023-10-05,C,443
14344,48259,2025-03-01,A,1235
14345,48261,2024-04-29,C,262
14346,48267,2025-03-02,A,993
14347,48270,2023-08-03,A,426
14348,48274,2022-06-13,B,1484
14349,48280,2025-05-15,A,1049
14350,48282,2025-08-22,C,1192
14351,48283,2022-10-01,A,339
14352,48292,2022-05-18,B,618
14353,48298,2022-08-18,A,1305
14354,48301,2024-12-31,A,193
14355,48303,2024-04-12,A,1177
14356,48304,2025-04-26,A,1177
14357,48316,2024-09-29,A,831
14358,48317,2023-05-21,A,844
14359,48318,2024-07-05,C,475
14360,48320,2023-02-11,A,1018
14361,48322,2024-06-08,C,300
14362,48323,2023-07-09,C,1720
14363,48324,2023-09-27,C,781
14364,48327,2022-09-13,C,1977
14365,48329,2022-12-05,A,319
14366,48335,2025-06-07,C,103
14367,48336,2024-02-01,C,1230
14368,48340,2024-02-29,C,364
14369,48342,2024-05-20,B,1555
14370,48345,2024-05-09,B,343
14371,48352,2023-05-19,A,638
14372,48361,2025-05-08,A,366
14373,48363,2024-09-16,A,1424
14374,48364,2025-02-26,B,1598
14375,48365,2022-07-25,B,1468
14376,48366,2024-07-10,A,1174
14377,48369,2023-10-30,C,1561
14378,48372,2023-02-13,A,1860
14379,48376,2022-11-30,A,357
14380,48377,2024-03-15,C,435
14381,48380,2024-09-25,A,394
14382,48381,2024-12-03,A,20
14383,48386,2022-09-09,C,1735
14384,48387,2023-05-23,C,608
14385,48389,2024-12-30,C,709
14386,48394,2022-09-18,B,807
14387,48396,2023-10-22,C,1306
14388,48398,2024-10-01,A,461
14389,48404,2025-01-11,A,1551
14390,48407,2024-05-12,A,172
14391,48421,2024-01-12,C,42
14392,48425,2023-02-27,A,57
14393,48429,2023-08-08,C,1442
14394,48445,2025-05-11,A,63
14395,48449,2023-09-23,A,1487
14396,48451,2022-07-23,B,1629
14397,48453,2024-01-17,A,1128
14398,48455,2023-07-08,C,1463
14399,48456,2024-01-22,A,328
14400,48457,2023-08-30,A,222
14401,48460,2023-05-06,A,77
14402,48461,2023-01-08,C,915
14403,48463,2023-11-01,B,1396
14404,48467,2024-11-07,C,518
14405,48469,2024-04-10,A,691
14406,48470,2022-04-23,A,610
14407,48471,2023-09-18,A,89
14408,48473,2025-03-02,A,882
14409,48480,2024-07-30,A,1812
14410,48489,2025-03-27,C,921
14411,48499,2025-05-25,A,1078
14412,48500,2024-07-05,A,1371
14413,48501,2022-12-27,A,891
14414,48515,2024-10-14,C,1091
14415,48517,2023-04-24,C,921
14416,48518,2024-02-10,A,822
14417,48520,2024-09-24,A,637
14418,48522,2023-05-28,B,722
14419,48523,2024-07-26,A,630
14420,48528,2024-04-28,A,1302
14421,48529,2025-05-09,A,1790
14422,48531,2024-07-08,A,34
14423,48535,2023-03-02,A,143
14424,48540,2024-04-19,A,770
14425,48544,2025-04-17,B,1869
14426,48547,2023-12-26,A,1563
14427,48549,2025-10-16,A,1470
14428,48552,2023-06-13,C,847
14429,48556,2024-08-19,A,206
14430,48559,2024-03-20,B,867
14431,48561,2023-01-17,C,213
14432,48566,2024-12-19,B,911
14433,48569,2023-07-18,C,656
14434,48570,2022-09-14,B,1356
14435,48573,2025-03-19,A,1012
14436,48574,2024-01-10,A,1577
14437,48575,2024-10-13,A,461
14438,48580,2024-10-12,C,1202
14439,48586,2025-03-06,A,334
14440,48588,2025-02-25,A,1079
14441,48591,2023-04-21,C,936
14442,48593,2022-08-12,B,562
14443,48597,2024-09-27,A,1278
14444,48598,2024-11-28,A,1108
14445,48600,2025-09-08,A,762
14446,48607,2024-08-14,A,1808
14447,48609,2023-09-11,A,1227
14448,48611,2022-11-12,C,1758
14449,48613,2023-01-02,A,98
14450,48615,2022-07-02,C,945
14451,48617,2025-05-03,A,1865
14452,48619,2024-04-28,A,1638
14453,48620,2023-10-01,A,1514
14454,48621,2022-08-28,A,1362
14455,48624,2023-10-04,C,1426
14456,48627,2025-01-30,B,936
14457,48628,2023-02-24,A,742
14458,48642,2022-09-13,C,1089
14459,48650,2025-05-01,C,212
14460,48658,2024-01-20,B,226
14461,48659,2024-12-24,C,1343
14462,48661,2024-02-13,A,90
14463,48664,2022-11-06,A,1473
14464,48672,2023-08-01,A,567
14465,48673,2024-08-14,A,923
14466,48676,2024-11-26,C,1073
14467,48687,2022-06-02,B,305
14468,48688,2024-10-19,A,1098
14469,48697,2024-05-15,A,549
14470,48703,2023-12-12,A,1678
14471,48706,2024-11-29,A,1214
14472,48710,2025-05-14,C,764
14473,48712,2024-09-05,A,1510
14474,48715,2024-12-06,A,1884
14475,48718,2022-11-03,A,188
14476,48720,2024-10-20,A,896
14477,48722,2025-03-22,A,1406
14478,48727,2024-10-20,A,1353
14479,48729,2022-11-13,B,1338
14480,48730,2024-09-05,A,710
14481,48734,2023-06-02,A,24
14482,48735,2024-03-12,A,81
14483,48738,2023-07-01,B,1305
14484,48742,2022-12-27,A,1115
14485,48743,2024-03-30,A,185
14486,48749,2023-09-20,A,607
14487,48753,2025-03-23,A,709
14488,48754,2022-12-12,A,521
14489,48755,2024-05-06,A,982
14490,48758,2024-03-18,A,222
14491,48759,2025-01-10,A,902
14492,48764,2022-12-30,A,1073
14493,48765,2022-11-17,C,327
14494,48770,2024-09-16,B,1767
14495,48773,2022-12-07,B,1961
14496,48775,2023-02-27,A,730
14497,48779,2024-07-10,C,813
14498,48781,2023-02-20,A,1141
14499,48787,2024-02-05,A,1328
14500,48788,2022-08-09,B,1308
14501,48790,2025-02-08,B,118
14502,48796,2024-03-21,A,528
14503,48797,2024-10-07,C,559
14504,48801,2022-09-17,A,1534
14505,48803,2024-01-22,A,1196
14506,48804,2023-05-29,A,1203
14507,48806,2022-10-11,B,155
14508,48808,2023-09-30,A,1074
14509,48809,2023-06-27,C,245
14510,48811,2025-05-10,C,1894
14511,48813,2023-08-04,A,1542
14512,48818,2023-05-06,A,1730
14513,48820,2024-01-08,A,1118
14514,48821,2024-11-08,A,1575
14515,48822,2024-02-27,C,1886
14516,48823,2023-10-19,A,670
14517,48825,2023-08-16,A,1414
14518,48826,2024-12-04,A,921
14519,48834,2024-10-31,C,750
14520,48837,2023-08-03,A,482
14521,48840,2023-09-21,A,800
14522,48841,2023-07-26,A,633
14523,48844,2024-07-21,A,1580
14524,48847,2025-01-12,C,519
14525,48850,2024-08-03,A,982
14526,48856,2022-07-12,C,420
14527,48858,2025-05-26,A,418
14528,48866,2023-01-27,B,314
14529,48871,2023-05-30,B,366
14530,48874,2023-12-19,B,1078
14531,48875,2023-12-02,A,1478
14532,48877,2023-03-11,B,1581
14533,48880,2023-02-04,A,878
14534,48883,2023-04-17,A,1919
14535,48887,2023-11-16,A,47
14536,48889,2023-11-29,A,639
14537,48890,2023-10-07,A,57
14538,48895,2023-02-08,A,420
14539,48899,2025-02-15,C,469
14540,48902,2023-11-29,A,540
14541,48910,2022-07-03,C,556
14542,48912,2024-11-20,A,393
14543,48917,2023-11-23,C,698
14544,48919,2022-09-17,A,1283
14545,48923,2024-02-08,A,1779
14546,48925,2022-06-02,B,1472
14547,48926,2022-10-31,A,1284
14548,48929,2023-07-02,C,146
14549,48930,2023-08-22,A,1265
14550,48934,2025-04-03,A,1697
14551,48935,2022-06-09,A,457
14552,48936,2024-06-09,A,458
14553,48937,2024-03-26,C,1348
14554,48940,2024-04-29,B,455
14555,48941,2023-11-30,A,718
14556,48942,2024-02-23,B,431
14557,48943,2024-05-19,A,1435
14558,48944,2025-01-25,C,1573
14559,48947,2024-01-23,A,1958
14560,48948,2023-05-21,A,153
14561,48951,2024-02-24,A,1892
14562,48954,2024-10-18,B,1171
14563,48956,2022-08-07,A,1078
14564,48957,2022-11-18,B,69
14565,48964,2023-04-06,A,1276
14566,48966,2024-05-26,A,1203
14567,48971,2023-09-20,A,1776
14568,48977,2023-10-23,A,395
14569,48981,2023-06-27,C,953
14570,48984,2023-11-21,A,1833
14571,48988,2023-04-01,A,101
14572,48990,2024-08-01,A,350
14573,48991,2023-10-17,B,1919
14574,48992,2023-03-25,A,1766
14575,48995,2024-03-08,A,1964
14576,48997,2022-06-10,B,64
14577,48999,2024-02-25,A,28
14578,49001,2024-01-14,A,1157
14579,49012,2023-11-29,C,1827
14580,49015,2022-12-07,B,1186
14581,49017,2023-10-17,A,1867
14582,49019,2024-02-15,A,657
14583,49020,2024-03-11,A,1310
14584,49021,2023-11-15,A,122
14585,49023,2024-10-08,A,294
14586,49027,2025-05-25,A,347
14587,49031,2024-01-02,A,324
14588,49038,2025-03-12,C,989
14589,49040,2024-02-11,A,290
14590,49043,2024-03-15,C,960
14591,49045,2023-09-11,A,1678
14592,49046,2025-10-01,C,1483
14593,49048,2024-10-19,A,455
14594,49052,2023-11-06,A,1469
14595,49054,2023-12-13,A,1867
14596,49060,2025-03-08,A,1415
14597,49064,2025-04-19,A,702
14598,49065,2023-11-23,A,1082
14599,49067,2022-06-29,A,1727
14600,49073,2024-09-21,C,463
14601,49078,2024-06-16,A,1522
14602,49079,2022-04-07,A,936
14603,49082,2024-04-19,C,762
14604,49085,2024-01-27,A,329
14605,49091,2023-04-25,C,1383
14606,49093,2023-03-01,A,1615
14607,49094,2024-03-28,A,969
14608,49100,2024-08-10,B,1777
14609,49106,2023-10-10,A,1157
14610,49108,2024-07-20,C,1158
14611,49111,2024-06-10,A,76
14612,49115,2022-12-06,A,528
14613,49118,2023-04-04,B,1592
14614,49121,2023-07-10,A,1794
14615,49129,2023-08-24,B,1630
14616,49131,2023-06-17,B,1238
14617,49132,2023-04-16,A,1082
14618,49134,2023-03-05,A,282
14619,49135,2025-07-22,A,1506
14620,49140,2024-11-25,A,158
14621,49141,2022-08-23,A,541
14622,49153,2022-05-04,C,1240
14623,49156,2023-06-06,A,702
14624,49158,2025-03-02,A,237
14625,49159,2022-06-07,A,1174
14626,49162,2024-02-23,A,1113
14627,49172,2025-02-25,B,273
14628,49173,2023-12-20,A,146
14629,49177,2023-01-18,C,1897
14630,49178,2022-08-20,A,301
14631,49188,2022-08-08,A,400
14632,49195,2023-05-26,C,1999
14633,49196,2025-07-09,A,1594
14634,49201,2025-08-22,A,1416
14635,49204,2024-01-24,B,1985
14636,49205,2024-07-21,A,1475
14637,49206,2024-07-07,A,1317
14638,49211,2024-08-30,A,524
14639,49213,2022-08-11,B,347
14640,49214,2025-01-22,A,256
14641,49215,2024-06-18,A,508
14642,49216,2024-02-26,A,563
14643,49217,2023-06-14,A,409
14644,49218,2023-08-25,A,250
14645,49225,2024-10-23,B,1539
14646,49227,2024-12-18,A,1374
14647,49234,2024-11-27,A,953
14648,49235,2025-01-19,C,1598
14649,49239,2023-06-26,A,1287
14650,49242,2023-10-26,C,1033
14651,49247,2022-12-18,A,1538
14652,49253,2025-02-03,A,390
14653,49264,2022-05-23,A,604
14654,49265,2022-10-01,A,677
14655,49266,2024-06-02,C,1781
14656,49274,2023-04-20,C,1720
14657,49277,2025-02-13,A,209
14658,49279,2024-01-20,C,435
14659,49284,2023-08-08,A,259
14660,49285,2023-10-05,A,334
14661,49288,2022-09-29,C,1188
14662,49289,2023-11-01,A,272
14663,49291,2022-08-02,A,1550
14664,49296,2022-06-05,A,379
14665,49301,2023-11-22,A,1406
14666,49316,2025-03-04,C,211
14667,49320,2023-10-30,C,385
14668,49322,2024-03-08,C,1214
14669,49324,2024-06-22,A,1812
14670,49332,2025-03-10,A,1924
14671,49333,2023-02-21,C,370
14672,49338,2024-03-02,C,1320
14673,49339,2023-07-04,B,1729
14674,49340,2025-06-17,A,900
14675,49343,2024-02-04,A,1911
14676,49345,2023-02-16,A,1551
14677,49354,2024-10-04,A,724
14678,49357,2024-04-02,A,1840
14679,49360,2025-06-20,A,253
14680,49362,2023-02-07,A,557
14681,49372,2024-12-25,A,537
14682,49374,2024-09-12,B,426
14683,49375,2024-03-19,A,493
14684,49377,2023-03-28,A,747
14685,49378,2024-10-31,C,1433
14686,49384,2025-05-25,A,1771
14687,49386,2025-02-20,A,365
14688,49388,2024-08-10,B,1456
14689,49390,2024-07-07,A,1146
14690,49393,2025-07-17,C,1962
14691,49394,2022-10-31,A,358
14692,49395,2025-03-31,C,158
14693,49400,2024-04-23,B,1494
14694,49408,2023-03-05,A,497
14695,49412,2023-11-22,A,784
14696,49417,2024-04-29,B,1015
14697,49421,2023-08-25,A,1836
14698,49422,2025-06-19,A,935
14699,49423,2024-01-17,A,956
14700,49427,2023-02-02,A,1406
14701,49428,2025-02-23,A,400
14702,49432,2025-01-25,A,796
14703,49434,2025-05-05,A,1413
14704,49435,2023-09-14,A,1175
14705,49440,2023-04-23,A,43
14706,49441,2025-01-23,A,1332
14707,49442,2024-09-30,A,1262
14708,49443,2025-06-09,A,1441
14709,49447,2024-01-24,A,1070
14710,49451,2025-02-25,A,930
14711,49452,2024-12-06,A,1690
14712,49454,2023-09-03,C,340
14713,49455,2023-12-04,C,665
14714,49461,2024-10-16,C,128
14715,49465,2025-01-17,A,239
14716,49475,2025-02-08,A,1975
14717,49485,2023-08-16,A,1759
14718,49487,2023-07-06,A,63
14719,49490,2025-05-27,A,1697
14720,49493,2025-11-08,A,490
14721,49494,2023-08-20,A,307
14722,49502,2024-03-20,A,1598
14723,49512,2024-03-05,A,1051
14724,49514,2024-08-10,A,286
14725,49519,2022-11-27,A,694
14726,49522,2024-08-18,A,459
14727,49523,2023-02-25,A,949
14728,49524,2024-06-03,A,1443
14729,49529,2022-12-22,A,1337
14730,49531,2022-07-02,A,1178
14731,49538,2023-04-24,B,1070
14732,49539,2025-05-12,A,1805
14733,49547,2023-09-10,B,1110
14734,49548,2025-06-10,B,1842
14735,49555,2023-03-20,C,254
14736,49559,2023-05-27,A,393
14737,49564,2023-02-12,A,1646
14738,49565,2025-02-24,A,1433
14739,49566,2023-02-02,C,29
14740,49567,2025-03-10,C,672
14741,49568,2024-08-05,B,355
14742,49569,2024-03-28,B,166
14743,49570,2023-02-02,A,462
14744,49571,2024-10-28,A,1766
14745,49572,2024-06-16,A,664
14746,49573,2024-06-30,A,1280
14747,49575,2022-05-25,A,75
14748,49577,2023-02-18,A,1116
14749,49579,2023-09-19,A,815
14750,49582,2023-06-26,C,225
14751,49584,2023-07-24,A,580
14752,49585,2022-08-05,A,756
14753,49586,2022-09-25,A,624
14754,49590,2022-07-13,A,1235
14755,49596,2025-08-22,A,705
14756,49599,2023-06-19,C,875
14757,49602,2024-07-13,A,621
14758,49604,2025-05-25,B,873
14759,49605,2023-05-04,A,1721
14760,49610,2023-12-11,A,939
14761,49612,2024-08-16,B,1943
14762,49613,2023-04-05,A,705
14763,49617,2023-01-29,A,1375
14764,49623,2022-12-16,A,1556
14765,49625,2023-07-09,A,1922
14766,49628,2022-09-03,C,543
14767,49630,2023-02-08,C,1014
14768,49645,2023-05-21,A,1618
14769,49649,2022-07-28,C,113
14770,49654,2024-06-02,A,1884
14771,49655,2023-04-30,A,1092
14772,49660,2024-07-13,C,1099
14773,49662,2023-11-06,A,1838
14774,49665,2022-10-02,A,652
14775,49667,2022-08-27,C,1481
14776,49669,2023-09-21,A,199
14777,49673,2023-04-29,A,1272
14778,49677,2025-07-25,A,633
14779,49682,2022-12-15,A,1547
14780,49684,2024-06-15,B,1318
14781,49685,2023-04-28,A,790
14782,49686,2022-08-28,A,1198
14783,49692,2024-06-11,B,556
14784,49696,2022-10-20,C,1543
14785,49701,2022-10-19,C,682
14786,49712,2024-02-27,B,703
14787,49718,2024-07-23,C,582
14788,49721,2024-07-08,A,270
14789,49723,2022-09-05,A,199
14790,49726,2022-12-13,A,560
14791,49727,2024-03-30,C,1245
14792,49730,2025-03-16,C,1919
14793,49731,2024-08-01,A,1631
14794,49741,2022-09-13,A,1907
14795,49745,2022-05-27,A,164
14796,49752,2024-12-26,A,1014
14797,49756,2023-11-10,C,738
14798,49779,2025-02-02,C,902
14799,49780,2024-10-25,A,374
14800,49782,2022-05-27,A,431
14801,49784,2022-11-09,A,1160
14802,49786,2023-07-14,A,65
14803,49788,2022-08-26,A,630
14804,49789,2024-02-16,A,324
14805,49793,2022-06-14,A,1163
14806,49798,2023-02-04,A,1543
14807,49800,2023-10-19,C,1293
14808,49809,2024-04-01,A,1392
14809,49811,2024-12-11,B,631
14810,49816,2024-04-10,A,1603
14811,49824,2025-07-02,A,1640
14812,49827,2023-05-06,B,1013
14813,49830,2023-05-25,A,402
14814,49833,2023-07-29,C,1074
14815,49840,2022-08-13,A,524
14816,49844,2024-03-17,A,1805
14817,49845,2024-09-20,A,500
14818,49848,2023-04-16,B,1269
14819,49851,2023-05-29,A,890
14820,49854,2025-05-29,A,467
14821,49858,2024-07-23,C,204
14822,49860,2025-02-11,C,1775
14823,49861,2024-10-15,A,1486
14824,49862,2022-09-18,A,1321
14825,49864,2022-11-19,B,1392
14826,49869,2024-01-01,A,1526
14827,49871,2025-01-15,A,1273
14828,49873,2022-11-19,A,351
14829,49874,2024-06-24,A,1865
14830,49875,2023-10-20,A,1990
14831,49876,2024-12-27,A,525
14832,49881,2022-05-19,A,1335
14833,49884,2024-08-08,A,749
14834,49887,2024-08-21,A,191
14835,49890,2024-01-20,A,1196
14836,49895,2025-01-17,A,465
14837,49896,2023-03-25,A,455
14838,49899,2023-08-21,A,955
14839,49904,2023-08-11,A,1990
14840,49916,2023-05-03,A,698
14841,49920,2023-11-07,B,136
14842,49921,2022-05-13,C,1622
14843,49924,2023-01-27,A,1826
14844,49932,2023-01-25,A,459
14845,49941,2024-12-27,C,1453
14846,49942,2025-03-11,A,465
14847,49944,2022-12-18,A,943
14848,49953,2025-05-05,A,355
14849,49955,2024-02-12,A,30
14850,49958,2024-11-18,C,1407
14851,49962,2022-12-10,A,63
14852,49963,2023-04-11,A,682
14853,49964,2024-04-13,C,262
14854,49965,2023-05-11,A,127
14855,49966,2024-05-20,A,1540
14856,49969,2022-12-27,C,1806
14857,49971,2024-06-30,C,520
14858,49974,2024-09-11,A,1792
14859,49977,2024-08-16,B,1364
14860,49980,2022-12-13,A,152
14861,49983,2024-06-17,A,129
14862,49984,2022-12-17,A,1178
14863,49988,2024-07-29,A,683
14864,49993,2025-04-03,C,1772
14865,49996,2023-02-12,A,1722
14866,49997,2024-07-29,A,1257
14867,50004,2025-05-14,A,1193
14868,50006,2024-12-21,B,1100
14869,50007,2024-11-03,A,926
14870,50009,2025-03-04,A,576
14871,50011,2025-02-04,A,1910
14872,50013,2025-08-07,C,1835
14873,50017,2025-03-14,C,960
14874,50024,2025-04-28,C,768
14875,50029,2024-12-07,C,1950
14876,50031,2025-03-02,C,1403
14877,50032,2025-03-28,A,795
14878,50033,2025-02-11,A,1532
14879,50035,2025-02-03,A,1272
14880,50036,2025-01-13,A,1008
14881,50038,2024-11-30,C,1675
14882,50039,2025-02-16,A,307
14883,50041,2025-03-19,A,1577
14884,50046,2024-12-10,A,1304
14885,50047,2025-04-29,A,1082
14886,50049,2024-10-08,A,1278
14887,50050,2024-12-09,A,1675
14888,50053,2025-04-08,C,682
14889,50057,2025-03-14,A,1359
14890,50061,2025-02-17,A,696
14891,50067,2025-09-18,A,51
14892,50068,2024-12-26,C,685
14893,50071,2025-03-21,A,1601
14894,50072,2024-11-23,A,1499
14895,50077,2025-01-03,A,203
14896,50079,2025-05-20,A,1736
14897,50080,2025-01-09,A,1890
14898,50084,2024-12-09,B,1847
14899,50085,2025-03-21,A,1128
14900,50086,2025-02-11,A,1141
14901,50088,2025-08-12,C,371
14902,50093,2025-01-02,A,309
14903,50095,2025-04-19,A,1786
14904,50102,2025-06-06,A,1006
14905,50103,2025-03-16,C,488
14906,50104,2024-10-16,A,202
14907,50109,2025-05-14,A,962
14908,50111,2025-01-07,C,1858
14909,50112,2024-11-22,A,1907
14910,50113,2025-02-20,A,1685
14911,50114,2025-09-09,A,1111
14912,50116,2025-02-09,A,1078
14913,50119,2025-03-07,A,1617
14914,50120,2025-01-19,A,1360
14915,50123,2025-02-04,C,356
14916,50124,2025-03-04,A,970
14917,50127,2025-03-07,C,1920
14918,50131,2024-10-18,A,97
14919,50134,2025-05-06,A,634
14920,50135,2025-02-17,A,833
14921,50137,2025-03-31,A,934
14922,50138,2025-07-22,A,1285
14923,50139,2025-02-15,A,1923
14924,50143,2025-06-23,A,1518
14925,50144,2025-05-02,B,1856
14926,50146,2025-03-17,A,1663
14927,50148,2025-04-16,A,602
14928,50149,2024-10-13,A,743
14929,50150,2025-01-03,A,1598
14930,50151,2025-01-23,A,619
14931,50152,2024-11-07,C,428
14932,50153,2024-09-06,B,1401
14933,50159,2024-09-18,A,418
14934,50162,2025-04-06,C,1163
14935,50164,2025-01-22,A,34
14936,50165,2024-12-02,A,501
14937,50168,2024-12-06,A,1130
14938,50172,2025-08-07,A,571
14939,50173,2025-02-13,B,806
14940,50176,2024-12-18,A,931
14941,50180,2024-10-29,A,202
14942,50181,2025-01-01,C,1139
14943,50189,2024-11-11,A,541
14944,50191,2025-04-27,C,677
14945,50194,2025-01-06,C,475
14946,50196,2024-09-27,A,991
14947,50199,2024-11-10,A,1731
14948,50202,2025-05-19,A,1510
14949,50203,2025-02-28,A,347
14950,50204,2024-09-21,B,1041
14951,50207,2025-01-25,A,1361
14952,50210,2025-01-19,A,1875
14953,50211,2025-03-03,A,1642
14954,50215,2024-12-12,C,708
14955,50216,2025-02-20,A,858
14956,50219,2024-11-03,A,1729
14957,50220,2025-05-11,C,1424
14958,50221,2024-09-29,B,662
14959,50222,2025-01-27,C,1489
14960,50225,2025-04-30,B,1194
14961,50226,2024-12-18,C,119
14962,50229,2024-09-11,C,1948
14963,50230,2025-01-08,A,661
14964,50232,2025-03-28,A,565
14965,50235,2025-06-06,B,87
14966,50236,2025-01-10,A,1750
14967,50238,2025-02-26,A,1856
14968,50241,2025-05-29,A,554
14969,50243,2025-01-13,A,1245
14970,50250,2025-01-03,A,957
14971,50252,2023-06-29,B,891
14972,50254,2024-03-05,A,1889
14973,50255,2024-02-06,A,419
14974,50256,2023-07-28,A,1071
14975,50257,2023-12-27,A,391
14976,50258,2024-01-30,A,115
14977,50261,2023-08-12,A,976
14978,50262,2024-03-14,C,814
14979,50263,2024-01-07,C,839
14980,50264,2023-12-04,C,1872
14981,50265,2024-05-23,A,1112
14982,50267,2024-05-03,A,1400
14983,50268,2024-03-26,A,1667
14984,50271,2024-01-06,A,745
14985,50274,2023-12-14,C,60
14986,50275,2023-12-01,C,1134
14987,50276,2023-12-29,A,1788
14988,50280,2023-10-17,C,1230
14989,50282,2023-11-29,C,1043
14990,50284,2023-08-16,A,165
14991,50285,2024-02-21,A,941
14992,50286,2024-03-11,A,1308
14993,50292,2024-01-20,A,216
14994,50299,2023-09-04,A,898
14995,50301,2023-10-20,A,1550
14996,50303,2024-02-24,A,1240
14997,50306,2023-10-18,A,1925
14998,50307,2024-04-09,A,99
