EmployeeID,DistrictID,UnitID,RankID,DesignationID,KGID,FirstName,EmployeeDOB,GenderID,BloodGroupID,PhysicallyChallenged,AppointmentDate
1,5,63,1,1,KA2458591,Rajesh Bhat,1987-01-03,M,7,0,2009-10-09
2,15,130,1,2,KA8038374,Mahesh Kumar,1970-01-06,M,4,0,1992-02-24
3,1,2,6,1,KA8090293,Girish Nair,1989-11-10,M,6,0,2015-10-04
4,1,27,2,1,KA7022674,Dinesh Nair,1992-11-10,M,6,0,2016-12-22
5,17,138,2,1,KA5918715,Suresh Bhat,1991-06-03,M,6,0,2015-07-12
6,4,59,4,1,KA4905582,Mahesh Naik,1984-01-15,M,2,0,2006-06-21
7,9,94,6,1,KA6960453,Srinivas Raju,1989-09-22,M,4,0,2013-10-14
8,3,44,4,1,KA5107245,Mahesh Swamy,1973-01-22,M,3,0,1999-02-18
9,29,177,4,1,KA6440561,Girish Sharma,1972-01-14,M,1,0,1995-04-02
10,10,103,2,2,KA6279418,Suresh Nair,1985-01-04,M,4,0,2007-05-14
11,25,165,7,1,KA5443951,Ravi Sharma,1976-06-09,M,3,0,1999-03-23
12,20,150,1,4,KA7073292,Shivaraj Murthy,1977-10-20,M,4,0,2003-01-22
13,1,24,2,1,KA3564251,Kavitha Murthy,1994-11-28,F,3,0,2021-09-20
14,9,99,1,4,KA9877065,Kumar Swamy,1979-11-26,M,5,0,2005-03-24
15,1,30,4,1,KA5476583,Asha Naik,1972-12-07,F,6,0,1999-02-16
16,1,1,2,2,KA9517485,Kumar Reddy,1985-03-16,M,2,0,2009-12-30
17,15,130,4,1,KA3564217,Harish Pillai,1969-09-14,M,6,0,1992-10-20
18,16,136,7,1,KA6438436,Shivaraj Nair,1996-12-29,M,8,0,2022-05-03
19,6,79,6,1,KA5041154,Prakash Sharma,1986-04-12,M,2,0,2008-08-02
20,16,137,1,4,KA3770370,Basavaraj Pillai,1991-05-19,M,5,0,2014-01-30
21,17,139,1,3,KA7693979,Naveen Hegde,1987-12-31,M,6,0,2013-12-24
22,5,64,1,3,KA1352896,Manjunath Shetty,1986-12-10,M,4,0,2009-04-14
23,24,162,4,1,KA2130789,Rajesh Gowda,1994-05-19,M,1,0,2017-08-24
24,6,72,1,2,KA8930103,Mahesh Murthy,1975-03-31,M,4,0,1998-06-06
25,1,25,1,3,KA8106470,Kumar Kumar,1967-06-18,M,7,0,1991-11-11
26,25,166,4,1,KA7754864,Suresh Raju,1992-08-09,M,6,0,2014-12-06
27,3,49,1,2,KA8077999,Ganesh Kumar,1972-12-18,M,3,0,1997-06-18
28,1,20,7,1,KA2642635,Venkatesh Pillai,1977-02-21,M,1,0,2003-08-28
29,1,24,1,4,KA9147706,Shivaraj Pillai,1986-06-02,M,8,0,2009-05-02
30,3,43,1,4,KA5449368,Ravi Sharma,1980-01-08,M,8,0,2002-01-06
31,14,125,4,1,KA5977931,Shivaraj Raju,1990-01-28,M,4,0,2013-02-14
32,1,16,3,1,KA1841248,Mamatha Bhat,1982-12-14,F,8,0,2005-04-04
33,15,131,1,2,KA2149597,Manjunath Reddy,1993-06-05,M,2,0,2020-03-08
34,19,146,1,1,KA2375453,Venkatesh Hegde,1985-12-23,M,7,0,2011-03-17
35,5,67,2,3,KA5004485,Praveen Murthy,1987-11-10,M,5,0,2013-08-06
36,1,19,2,1,KA2229110,Harish Shetty,1996-08-08,M,4,0,2021-02-26
37,1,18,2,3,KA3646552,Ramesh Sharma,1986-01-23,M,8,0,2010-02-12
38,26,168,5,1,KA6022741,Harish Swamy,1973-04-17,M,2,0,1995-04-28
39,1,28,1,3,KA5727085,Kavitha Rao,1972-03-15,F,4,0,1995-01-22
40,5,68,4,1,KA5213115,Dinesh Raju,1974-05-08,M,1,0,1999-01-27
41,1,12,1,2,KA5394880,Kumar Pillai,1996-11-10,M,3,0,2020-09-18
42,19,144,2,1,KA3500715,Shivaraj Bhat,1996-08-02,M,1,0,2019-03-14
43,11,111,1,3,KA7117837,Praveen Murthy,1991-04-21,M,1,0,2013-07-09
44,27,171,1,4,KA3592974,Lakshmi Raju,1992-05-29,F,4,0,2016-05-17
45,1,7,2,3,KA7907400,Naresh Sharma,1988-12-22,M,4,0,2015-02-02
46,1,10,6,1,KA4348276,Ganesh Hegde,1975-11-28,M,8,0,1999-02-20
47,26,169,1,3,KA5674183,Venkatesh Kumar,1988-05-10,M,2,0,2012-07-29
48,15,131,4,1,KA9996207,Savitha Patil,1979-02-03,F,6,0,2004-11-19
49,3,46,1,1,KA2818692,Suma Sharma,1970-12-23,F,7,0,1994-06-13
50,15,131,3,1,KA4188992,Santosh Hegde,1991-11-01,M,5,0,2015-12-23
51,17,138,3,1,KA8235969,Kumar Naik,1988-03-07,M,2,0,2012-03-16
52,27,170,2,3,KA9508103,Rekha Swamy,1991-06-07,F,5,0,2017-06-14
53,6,76,4,1,KA4218542,Santosh Hegde,1972-02-25,M,7,0,1994-11-06
54,3,45,4,1,KA6049101,Ravi Raju,1969-05-30,M,7,0,1994-08-02
55,4,54,1,3,KA8801207,Rajesh Rao,1977-09-26,M,8,0,2004-02-16
56,3,44,2,3,KA9647849,Dinesh Murthy,1967-06-20,M,6,0,1989-12-04
57,4,58,1,1,KA1775337,Venkatesh Raju,1988-02-02,M,4,0,2010-11-24
58,1,19,5,1,KA4262081,Mamatha Pillai,1976-08-04,F,7,0,2000-11-24
59,29,177,4,1,KA2788238,Venkatesh Reddy,1996-10-09,M,7,0,2022-12-19
60,18,143,1,1,KA8658158,Manjunath Shetty,1985-11-04,M,3,0,2012-08-01
61,7,82,3,1,KA9468772,Manjunath Murthy,1977-03-02,M,7,0,2002-08-02
62,3,41,7,1,KA5348512,Shivaraj Shetty,1975-09-23,M,4,0,2000-03-26
63,15,134,5,1,KA5013879,Girish Nair,1975-04-14,M,5,0,2000-10-12
64,7,86,1,1,KA3321531,Harish Kumar,1982-09-05,M,3,0,2007-09-10
65,1,17,1,3,KA8816912,Ramesh Bhat,1978-05-30,M,7,0,2002-09-05
66,20,150,7,1,KA7381734,Kumar Hegde,1996-02-22,M,8,0,2022-12-06
67,9,100,5,1,KA4700025,Prakash Rao,1978-03-23,M,8,0,2003-03-24
68,9,100,1,4,KA3768991,Kumar Shetty,1981-12-10,M,8,0,2007-09-04
69,10,101,1,1,KA2408404,Mamatha Murthy,1970-06-21,F,7,0,1995-08-14
70,5,67,1,2,KA8628588,Srinivas Reddy,1980-01-06,M,6,0,2003-11-01
71,11,108,5,1,KA2374158,Ravi Rao,1985-09-14,M,8,0,2012-05-14
72,4,58,2,1,KA1520596,Shivaraj Naik,1967-11-10,M,4,0,1990-03-24
73,5,62,1,1,KA4656838,Rajesh Swamy,1991-05-11,M,8,0,2015-12-30
74,22,156,3,1,KA3747534,Prakash Reddy,1991-11-19,M,5,0,2018-03-24
75,20,148,1,2,KA2275009,Rajesh Sharma,1980-03-08,M,4,0,2004-05-23
76,21,154,4,1,KA1689025,Harish Pillai,1991-08-04,M,6,0,2018-01-14
77,25,166,3,1,KA8047416,Prakash Gowda,1981-09-18,M,8,0,2003-10-08
78,12,118,7,1,KA3955087,Prakash Raju,1990-02-27,M,5,0,2014-08-01
79,13,120,2,3,KA6407373,Shivaraj Nair,1977-06-25,M,4,0,2004-02-05
80,12,116,7,1,KA8796514,Mahesh Rao,1986-01-30,M,7,0,2012-04-09
81,3,47,2,3,KA5334434,Basavaraj Pillai,1975-02-24,M,6,0,1998-04-28
82,6,71,7,1,KA9667566,Naveen Bhat,1972-02-02,M,4,0,1994-02-16
83,5,62,3,1,KA9234615,Kumar Shetty,1975-08-31,M,8,0,2001-04-08
84,10,104,1,3,KA8939993,Mahesh Rao,1986-02-08,M,6,0,2009-10-22
85,30,180,2,3,KA5217853,Shivaraj Patil,1976-08-31,M,4,0,2000-03-02
86,17,138,1,2,KA9123504,Dinesh Patil,1988-09-18,M,5,0,2011-10-10
87,1,26,1,2,KA7054579,Manjunath Swamy,1988-04-24,M,3,0,2011-12-16
88,1,12,1,3,KA3118618,Shivaraj Reddy,1994-07-29,M,8,0,2019-08-30
89,13,121,1,3,KA4093109,Rajesh Swamy,1975-07-19,M,1,0,2000-01-01
90,1,17,6,1,KA2242892,Basavaraj Gowda,1979-01-17,M,1,0,2003-10-15
91,5,64,1,4,KA4786401,Praveen Rao,1991-09-16,M,7,0,2016-10-26
92,20,151,6,1,KA2010496,Srinivas Rao,1977-10-14,M,2,0,2001-06-25
93,5,68,1,2,KA5024269,Lakshmi Raju,1967-05-25,F,3,0,1989-11-01
94,12,116,2,3,KA1547605,Naresh Naik,1970-05-20,M,4,0,1995-01-01
95,12,117,6,1,KA4916201,Harish Bhat,1993-10-29,M,5,0,2019-08-31
96,3,51,5,1,KA4771676,Praveen Raju,1977-12-13,M,3,0,2000-07-30
97,1,16,1,3,KA5842082,Asha Reddy,1989-07-30,F,8,0,2016-01-03
98,5,70,2,4,KA8344375,Harish Bhat,1974-07-28,M,2,0,1999-08-01
99,22,155,2,1,KA4840714,Kumar Bhat,1985-10-15,M,1,0,2007-12-01
100,20,148,1,2,KA8893693,Pushpa Pillai,1995-03-20,F,8,0,2021-06-23
101,24,163,2,4,KA6837817,Kavitha Swamy,1974-12-18,F,7,0,1997-06-16
102,7,85,1,4,KA5835492,Ganesh Pillai,1978-07-22,M,7,0,2004-06-05
103,1,23,2,3,KA2944841,Shivaraj Naik,1982-11-29,M,7,0,2006-04-23
104,17,139,6,1,KA1909393,Rajesh Raju,1976-04-18,M,4,0,2000-08-06
105,24,161,2,1,KA4415140,Naveen Nair,1977-03-11,M,5,0,2003-06-09
106,30,179,7,1,KA1484348,Harish Shetty,1975-04-12,M,4,0,1997-12-10
107,18,142,1,2,KA2903561,Harish Murthy,1978-09-20,M,8,0,2001-03-23
108,14,128,1,3,KA7970771,Pushpa Pillai,1983-12-06,F,8,0,2008-10-07
109,2,38,3,1,KA9526867,Lakshmi Shetty,1979-10-25,F,3,0,2002-11-13
110,10,107,5,1,KA9518424,Girish Nair,1981-10-10,M,5,0,2008-03-05
111,20,151,1,4,KA3493017,Harish Bhat,1971-01-03,M,8,0,1996-09-09
112,17,140,3,1,KA6398528,Prakash Patil,1980-02-06,M,4,0,2004-08-20
113,4,60,2,3,KA8935224,Lakshmi Swamy,1978-08-05,F,7,0,2000-10-27
114,2,33,1,3,KA2683838,Ramesh Shetty,1974-06-28,M,8,0,1999-10-13
115,2,37,4,1,KA3589751,Srinivas Naik,1978-08-18,M,2,0,2005-06-30
116,29,178,3,1,KA2347467,Girish Patil,1979-03-11,M,6,0,2004-10-25
117,24,161,2,1,KA2147909,Shivaraj Hegde,1975-02-18,M,4,0,2002-01-03
118,1,24,4,1,KA2686231,Harish Kumar,1977-07-21,M,8,0,2000-02-02
119,1,12,1,1,KA5921894,Harish Sharma,1982-06-21,M,6,0,2008-12-01
120,10,106,3,1,KA4020853,Ramesh Kumar,1971-08-20,M,3,0,1997-06-10
121,23,159,2,2,KA4895475,Naveen Pillai,1986-03-21,M,8,0,2010-12-29
122,1,3,4,1,KA3650391,Srinivas Rao,1976-02-25,M,2,0,1999-10-01
123,25,164,1,3,KA8664433,Prakash Swamy,1977-12-27,M,5,0,2003-11-04
124,1,28,2,3,KA5963914,Ravi Pillai,1986-05-19,M,5,0,2010-07-03
125,19,145,1,4,KA5801541,Ravi Rao,1994-10-27,M,4,0,2020-03-15
126,3,49,4,1,KA3294774,Prakash Kumar,1969-03-03,M,2,0,1992-07-23
127,11,113,1,3,KA3204724,Pushpa Naik,1995-07-11,F,2,0,2020-10-03
128,3,45,2,3,KA9906224,Rekha Bhat,1988-01-06,F,5,0,2010-09-27
129,13,124,6,1,KA6682698,Girish Sharma,1983-10-13,M,2,0,2009-12-13
130,4,58,5,1,KA7136687,Mahesh Reddy,1979-03-12,M,2,0,2005-12-02
131,1,32,3,1,KA5398338,Rajesh Rao,1976-08-14,M,7,0,2000-09-01
132,4,60,4,1,KA6503032,Prakash Gowda,1975-11-15,M,4,0,1997-12-30
133,6,78,4,1,KA2957497,Srinivas Sharma,1967-11-24,M,3,0,1992-03-03
134,1,30,2,2,KA7520395,Suresh Rao,1992-08-29,M,8,0,2015-12-17
135,3,40,3,1,KA2661307,Shivaraj Hegde,1978-05-30,M,8,0,2004-01-25
136,9,95,4,1,KA8460758,Girish Naik,1987-04-11,M,4,0,2011-09-30
137,17,140,2,1,KA7679674,Ganesh Raju,1968-02-05,M,5,0,1992-02-03
138,12,117,6,1,KA4558545,Ganesh Pillai,1992-11-28,M,1,0,2018-08-11
139,19,145,1,2,KA4623062,Santosh Kumar,1987-10-25,M,4,0,2010-03-08
140,21,153,7,1,KA3427461,Ramesh Nair,1996-11-22,M,3,0,2020-06-06
141,1,7,4,1,KA7010308,Naresh Gowda,1991-02-09,M,4,0,2013-03-05
142,1,14,1,4,KA9826250,Rajesh Reddy,1991-05-03,M,2,0,2017-06-24
143,8,93,5,1,KA2829622,Basavaraj Shetty,1973-12-31,M,8,0,1999-04-24
144,26,169,4,1,KA8684678,Naveen Naik,1973-08-18,M,1,0,1997-04-21
145,11,110,2,4,KA2232969,Basavaraj Pillai,1992-03-06,M,2,0,2016-11-29
146,6,71,1,3,KA7390515,Ramesh Gowda,1969-01-06,M,5,0,1994-07-20
147,30,180,1,2,KA8215376,Naveen Hegde,1991-11-21,M,8,0,2018-08-27
148,12,117,6,1,KA2595275,Usha Patil,1979-02-19,F,6,0,2003-06-14
149,29,176,1,1,KA2432176,Girish Patil,1975-09-30,M,2,0,1998-02-08
150,18,143,1,3,KA3050700,Prakash Nair,1994-05-01,M,7,0,2019-08-09
151,1,14,7,1,KA6242022,Kumar Pillai,1984-02-13,M,6,0,2009-06-20
152,26,169,1,1,KA6873938,Manjunath Kumar,1975-05-23,M,6,0,1998-08-19
153,11,110,1,1,KA5487028,Girish Swamy,1971-11-10,M,1,0,1998-02-22
154,8,90,2,2,KA7724045,Harish Sharma,1996-09-29,M,2,0,2019-09-30
155,16,136,4,1,KA8043620,Rajesh Gowda,1987-05-16,M,8,0,2011-06-19
156,7,84,4,1,KA2425342,Prakash Rao,1971-07-24,M,1,0,1996-11-20
157,1,21,4,1,KA8113787,Naveen Naik,1984-10-24,M,8,0,2009-04-13
158,15,132,1,4,KA2860421,Kumar Rao,1991-12-01,M,5,0,2015-11-01
159,27,171,3,1,KA4699685,Praveen Shetty,1983-03-09,M,7,0,2005-06-04
160,6,78,1,2,KA5286905,Anitha Naik,1987-07-19,F,5,0,2013-10-31
161,11,111,4,1,KA7378822,Rajesh Shetty,1989-02-20,M,4,0,2011-11-06
162,1,11,2,4,KA2306317,Prakash Gowda,1977-06-14,M,6,0,1999-07-17
163,25,164,4,1,KA2932288,Praveen Hegde,1978-04-14,M,7,0,2001-11-21
164,23,159,5,1,KA7070880,Santosh Reddy,1976-05-19,M,2,0,2003-01-11
165,20,151,2,1,KA7639863,Ganesh Kumar,1979-01-22,M,5,0,2003-12-25
166,3,44,5,1,KA2913049,Venkatesh Patil,1993-08-05,M,4,0,2018-06-10
167,25,166,4,1,KA2724773,Rekha Patil,1990-05-25,F,3,0,2013-09-14
168,26,168,1,4,KA8783840,Naresh Swamy,1993-08-22,M,8,0,2016-08-13
169,23,160,4,1,KA6303930,Praveen Raju,1982-07-10,M,3,0,2009-05-08
170,6,78,4,1,KA1942411,Basavaraj Shetty,1984-09-12,M,6,0,2009-12-31
171,1,10,2,3,KA2287332,Harish Shetty,1994-06-20,M,2,0,2018-07-09
172,20,149,2,1,KA8545279,Manjunath Hegde,1972-02-27,M,4,0,1998-07-31
173,1,16,1,3,KA2414808,Basavaraj Murthy,1976-10-23,M,3,0,1999-05-17
174,15,134,3,1,KA7105194,Srinivas Shetty,1969-08-31,M,6,0,1992-07-16
175,8,87,5,1,KA6614484,Usha Hegde,1970-03-15,F,2,0,1992-06-24
176,6,73,2,2,KA6592886,Shivaraj Raju,1985-09-19,M,2,0,2011-10-05
177,7,80,2,4,KA3163449,Ramesh Sharma,1967-08-05,M,2,0,1993-06-29
178,7,85,5,1,KA9831414,Ravi Raju,1991-04-16,M,2,0,2017-01-11
179,1,5,2,2,KA4593556,Kumar Murthy,1980-10-03,M,6,0,2004-06-21
180,2,36,1,3,KA2696860,Meena Kumar,1990-01-26,F,1,0,2012-06-27
181,9,97,3,1,KA4034091,Naveen Reddy,1990-02-06,M,3,0,2012-12-29
182,28,174,2,3,KA8531761,Suresh Hegde,1986-05-14,M,4,0,2010-11-03
183,13,121,5,1,KA8391997,Harish Nair,1988-04-26,M,8,0,2012-05-13
184,11,108,3,1,KA4350371,Ravi Murthy,1989-10-01,M,3,0,2016-04-24
185,9,96,2,1,KA5782563,Suresh Raju,1972-02-23,M,2,0,1994-09-15
186,15,132,7,1,KA8339571,Girish Shetty,1990-05-30,M,2,0,2017-01-19
187,8,90,2,1,KA7651393,Lakshmi Pillai,1995-10-29,F,6,0,2020-02-19
188,1,8,1,3,KA3450300,Mahesh Patil,1982-09-22,M,3,0,2005-04-06
189,2,36,6,1,KA1088100,Basavaraj Bhat,1975-12-24,M,2,0,2000-06-23
190,18,141,1,4,KA2865405,Dinesh Pillai,1969-09-16,M,5,0,1994-08-26
191,11,108,1,4,KA2053729,Ganesh Naik,1968-05-11,M,2,0,1994-10-17
192,1,5,3,1,KA5059048,Basavaraj Swamy,1968-09-03,M,3,0,1993-07-19
193,5,62,2,2,KA2436363,Rajesh Swamy,1971-06-04,M,6,0,1995-09-29
194,15,130,3,1,KA7550726,Manjunath Murthy,1972-02-29,M,8,0,1994-04-05
195,1,5,1,1,KA6784825,Ravi Patil,1981-01-01,M,4,0,2007-05-29
196,7,86,3,1,KA6910597,Ganesh Nair,1991-01-14,M,6,0,2013-04-08
197,29,176,5,1,KA9028420,Naresh Pillai,1976-03-06,M,3,0,2002-01-23
198,12,118,5,1,KA4382135,Mahesh Bhat,1995-05-13,M,1,0,2018-12-28
199,7,80,7,1,KA8942330,Suresh Patil,1973-11-25,M,5,0,1998-02-12
200,1,13,2,3,KA3088344,Dinesh Rao,1967-08-10,M,6,0,1991-06-14
201,9,99,2,4,KA9347057,Ravi Bhat,1981-10-24,M,6,0,2004-11-04
202,1,22,5,1,KA8224389,Geetha Rao,1977-12-23,F,3,0,2000-05-27
203,7,84,1,3,KA8481225,Santosh Gowda,1967-05-17,M,7,0,1991-01-06
204,1,11,2,4,KA5606274,Srinivas Patil,1981-03-16,M,1,0,2006-08-21
205,28,174,3,1,KA3395441,Ravi Patil,1989-11-04,M,8,0,2012-01-01
206,25,166,5,1,KA7423230,Mahesh Kumar,1980-08-03,M,1,0,2004-08-08
207,11,114,2,2,KA9882862,Srinivas Patil,1993-07-28,M,6,0,2018-10-10
208,1,7,1,4,KA2975701,Girish Kumar,1988-09-03,M,5,0,2013-06-16
209,6,74,3,1,KA3057514,Srinivas Kumar,1974-12-27,M,3,0,1998-02-03
210,31,183,7,1,KA6361793,Srinivas Reddy,1977-01-20,M,6,0,1999-07-13
211,6,77,1,2,KA7064832,Shivaraj Murthy,1989-12-15,M,4,0,2015-12-06
212,4,61,1,3,KA7189302,Dinesh Nair,1974-11-10,M,8,0,1996-12-27
213,1,23,3,1,KA7680015,Shivaraj Reddy,1994-01-26,M,8,0,2017-10-15
214,1,19,3,1,KA2244282,Kumar Pillai,1991-05-26,M,8,0,2015-02-28
215,18,142,1,2,KA3164813,Manjunath Patil,1968-04-27,M,7,0,1993-08-07
216,15,133,1,2,KA3717354,Suresh Pillai,1990-02-26,M,6,0,2013-11-04
217,6,73,3,1,KA4293399,Lakshmi Patil,1993-06-25,F,5,0,2016-11-14
218,1,24,3,1,KA3829240,Harish Swamy,1974-06-23,M,3,0,2000-01-20
219,22,155,7,1,KA1691125,Naveen Bhat,1981-11-16,M,1,0,2008-08-01
220,4,54,4,1,KA1508113,Praveen Rao,1971-05-11,M,8,0,1995-09-05
221,6,78,4,1,KA7813102,Geetha Rao,1975-05-11,F,5,0,1998-09-18
222,10,107,2,2,KA6707484,Suresh Reddy,1975-04-20,M,3,0,1999-11-21
223,8,89,6,1,KA7216632,Santosh Bhat,1979-02-19,M,2,0,2001-11-07
224,12,116,1,1,KA1849015,Srinivas Gowda,1985-11-25,M,5,0,2008-09-03
225,5,64,2,3,KA6246485,Asha Swamy,1989-11-09,F,4,0,2016-05-27
226,14,128,2,1,KA2510773,Basavaraj Murthy,1983-03-07,M,7,0,2007-12-14
227,8,91,3,1,KA5720376,Venkatesh Kumar,1994-11-02,M,8,0,2017-02-07
228,1,3,3,1,KA3247055,Basavaraj Rao,1992-03-13,M,5,0,2016-08-06
229,10,103,1,2,KA7082139,Ravi Patil,1994-09-22,M,5,0,2019-11-27
230,18,141,5,1,KA2993318,Manjunath Shetty,1984-06-22,M,3,0,2011-02-01
231,8,87,5,1,KA3420404,Usha Patil,1971-12-31,F,4,0,1996-01-12
232,1,12,1,3,KA8948107,Ravi Murthy,1995-04-11,M,8,0,2018-01-10
233,22,157,2,4,KA6020319,Manjunath Reddy,1982-09-25,M,6,0,2005-08-17
234,31,182,2,4,KA1279121,Manjunath Murthy,1971-10-09,M,6,0,1995-06-08
235,6,79,3,1,KA8962302,Ganesh Hegde,1968-10-17,M,5,0,1990-12-05
236,20,148,3,1,KA1861596,Shobha Nair,1986-10-24,F,8,0,2012-11-03
237,9,98,6,1,KA5063384,Naveen Nair,1990-05-23,M,1,0,2016-12-24
238,11,113,1,2,KA7928320,Ganesh Kumar,1982-12-13,M,4,0,2007-04-13
239,1,16,2,2,KA6453426,Naveen Sharma,1990-10-29,M,8,0,2015-09-20
240,16,137,2,3,KA5435261,Santosh Reddy,1981-08-31,M,8,0,2006-09-17
241,6,77,3,1,KA5848684,Venkatesh Rao,1986-12-07,M,4,0,2010-08-02
242,8,90,2,3,KA5828304,Basavaraj Patil,1971-11-17,M,2,0,1998-04-27
243,10,102,7,1,KA3457461,Shivaraj Hegde,1981-07-16,M,5,0,2007-11-10
244,11,114,7,1,KA9037616,Mahesh Patil,1967-08-06,M,4,0,1991-01-07
245,19,144,7,1,KA2832517,Shivaraj Rao,1984-11-01,M,4,0,2007-08-04
246,4,60,4,1,KA7934046,Manjunath Kumar,1994-08-31,M,6,0,2017-03-18
247,2,36,5,1,KA3649811,Ganesh Raju,1996-10-15,M,7,0,2021-11-10
248,4,52,4,1,KA5788474,Basavaraj Shetty,1984-02-19,M,1,0,2007-12-02
249,4,60,3,1,KA1625760,Suma Raju,1973-01-06,F,3,0,1999-02-21
250,1,10,7,1,KA9311162,Naresh Sharma,1979-03-19,M,3,0,2005-08-12
251,1,10,1,1,KA6621073,Asha Sharma,1996-08-09,F,5,0,2020-04-06
252,2,35,2,3,KA4234838,Shivaraj Murthy,1974-05-27,M,2,0,1999-01-04
253,31,184,1,3,KA5949685,Srinivas Raju,1988-09-01,M,4,0,2010-09-24
254,15,132,2,4,KA2600296,Ravi Pillai,1982-04-24,M,3,0,2004-10-12
255,5,64,7,1,KA7435310,Meena Patil,1996-09-18,F,4,0,2020-02-29
256,20,150,1,3,KA7032283,Girish Patil,1971-04-28,M,4,0,1993-05-15
257,3,41,1,3,KA2969909,Ganesh Shetty,1978-11-01,M,5,0,2004-08-31
258,13,123,1,3,KA7976731,Venkatesh Kumar,1990-02-24,M,8,0,2014-09-07
259,28,175,1,1,KA9816538,Dinesh Nair,1970-04-18,M,8,0,1997-03-05
260,19,145,7,1,KA9480665,Prakash Gowda,1991-12-27,M,4,0,2014-04-26
261,15,134,2,2,KA9201172,Ramesh Reddy,1977-03-14,M,2,0,1999-11-02
262,12,117,1,4,KA8663806,Meena Nair,1991-02-07,F,1,0,2015-12-19
263,10,102,1,1,KA4655777,Harish Bhat,1985-08-09,M,2,0,2012-03-02
264,17,139,1,4,KA1532422,Prakash Bhat,1994-04-26,M,5,0,2016-09-08
265,25,166,4,1,KA7416943,Ramesh Nair,1978-03-01,M,8,0,2002-03-31
266,28,175,1,2,KA6834610,Ravi Hegde,1967-05-03,M,2,0,1994-03-23
267,2,33,3,1,KA1058272,Shivaraj Hegde,1987-01-12,M,1,0,2013-09-11
268,17,140,4,1,KA7363203,Meena Raju,1977-12-30,F,4,0,2002-12-18
269,3,49,1,4,KA1262492,Prakash Reddy,1991-12-17,M,4,0,2014-02-14
270,12,115,1,1,KA5105957,Ganesh Swamy,1970-03-16,M,1,0,1995-12-16
271,1,15,1,3,KA4928578,Venkatesh Murthy,1990-09-26,M,6,0,2015-07-18
272,2,37,1,2,KA7938388,Santosh Kumar,1967-05-29,M,5,0,1992-04-24
273,3,45,7,1,KA8167236,Shivaraj Swamy,1968-12-09,M,8,0,1994-09-24
274,9,98,4,1,KA7984768,Prakash Raju,1973-06-30,M,7,0,1997-04-07
275,17,138,5,1,KA4780654,Ravi Reddy,1975-10-12,M,5,0,1999-02-11
276,1,15,2,4,KA9891787,Ramesh Nair,1971-10-17,M,3,0,1996-02-03
277,25,166,2,3,KA2551288,Girish Kumar,1993-06-22,M,4,0,2017-12-24
278,22,155,3,1,KA2221118,Ravi Raju,1995-04-01,M,4,0,2022-02-17
279,19,144,4,1,KA4504577,Praveen Bhat,1987-04-15,M,6,0,2011-12-16
280,3,49,7,1,KA9034958,Rajesh Kumar,1991-10-04,M,4,0,2017-12-05
281,5,62,7,1,KA5748945,Dinesh Hegde,1972-04-03,M,7,0,1996-01-16
282,8,93,1,4,KA8818250,Prakash Rao,1974-01-07,M,2,0,2000-12-13
283,7,82,6,1,KA6249960,Basavaraj Nair,1987-11-28,M,7,0,2011-12-21
284,1,5,1,4,KA5952504,Venkatesh Bhat,1985-04-28,M,3,0,2010-05-30
285,5,63,3,1,KA6663388,Venkatesh Hegde,1974-08-16,M,5,0,1999-09-11
286,14,126,4,1,KA6908535,Basavaraj Bhat,1976-05-07,M,3,0,1999-04-11
287,17,139,1,1,KA2247057,Shivaraj Shetty,1968-03-25,M,1,0,1990-07-18
288,24,162,6,1,KA3533857,Kumar Reddy,1986-08-22,M,1,0,2009-01-02
289,23,159,1,4,KA9184838,Srinivas Patil,1968-05-31,M,1,0,1994-02-19
290,1,5,1,3,KA9988193,Shivaraj Hegde,1973-04-10,M,5,0,1999-04-23
291,3,46,7,1,KA9797727,Kumar Nair,1992-03-21,M,3,0,2014-09-29
292,8,91,1,4,KA2325722,Naveen Murthy,1985-01-11,M,6,0,2011-06-22
293,30,179,1,1,KA1531577,Meena Swamy,1986-11-21,F,2,0,2010-07-22
294,1,15,2,2,KA2387242,Ravi Murthy,1968-06-16,M,8,0,1990-06-30
295,1,25,6,1,KA4854842,Santosh Swamy,1973-04-30,M,4,0,1995-07-21
296,13,122,3,1,KA2247353,Vinitha Sharma,1984-11-10,F,5,0,2007-02-08
297,3,46,1,2,KA3419132,Mamatha Raju,1982-11-30,F,7,0,2004-12-26
298,5,62,3,1,KA7528964,Savitha Reddy,1971-08-08,F,6,0,1998-04-07
299,1,21,4,1,KA6802559,Ramesh Nair,1974-07-23,M,1,0,2000-09-20
300,8,88,1,4,KA6475691,Venkatesh Pillai,1969-11-15,M,1,0,1996-03-02
301,8,92,1,4,KA4116163,Srinivas Shetty,1972-03-19,M,7,0,1996-04-20
302,5,64,5,1,KA5495824,Naveen Rao,1993-09-21,M,3,0,2016-03-02
303,7,82,2,1,KA1087161,Ramesh Bhat,1980-11-03,M,5,0,2003-06-04
304,1,23,1,4,KA9597330,Girish Gowda,1988-08-12,M,7,0,2013-01-05
305,1,24,3,1,KA6443037,Mahesh Patil,1970-03-30,M,7,0,1995-07-31
306,1,22,5,1,KA9742683,Kumar Hegde,1971-12-03,M,3,0,1995-04-08
307,6,78,1,2,KA2061446,Naresh Reddy,1984-12-24,M,3,0,2009-09-23
308,1,20,2,2,KA9318184,Kumar Rao,1980-10-27,M,4,0,2004-03-20
309,10,102,1,4,KA6528792,Ramesh Rao,1982-02-12,M,8,0,2008-10-26
310,7,83,1,2,KA9036449,Naveen Reddy,1969-12-17,M,6,0,1995-11-04
311,29,178,1,2,KA6467463,Ravi Patil,1968-08-18,M,7,0,1993-05-14
312,19,145,1,2,KA1451577,Ravi Patil,1988-01-22,M,8,0,2013-05-12
313,6,75,5,1,KA7864256,Lakshmi Shetty,1993-12-01,F,8,0,2020-06-29
314,26,169,1,4,KA7324856,Harish Kumar,1990-02-08,M,2,0,2016-02-06
315,10,103,3,1,KA8017921,Naveen Shetty,1973-01-18,M,1,0,1997-11-15
316,17,138,7,1,KA2425760,Prakash Bhat,1970-05-20,M,2,0,1995-12-11
317,22,157,4,1,KA7704473,Prakash Reddy,1995-01-13,M,6,0,2020-03-05
318,1,26,1,2,KA8478923,Usha Gowda,1985-05-31,F,6,0,2008-08-22
319,2,39,3,1,KA9099554,Praveen Bhat,1981-07-19,M,2,0,2003-09-02
320,2,37,6,1,KA6755703,Mahesh Gowda,1981-05-24,M,8,0,2005-02-15
321,13,122,2,4,KA6350413,Manjunath Shetty,1992-08-22,M,2,0,2017-01-30
322,8,88,6,1,KA3757404,Ganesh Naik,1967-12-15,M,4,0,1990-07-20
323,19,144,2,2,KA7795568,Shivaraj Reddy,1977-11-23,M,3,0,2002-06-21
324,23,158,1,4,KA7523581,Kumar Hegde,1988-03-03,M,1,0,2012-09-03
325,30,181,5,1,KA2707116,Dinesh Rao,1994-03-19,M,3,0,2019-06-08
326,5,68,1,3,KA7520284,Dinesh Shetty,1975-01-24,M,7,0,2000-01-03
327,12,118,6,1,KA5990296,Prakash Patil,1969-04-30,M,2,0,1992-04-12
328,6,79,1,3,KA3371602,Santosh Gowda,1991-10-10,M,7,0,2014-10-13
329,11,109,2,2,KA3799538,Ramesh Swamy,1988-09-08,M,8,0,2013-05-26
330,12,116,6,1,KA7023677,Naresh Patil,1969-03-27,M,1,0,1991-07-09
331,19,144,2,4,KA7864135,Dinesh Pillai,1974-05-07,M,8,0,1999-12-29
332,1,22,1,2,KA5900455,Srinivas Shetty,1971-08-29,M,1,0,1993-10-25
333,12,118,1,4,KA9569902,Shivaraj Rao,1971-08-25,M,2,0,1997-10-17
334,9,94,3,1,KA1698108,Girish Nair,1972-09-15,M,8,0,1999-04-21
335,26,168,4,1,KA1540736,Kumar Gowda,1985-12-01,M,8,0,2009-07-27
336,1,31,6,1,KA6882609,Mahesh Shetty,1986-05-23,M,7,0,2009-07-20
337,4,53,1,3,KA9930189,Ramesh Nair,1994-05-11,M,5,0,2019-07-16
338,6,75,4,1,KA5485272,Naresh Patil,1984-01-16,M,2,0,2009-03-27
339,6,71,1,2,KA5188889,Kumar Sharma,1967-08-07,M,3,0,1990-04-17
340,28,174,6,1,KA3385244,Venkatesh Nair,1979-05-28,M,5,0,2004-02-18
341,24,163,1,3,KA7191986,Ravi Shetty,1992-11-04,M,8,0,2017-02-01
342,1,24,1,3,KA2062512,Rekha Swamy,1976-06-15,F,7,0,2001-12-31
343,14,127,1,3,KA6666591,Kumar Pillai,1984-12-22,M,3,0,2008-10-08
344,28,175,2,1,KA8710502,Basavaraj Nair,1994-11-06,M,1,0,2017-02-02
345,1,1,2,2,KA6064462,Naresh Shetty,1977-10-30,M,3,0,2000-12-12
346,8,93,4,1,KA7238503,Girish Gowda,1985-10-15,M,3,0,2008-03-26
347,4,60,4,1,KA2530068,Harish Bhat,1977-10-07,M,2,0,2003-06-05
348,21,152,1,4,KA1155809,Basavaraj Gowda,1986-11-16,M,1,0,2011-10-09
349,29,178,2,1,KA4841091,Ganesh Pillai,1991-02-03,M,7,0,2015-10-03
350,9,95,2,4,KA3233823,Ganesh Gowda,1983-08-07,M,3,0,2006-05-08
351,26,167,3,1,KA6891952,Praveen Naik,1989-08-29,M,4,0,2014-02-10
352,23,158,2,2,KA2454383,Ramesh Sharma,1977-03-05,M,2,0,2003-12-25
353,9,99,4,1,KA6276495,Ganesh Swamy,1981-04-02,M,3,0,2005-08-23
354,21,154,3,1,KA5780177,Mahesh Kumar,1970-02-08,M,1,0,1996-02-18
355,22,156,3,1,KA7572491,Harish Kumar,1974-03-01,M,5,0,1997-03-16
356,1,29,2,1,KA9863176,Venkatesh Shetty,1986-03-17,M,1,0,2010-12-29
357,19,146,2,2,KA8902314,Rekha Reddy,1978-02-21,F,2,0,2002-03-05
358,4,56,1,4,KA9499515,Mahesh Naik,1995-03-27,M,5,0,2017-07-22
359,11,109,2,2,KA5655136,Manjunath Nair,1978-12-23,M,2,0,2001-06-03
360,3,40,1,4,KA2109227,Manjunath Sharma,1972-12-16,M,5,0,1996-10-10
361,1,23,1,4,KA1923227,Venkatesh Naik,1977-07-13,M,5,0,2000-03-01
362,31,182,1,1,KA3748655,Naresh Gowda,1990-11-12,M,8,0,2016-10-12
363,5,67,5,1,KA3129542,Geetha Murthy,1989-07-13,F,5,0,2013-08-07
364,1,8,7,1,KA8202871,Ganesh Nair,1981-12-29,M,5,0,2008-07-02
365,24,161,3,1,KA8636951,Girish Bhat,1993-07-25,M,6,0,2018-05-01
366,3,41,2,1,KA2934976,Praveen Reddy,1985-07-30,M,4,0,2011-11-24
367,1,4,6,1,KA8914896,Rajesh Naik,1986-01-19,M,6,0,2008-04-17
368,1,10,7,1,KA8035849,Ramesh Reddy,1972-03-21,M,4,0,1998-09-15
369,7,82,4,1,KA2306728,Kumar Sharma,1984-11-07,M,6,0,2011-06-20
370,15,133,1,1,KA8802985,Suresh Reddy,1994-12-17,M,5,0,2019-03-12
371,18,142,1,3,KA4366703,Harish Patil,1976-07-13,M,5,0,1998-07-24
372,5,63,3,1,KA9277218,Harish Bhat,1976-03-18,M,4,0,2000-04-05
373,5,63,5,1,KA7879264,Shivaraj Nair,1990-04-08,M,1,0,2012-04-15
374,29,178,6,1,KA1024528,Prakash Raju,1996-08-03,M,7,0,2020-06-14
375,16,136,1,4,KA2004872,Harish Gowda,1986-05-03,M,3,0,2010-09-03
376,4,60,7,1,KA7249378,Mahesh Naik,1973-09-15,M,8,0,1998-01-02
377,15,130,1,4,KA2255447,Suma Swamy,1991-01-12,F,1,0,2016-08-03
378,5,67,1,4,KA6473593,Ramesh Kumar,1982-11-21,M,6,0,2009-05-13
379,2,35,1,2,KA2772642,Venkatesh Gowda,1970-10-17,M,3,0,1993-05-22
380,17,138,1,2,KA8581910,Santosh Hegde,1980-12-12,M,5,0,2007-04-02
381,29,176,1,1,KA4607450,Ganesh Gowda,1983-05-17,M,6,0,2009-12-28
382,15,132,2,3,KA5364874,Venkatesh Patil,1994-10-28,M,3,0,2020-08-08
383,18,143,2,1,KA8751799,Ravi Pillai,1972-05-05,M,2,0,1995-09-23
384,1,16,1,2,KA7720647,Ramesh Gowda,1987-01-19,M,6,0,2009-10-07
385,5,67,3,1,KA2081661,Mahesh Swamy,1993-08-28,M,4,0,2015-10-06
386,1,24,1,1,KA8734211,Meena Nair,1982-02-23,F,1,0,2004-10-25
387,10,102,6,1,KA7421134,Praveen Hegde,1974-10-07,M,7,0,1996-11-30
388,6,71,1,2,KA1581321,Dinesh Sharma,1984-06-19,M,4,0,2008-12-13
389,18,141,7,1,KA2471723,Basavaraj Hegde,1975-07-14,M,5,0,1997-11-09
390,16,135,4,1,KA1327658,Kumar Kumar,1985-11-04,M,7,0,2011-05-13
391,14,125,3,1,KA9428760,Prakash Shetty,1981-08-03,M,6,0,2006-09-29
392,21,153,2,3,KA1982997,Naresh Naik,1987-03-13,M,8,0,2009-05-06
393,1,26,1,2,KA5471581,Praveen Kumar,1985-11-26,M,1,0,2011-07-28
394,9,100,6,1,KA3914404,Venkatesh Swamy,1981-02-07,M,3,0,2007-10-17
395,30,179,4,1,KA1473227,Santosh Nair,1980-12-04,M,6,0,2006-03-24
396,3,49,3,1,KA6185050,Mamatha Reddy,1974-12-10,F,3,0,1999-12-19
397,22,155,1,4,KA1011467,Mahesh Naik,1987-03-17,M,6,0,2009-04-20
398,8,88,1,3,KA1999183,Lakshmi Nair,1989-01-22,F,1,0,2015-07-18
399,16,135,1,3,KA7636992,Ramesh Nair,1980-08-26,M,2,0,2003-01-16
400,11,112,1,3,KA3922635,Santosh Reddy,1968-05-06,M,6,0,1993-01-22
401,9,97,1,3,KA3136551,Praveen Pillai,1983-04-05,M,3,0,2009-05-11
402,19,146,6,1,KA6338793,Praveen Hegde,1995-07-27,M,4,0,2018-07-28
403,2,37,2,1,KA4992909,Ganesh Sharma,1982-03-02,M,6,0,2008-04-30
404,1,23,7,1,KA6632941,Kavitha Raju,1968-05-08,F,8,0,1994-06-04
405,1,18,4,1,KA2812519,Dinesh Kumar,1981-04-19,M,1,0,2004-09-20
406,3,43,2,4,KA6892681,Srinivas Bhat,1978-06-13,M,7,0,2003-03-13
407,20,148,6,1,KA4784650,Basavaraj Nair,1967-10-27,M,3,0,1994-01-20
408,7,82,1,1,KA6734590,Suresh Rao,1985-04-22,M,3,0,2007-11-17
409,18,141,1,4,KA1519979,Kavitha Bhat,1992-11-04,F,7,0,2016-09-21
410,11,112,7,1,KA2698824,Kavitha Swamy,1989-12-22,F,6,0,2012-04-04
411,18,142,4,1,KA5723173,Dinesh Hegde,1972-10-16,M,5,0,1996-04-06
412,18,141,3,1,KA1914439,Suresh Hegde,1974-12-31,M,6,0,1997-11-04
413,27,170,6,1,KA9058573,Mahesh Rao,1968-12-24,M,4,0,1994-05-01
414,6,75,4,1,KA2937918,Dinesh Reddy,1993-05-06,M,5,0,2017-12-25
415,27,170,7,1,KA7501626,Basavaraj Shetty,1985-02-18,M,3,0,2007-08-18
416,12,115,1,4,KA8802377,Ravi Patil,1995-01-07,M,5,0,2018-06-24
417,2,39,1,1,KA6767862,Girish Swamy,1967-01-30,M,7,0,1989-08-10
418,1,16,3,1,KA9767475,Mamatha Kumar,1979-08-28,F,7,0,2006-03-25
419,13,122,7,1,KA4953417,Pushpa Pillai,1971-05-01,F,8,0,1998-04-04
420,31,183,6,1,KA9670757,Ravi Sharma,1995-06-19,M,3,0,2020-04-06
421,4,55,1,1,KA8103052,Srinivas Reddy,1988-05-17,M,2,0,2011-01-25
422,24,161,6,1,KA5326615,Usha Kumar,1990-05-22,F,6,0,2017-01-18
423,9,100,1,3,KA5633880,Shobha Gowda,1972-01-24,F,8,0,1996-04-10
424,23,160,4,1,KA8039616,Anitha Nair,1970-08-31,F,2,0,1995-07-31
425,20,150,3,1,KA2694338,Ramesh Swamy,1992-07-11,M,5,0,2015-02-07
426,5,68,2,4,KA8936405,Prakash Sharma,1979-11-03,M,1,0,2005-06-30
427,22,156,3,1,KA7640300,Ravi Reddy,1979-01-01,M,6,0,2001-03-15
428,5,69,2,3,KA6084418,Suresh Bhat,1980-04-24,M,5,0,2002-05-30
429,29,176,4,1,KA4824490,Basavaraj Pillai,1992-08-12,M,3,0,2019-06-21
430,7,83,6,1,KA7992286,Srinivas Nair,1984-12-07,M,2,0,2011-01-02
431,10,105,6,1,KA9665455,Dinesh Sharma,1975-04-16,M,6,0,2001-07-13
432,1,17,1,4,KA3275826,Manjunath Nair,1983-01-24,M,1,0,2009-01-10
433,5,64,1,1,KA7046090,Dinesh Pillai,1995-07-16,M,4,0,2020-01-30
434,24,163,2,1,KA5059047,Srinivas Murthy,1991-06-19,M,6,0,2017-04-08
435,13,122,6,1,KA6867997,Srinivas Reddy,1970-09-11,M,6,0,1995-10-09
436,29,177,6,1,KA1460542,Girish Bhat,1992-12-19,M,7,0,2016-07-19
437,4,57,1,2,KA5514473,Praveen Nair,1967-12-25,M,7,0,1991-03-25
438,2,34,7,1,KA1141997,Rajesh Shetty,1967-12-25,M,4,0,1990-12-08
439,25,165,4,1,KA7316209,Harish Bhat,1984-09-01,M,6,0,2009-01-10
440,28,174,1,4,KA2716512,Dinesh Shetty,1973-08-31,M,1,0,2000-04-09
441,21,153,4,1,KA6007595,Prakash Murthy,1969-09-13,M,2,0,1993-04-08
442,7,84,4,1,KA6012883,Santosh Rao,1984-08-07,M,4,0,2008-01-18
443,21,154,1,3,KA3347627,Venkatesh Sharma,1978-11-23,M,1,0,2004-07-31
444,11,108,7,1,KA1592554,Harish Rao,1978-11-15,M,4,0,2003-01-13
445,25,164,3,1,KA7014583,Venkatesh Raju,1975-09-06,M,5,0,2001-06-06
446,1,25,1,3,KA4071377,Shivaraj Reddy,1975-11-26,M,6,0,1998-08-09
447,6,79,1,3,KA7235796,Venkatesh Patil,1978-02-27,M,5,0,2004-07-24
448,13,121,1,1,KA8922531,Srinivas Pillai,1994-08-12,M,4,0,2021-06-15
449,10,106,1,2,KA3304606,Ravi Murthy,1994-08-06,M,4,0,2021-06-18
450,12,118,7,1,KA4025884,Praveen Sharma,1990-08-06,M,2,0,2014-05-09
451,1,15,4,1,KA5589036,Naresh Patil,1996-10-22,M,4,0,2021-04-29
452,3,41,5,1,KA2477088,Naresh Swamy,1975-01-22,M,3,0,2001-06-12
453,13,123,2,1,KA9955386,Kumar Hegde,1979-10-29,M,4,0,2001-11-01
454,16,136,2,1,KA5174559,Rajesh Sharma,1988-06-21,M,4,0,2010-07-22
455,1,27,1,3,KA3802133,Prakash Rao,1979-10-25,M,2,0,2004-08-14
456,15,134,2,3,KA8275695,Harish Rao,1970-04-09,M,3,0,1995-03-12
457,3,49,5,1,KA7767788,Basavaraj Patil,1989-08-16,M,1,0,2016-02-28
458,1,6,4,1,KA3835093,Ramesh Kumar,1970-07-27,M,2,0,1995-05-20
459,25,164,7,1,KA9971338,Suresh Hegde,1985-07-19,M,1,0,2011-11-09
460,26,168,1,1,KA7992333,Suresh Raju,1996-02-19,M,8,0,2018-05-22
461,30,180,2,1,KA6051895,Shivaraj Rao,1990-02-25,M,7,0,2013-04-15
462,22,156,3,1,KA2760168,Manjunath Rao,1990-11-13,M,2,0,2015-03-14
463,22,156,1,3,KA9776935,Ganesh Shetty,1988-01-23,M,4,0,2014-05-29
464,1,11,1,2,KA9064202,Kumar Rao,1972-06-07,M,6,0,1997-03-14
465,1,29,1,4,KA3502229,Rajesh Raju,1971-04-08,M,2,0,1997-01-01
466,1,26,4,1,KA4878226,Mahesh Bhat,1985-07-17,M,8,0,2011-02-20
467,1,13,2,2,KA1661769,Savitha Rao,1992-07-17,F,5,0,2019-02-01
468,1,30,4,1,KA1769891,Santosh Hegde,1992-10-04,M,1,0,2019-07-08
469,11,113,2,1,KA7251562,Naresh Patil,1969-02-16,M,6,0,1992-08-13
470,5,70,2,4,KA8075620,Ravi Hegde,1979-09-20,M,3,0,2005-07-27
471,1,27,1,4,KA8351152,Suresh Pillai,1978-05-11,M,3,0,2003-08-27
472,29,176,1,4,KA2894776,Prakash Swamy,1991-02-28,M,7,0,2015-11-08
473,7,81,4,1,KA9804983,Mahesh Rao,1996-06-19,M,4,0,2022-05-26
474,15,133,2,1,KA8261982,Pushpa Pillai,1973-07-22,F,4,0,1999-05-26
475,18,143,6,1,KA1195368,Ravi Reddy,1969-07-12,M,3,0,1991-10-26
476,3,43,2,4,KA6379342,Basavaraj Pillai,1993-08-30,M,4,0,2019-11-10
477,4,58,3,1,KA7352484,Girish Naik,1972-04-29,M,7,0,1997-12-01
478,20,147,2,4,KA8500558,Mahesh Shetty,1976-12-02,M,6,0,1999-05-26
479,1,5,4,1,KA7917892,Basavaraj Bhat,1992-06-01,M,1,0,2016-08-30
480,22,155,1,3,KA9528492,Rajesh Pillai,1969-04-02,M,4,0,1994-10-23
481,1,14,2,4,KA6569576,Srinivas Patil,1987-01-08,M,8,0,2013-09-27
482,1,30,2,2,KA1036858,Prakash Bhat,1992-08-25,M,6,0,2018-11-22
483,9,96,3,1,KA3754070,Harish Murthy,1992-04-02,M,8,0,2014-06-29
484,22,157,1,1,KA7591709,Kumar Gowda,1988-03-26,M,4,0,2011-04-09
485,1,28,2,1,KA8558212,Dinesh Bhat,1978-06-06,M,8,0,2000-09-03
486,1,2,2,1,KA8261353,Manjunath Reddy,1973-03-25,M,8,0,1999-05-05
487,3,46,7,1,KA3153888,Shobha Sharma,1971-01-25,F,2,0,1994-01-09
488,7,83,7,1,KA7453568,Naveen Swamy,1974-05-29,M,7,0,2001-05-02
489,6,71,1,3,KA8597490,Vinitha Nair,1979-03-05,F,3,0,2003-01-30
490,15,132,7,1,KA6266549,Naveen Bhat,1983-08-12,M,4,0,2010-04-28
491,29,176,1,2,KA3983202,Naveen Bhat,1981-07-13,M,6,0,2007-04-15
492,20,150,2,4,KA9957402,Prakash Murthy,1971-06-04,M,5,0,1997-02-23
493,15,134,1,4,KA3438177,Kumar Nair,1992-03-30,M,1,0,2014-05-15
494,3,42,5,1,KA5203716,Dinesh Rao,1984-03-01,M,3,0,2009-12-24
495,17,139,5,1,KA8593275,Harish Kumar,1995-07-28,M,2,0,2019-07-26
496,25,166,1,2,KA9571853,Shivaraj Pillai,1971-11-05,M,5,0,1996-01-04
497,9,100,2,3,KA1902651,Suresh Sharma,1978-05-02,M,1,0,2004-09-26
498,11,114,6,1,KA7169672,Dinesh Swamy,1986-11-26,M,4,0,2012-06-09
499,3,46,2,2,KA9620919,Dinesh Rao,1993-09-05,M,2,0,2016-09-16
500,5,68,3,1,KA5278461,Kumar Rao,1991-03-09,M,1,0,2014-01-26
501,7,83,1,3,KA9230079,Ramesh Naik,1970-03-31,M,6,0,1992-07-07
502,3,48,1,2,KA7978168,Santosh Murthy,1973-09-01,M,7,0,1996-01-13
503,27,170,1,3,KA5925360,Venkatesh Sharma,1982-02-18,M,4,0,2005-12-22
504,19,144,2,1,KA6805039,Mamatha Murthy,1967-11-23,F,8,0,1989-12-05
505,5,63,3,1,KA6384429,Naveen Sharma,1995-03-26,M,7,0,2021-01-15
506,17,139,1,3,KA9628674,Suma Hegde,1984-05-02,F,8,0,2006-06-16
507,3,50,4,1,KA2381527,Harish Sharma,1982-08-26,M,2,0,2007-07-08
508,24,161,1,2,KA8117053,Shivaraj Murthy,1994-01-31,M,2,0,2017-04-01
509,1,19,6,1,KA8704520,Kumar Raju,1990-02-14,M,6,0,2012-03-28
510,5,65,1,2,KA5339392,Mahesh Naik,1971-12-27,M,7,0,1994-05-14
511,1,5,2,1,KA9973031,Ravi Hegde,1979-07-20,M,1,0,2005-04-22
512,20,150,5,1,KA2217848,Naveen Gowda,1994-12-24,M,6,0,2020-11-22
513,29,176,5,1,KA2451316,Suma Rao,1983-07-03,F,5,0,2008-11-20
514,27,170,2,2,KA9950103,Srinivas Hegde,1995-08-22,M,4,0,2020-04-12
515,17,140,5,1,KA3417186,Ravi Nair,1983-10-16,M,5,0,2009-04-30
516,18,143,3,1,KA1700837,Prakash Naik,1990-09-05,M,1,0,2013-05-09
517,1,22,3,1,KA6768873,Ravi Murthy,1983-05-09,M,4,0,2006-07-07
518,3,48,1,3,KA4260252,Manjunath Reddy,1987-02-12,M,2,0,2012-07-23
519,18,141,1,1,KA5876342,Praveen Pillai,1976-04-30,M,2,0,2001-12-05
520,14,125,3,1,KA3151093,Dinesh Bhat,1982-03-07,M,4,0,2006-03-02
521,3,50,7,1,KA8560584,Naveen Gowda,1982-10-07,M,6,0,2007-06-23
522,3,40,3,1,KA7115185,Harish Bhat,1971-08-26,M,6,0,1996-10-23
523,5,64,2,4,KA5641917,Kavitha Naik,1987-01-31,F,6,0,2013-01-22
524,12,119,2,3,KA9170024,Santosh Sharma,1977-01-16,M,2,0,2001-01-14
525,6,72,6,1,KA4295580,Naveen Gowda,1990-09-28,M,5,0,2017-09-21
526,1,5,1,1,KA7797028,Mahesh Bhat,1974-04-09,M,4,0,1999-10-18
527,17,139,3,1,KA3493647,Geetha Rao,1975-11-05,F,6,0,2001-06-30
528,6,75,6,1,KA9407451,Praveen Bhat,1991-01-06,M,2,0,2015-08-09
529,5,62,4,1,KA3782393,Manjunath Naik,1969-06-23,M,3,0,1995-04-19
530,26,169,3,1,KA9111841,Naresh Swamy,1990-06-18,M,6,0,2016-07-28
531,5,68,1,1,KA4469093,Basavaraj Kumar,1980-06-13,M,6,0,2003-09-30
532,1,11,1,1,KA9747185,Srinivas Sharma,1967-12-06,M,5,0,1991-09-24
533,19,146,3,1,KA7350486,Girish Swamy,1989-03-22,M,6,0,2013-04-26
534,9,97,1,4,KA6920646,Mahesh Murthy,1987-01-09,M,6,0,2011-11-26
535,1,2,3,1,KA3331501,Basavaraj Sharma,1974-07-05,M,8,0,2001-06-09
536,6,72,4,1,KA4135756,Mahesh Murthy,1987-07-14,M,3,0,2010-05-11
537,10,107,1,1,KA9078508,Ganesh Raju,1982-03-17,M,8,0,2008-03-25
538,10,106,4,1,KA1723841,Praveen Reddy,1996-01-06,M,3,0,2019-05-14
539,15,132,4,1,KA3463987,Naresh Reddy,1995-04-06,M,1,0,2022-03-29
540,21,154,2,1,KA5755579,Naresh Murthy,1971-09-27,M,2,0,1997-04-18
541,13,124,6,1,KA7891524,Naveen Shetty,1989-05-15,M,3,0,2012-08-01
542,15,131,4,1,KA6749069,Naresh Swamy,1985-02-26,M,8,0,2008-01-30
543,9,99,2,1,KA4394845,Mahesh Kumar,1991-02-02,M,7,0,2013-09-06
544,13,122,1,1,KA9915915,Naveen Gowda,1969-06-11,M,2,0,1994-10-16
545,17,139,3,1,KA8239315,Ramesh Sharma,1996-12-19,M,7,0,2023-04-18
546,11,110,3,1,KA9088689,Suresh Bhat,1986-09-23,M,7,0,2013-03-18
547,2,35,2,2,KA2406225,Praveen Gowda,1985-08-08,M,5,0,2010-04-06
548,3,49,1,1,KA9766777,Shivaraj Hegde,1996-10-10,M,2,0,2022-09-26
549,29,177,1,3,KA2788169,Ravi Raju,1982-11-07,M,3,0,2007-02-16
550,17,138,1,3,KA5623138,Praveen Rao,1978-01-08,M,7,0,2003-03-04
551,18,143,5,1,KA7211142,Kumar Murthy,1975-05-19,M,8,0,1998-05-14
552,30,181,2,2,KA2997927,Harish Swamy,1979-03-01,M,4,0,2005-04-09
553,15,131,1,3,KA1873301,Naresh Gowda,1979-01-20,M,3,0,2005-06-11
554,2,38,1,4,KA2478755,Rajesh Nair,1975-11-12,M,2,0,2001-03-19
555,1,10,3,1,KA9741022,Prakash Gowda,1979-10-13,M,5,0,2004-01-05
556,3,45,5,1,KA8364728,Naveen Naik,1968-04-19,M,1,0,1993-01-20
557,1,9,1,2,KA3843451,Manjunath Rao,1970-02-16,M,1,0,1994-12-22
558,6,71,1,4,KA7802338,Rajesh Reddy,1979-02-07,M,4,0,2003-01-25
559,18,141,1,3,KA6829664,Mahesh Sharma,1984-04-04,M,5,0,2010-04-25
560,10,104,7,1,KA5380657,Dinesh Shetty,1971-03-26,M,3,0,1993-03-29
561,14,129,1,1,KA9611521,Ganesh Murthy,1983-10-27,M,5,0,2007-09-17
562,11,114,4,1,KA9113963,Praveen Rao,1980-02-08,M,4,0,2005-03-31
563,20,151,2,1,KA5325497,Srinivas Raju,1995-10-17,M,2,0,2020-06-24
564,4,59,4,1,KA6923972,Venkatesh Raju,1982-11-10,M,1,0,2007-02-26
565,1,24,1,3,KA2275551,Girish Kumar,1979-02-15,M,3,0,2004-11-19
566,20,147,7,1,KA4190481,Prakash Kumar,1984-12-13,M,8,0,2007-12-17
567,5,68,1,2,KA5189194,Venkatesh Bhat,1987-09-30,M,6,0,2011-01-06
568,1,21,7,1,KA1111126,Ganesh Gowda,1967-04-06,M,1,0,1992-01-03
569,14,127,2,3,KA9234347,Prakash Swamy,1971-04-02,M,3,0,1998-02-08
570,4,57,2,1,KA9820377,Geetha Rao,1971-02-25,F,7,0,1993-11-08
571,8,89,3,1,KA3932663,Shivaraj Naik,1979-05-12,M,8,0,2006-03-03
572,7,81,2,2,KA7365745,Vinitha Murthy,1996-08-23,F,2,0,2018-09-11
573,3,48,1,2,KA5519920,Naveen Pillai,1972-05-31,M,8,0,1995-11-15
574,14,128,1,4,KA7246319,Rekha Patil,1978-01-02,F,6,0,2001-03-03
575,20,147,1,2,KA2675536,Girish Shetty,1991-02-20,M,5,0,2016-05-08
576,9,98,6,1,KA3509000,Shivaraj Hegde,1988-03-23,M,8,0,2011-01-10
577,2,35,2,3,KA9164132,Naresh Hegde,1968-09-24,M,5,0,1993-08-12
578,1,26,2,2,KA5266272,Praveen Naik,1989-09-10,M,8,0,2012-01-05
579,7,86,4,1,KA7044941,Ganesh Shetty,1985-05-14,M,5,0,2009-05-17
580,28,174,2,2,KA5774942,Kumar Gowda,1969-11-09,M,6,0,1992-12-15
581,12,115,5,1,KA5807067,Manjunath Shetty,1993-07-03,M,8,0,2017-08-16
582,25,164,1,4,KA2196955,Ramesh Pillai,1981-11-20,M,2,0,2006-03-27
583,26,168,2,3,KA7634639,Venkatesh Patil,1983-12-14,M,5,0,2009-12-01
584,20,151,2,4,KA3807132,Shobha Pillai,1973-08-26,F,3,0,1998-02-28
585,27,170,1,1,KA4532803,Ramesh Bhat,1985-09-25,M,3,0,2011-11-21
586,13,122,7,1,KA1442329,Ganesh Gowda,1972-06-02,M,7,0,1994-09-15
587,23,159,1,4,KA6190378,Mahesh Gowda,1990-01-20,M,4,0,2012-07-05
588,2,33,4,1,KA3862327,Harish Shetty,1991-02-18,M,1,0,2016-01-26
589,7,84,7,1,KA5570355,Prakash Pillai,1975-08-30,M,8,0,2000-04-06
590,21,153,3,1,KA8297709,Shivaraj Reddy,1976-07-16,M,5,0,2002-01-23
591,1,23,1,3,KA7915632,Meena Murthy,1977-03-14,F,5,0,2000-11-28
592,2,35,3,1,KA8871835,Rajesh Naik,1981-08-05,M,1,0,2005-03-09
593,6,77,2,4,KA5914425,Basavaraj Nair,1996-08-11,M,4,0,2022-11-21
594,10,106,1,4,KA5192561,Shivaraj Patil,1971-11-16,M,3,0,1996-04-23
595,4,57,2,4,KA5019180,Ravi Pillai,1985-03-23,M,5,0,2007-08-27
596,10,106,1,1,KA4060284,Shivaraj Nair,1988-08-02,M,3,0,2015-05-10
597,5,70,2,2,KA6379509,Srinivas Swamy,1969-01-31,M,1,0,1993-10-29
598,1,27,1,2,KA8355410,Shivaraj Naik,1984-05-13,M,1,0,2007-11-10
599,4,56,2,3,KA9361693,Ramesh Naik,1981-09-07,M,6,0,2006-01-09
600,2,38,1,4,KA2197636,Suresh Patil,1994-07-04,M,8,0,2017-12-25
601,1,4,2,2,KA7455837,Girish Pillai,1991-07-20,M,8,0,2017-11-03
602,1,25,2,2,KA8932696,Suresh Kumar,1973-08-23,M,7,0,1999-05-12
603,3,41,2,1,KA9739692,Harish Sharma,1968-10-18,M,2,0,1994-11-12
604,1,14,2,1,KA4958849,Harish Kumar,1967-02-11,M,7,0,1990-04-27
605,20,150,1,2,KA1149818,Naresh Nair,1991-08-27,M,1,0,2015-11-09
606,3,40,3,1,KA2501223,Basavaraj Bhat,1980-05-12,M,4,0,2006-09-01
607,8,87,3,1,KA2002860,Mahesh Raju,1968-12-23,M,6,0,1991-04-19
608,2,33,1,3,KA6827024,Shivaraj Nair,1975-02-20,M,8,0,1998-06-05
609,8,92,2,1,KA9142018,Rajesh Bhat,1990-12-23,M,8,0,2014-05-14
610,3,49,2,3,KA6430463,Shivaraj Bhat,1971-08-08,M,8,0,1994-08-19
611,18,142,6,1,KA9911007,Naveen Sharma,1989-10-29,M,3,0,2012-03-13
612,12,117,2,4,KA4112748,Girish Murthy,1996-12-27,M,1,0,2023-04-29
613,5,62,3,1,KA2062698,Prakash Nair,1982-08-20,M,7,0,2008-08-29
614,3,40,3,1,KA6412330,Basavaraj Nair,1969-07-09,M,7,0,1993-02-02
615,26,169,3,1,KA3177250,Ganesh Gowda,1994-01-11,M,3,0,2016-04-04
616,3,50,2,4,KA9219319,Dinesh Gowda,1992-08-04,M,5,0,2014-10-03
617,1,19,4,1,KA9244416,Venkatesh Swamy,1996-06-07,M,2,0,2019-08-03
618,10,107,3,1,KA1978112,Suresh Patil,1980-06-19,M,5,0,2006-11-26
619,1,20,1,1,KA2698275,Mahesh Pillai,1987-05-03,M,4,0,2012-03-25
620,26,169,3,1,KA4001408,Dinesh Kumar,1985-11-11,M,7,0,2011-01-16
621,12,118,4,1,KA2746548,Praveen Patil,1967-03-07,M,3,0,1991-07-23
622,8,87,3,1,KA9957363,Shivaraj Hegde,1967-07-11,M,8,0,1990-05-24
623,9,96,2,4,KA6426605,Rekha Murthy,1978-07-11,F,4,0,2004-10-17
624,18,141,5,1,KA8590070,Dinesh Hegde,1985-08-16,M,8,0,2009-08-17
625,6,73,1,2,KA6064062,Anitha Bhat,1970-04-19,F,1,0,1992-05-16
626,7,81,6,1,KA5629792,Venkatesh Kumar,1996-01-18,M,3,0,2022-05-11
627,2,36,1,2,KA4908993,Srinivas Patil,1985-02-18,M,5,0,2009-03-05
628,19,146,2,1,KA6447428,Mahesh Swamy,1987-04-08,M,8,0,2013-05-14
629,1,25,7,1,KA6039762,Praveen Pillai,1970-04-27,M,1,0,1995-11-27
630,1,15,1,4,KA7988074,Praveen Hegde,1982-01-08,M,2,0,2005-12-15
631,22,155,4,1,KA7417066,Venkatesh Bhat,1996-07-04,M,1,0,2022-01-17
632,19,145,3,1,KA9428900,Suresh Patil,1990-04-24,M,4,0,2014-02-16
633,21,153,5,1,KA2511341,Ravi Shetty,1971-03-21,M,4,0,1996-01-12
634,8,87,1,1,KA7697318,Ravi Reddy,1993-04-26,M,5,0,2017-12-20
635,30,179,5,1,KA3262755,Manjunath Hegde,1991-03-04,M,8,0,2017-06-05
636,20,147,4,1,KA9795418,Basavaraj Hegde,1988-03-23,M,4,0,2013-05-10
637,7,83,2,1,KA7938755,Girish Nair,1971-03-08,M,7,0,1993-09-01
638,21,153,2,3,KA3839632,Dinesh Patil,1967-08-15,M,6,0,1989-09-27
639,11,113,1,2,KA4350161,Srinivas Swamy,1995-01-03,M,6,0,2021-07-30
640,1,14,4,1,KA3477610,Mahesh Gowda,1986-02-12,M,5,0,2011-08-01
641,13,121,2,2,KA4554677,Ganesh Rao,1996-01-01,M,4,0,2019-11-05
642,23,160,2,1,KA7318411,Girish Murthy,1990-09-06,M,1,0,2016-07-24
643,30,179,1,1,KA8800748,Suresh Rao,1969-04-20,M,1,0,1992-10-21
644,26,169,6,1,KA2810117,Girish Raju,1980-11-11,M,1,0,2007-09-11
645,15,131,2,4,KA9918107,Ravi Kumar,1992-07-21,M,2,0,2016-04-22
646,31,183,3,1,KA5150551,Manjunath Shetty,1996-01-21,M,5,0,2018-04-06
647,1,5,1,3,KA6962255,Ravi Bhat,1981-06-19,M,5,0,2007-04-15
648,1,16,5,1,KA7495644,Manjunath Rao,1968-12-13,M,1,0,1992-05-18
649,8,88,1,2,KA2472955,Savitha Kumar,1979-05-26,F,7,0,2005-01-24
650,29,176,4,1,KA5032585,Naveen Pillai,1986-10-26,M,3,0,2011-02-21
651,7,85,3,1,KA3210769,Harish Sharma,1976-11-14,M,4,0,2001-11-23
652,4,52,4,1,KA9787997,Praveen Murthy,1990-10-29,M,3,0,2014-07-17
653,19,145,7,1,KA2137730,Ramesh Raju,1989-12-06,M,2,0,2013-09-11
654,7,82,1,3,KA8432381,Ramesh Bhat,1978-06-13,M,5,0,2002-09-27
655,3,48,1,3,KA4874049,Dinesh Gowda,1995-11-05,M,4,0,2022-02-07
656,29,177,1,4,KA7273997,Rajesh Patil,1975-08-23,M,3,0,1998-05-18
657,3,42,1,1,KA7854988,Basavaraj Shetty,1988-05-08,M,1,0,2011-08-09
658,27,172,4,1,KA4431982,Usha Kumar,1987-12-03,F,2,0,2014-02-25
659,14,126,3,1,KA8676330,Srinivas Pillai,1982-06-12,M,4,0,2009-04-16
660,9,98,4,1,KA9995261,Suresh Swamy,1982-12-26,M,1,0,2007-03-07
661,1,11,6,1,KA7637254,Srinivas Shetty,1985-12-31,M,1,0,2010-11-22
662,1,13,4,1,KA8374490,Manjunath Nair,1988-07-03,M,7,0,2012-02-14
663,12,119,1,3,KA1915141,Shobha Pillai,1989-07-21,F,3,0,2013-11-27
664,14,129,4,1,KA3270069,Srinivas Gowda,1991-12-11,M,7,0,2014-12-08
665,12,117,1,2,KA8628318,Srinivas Naik,1970-07-17,M,2,0,1996-07-09
666,1,32,4,1,KA8539654,Naresh Bhat,1992-12-05,M,6,0,2015-07-21
667,15,131,5,1,KA7353173,Ravi Bhat,1969-07-25,M,7,0,1992-06-11
668,19,145,2,2,KA3719990,Naresh Sharma,1967-06-09,M,3,0,1994-04-04
669,7,80,1,2,KA2972228,Suresh Hegde,1977-01-01,M,3,0,2000-08-09
670,5,65,5,1,KA9348805,Anitha Swamy,1996-06-21,F,8,0,2021-01-10
671,14,127,7,1,KA8981122,Rajesh Swamy,1986-05-08,M,8,0,2009-07-20
672,1,2,3,1,KA5665960,Mahesh Swamy,1986-01-16,M,4,0,2012-12-21
673,8,90,4,1,KA1544120,Ramesh Naik,1995-05-17,M,5,0,2018-03-04
674,10,107,1,3,KA3976601,Mahesh Naik,1989-01-09,M,8,0,2011-11-30
675,1,24,1,3,KA7357547,Prakash Sharma,1983-08-06,M,2,0,2007-05-23
676,13,121,1,3,KA6523202,Shivaraj Gowda,1990-12-26,M,7,0,2013-08-26
677,1,28,1,1,KA9114518,Dinesh Swamy,1971-05-23,M,5,0,1997-06-19
678,20,148,3,1,KA3176225,Santosh Rao,1969-01-23,M,8,0,1993-01-11
679,3,47,5,1,KA5873580,Basavaraj Shetty,1969-09-07,M,4,0,1992-12-21
680,1,31,4,1,KA7956372,Rajesh Shetty,1987-09-21,M,7,0,2014-03-10
681,25,164,5,1,KA4375360,Prakash Murthy,1987-07-01,M,5,0,2009-07-18
682,15,130,1,1,KA2909863,Mahesh Rao,1972-05-07,M,6,0,1996-02-24
683,3,45,1,3,KA9038102,Praveen Swamy,1988-04-26,M,8,0,2012-02-26
684,24,161,1,3,KA8758960,Ramesh Shetty,1976-05-11,M,7,0,2003-03-12
685,6,77,3,1,KA6293259,Anitha Pillai,1971-09-05,F,1,0,1997-09-22
686,8,91,7,1,KA5705338,Santosh Nair,1994-01-19,M,1,0,2016-11-14
687,3,43,3,1,KA7535837,Ravi Raju,1971-05-30,M,3,0,1996-10-15
688,7,81,6,1,KA7943579,Harish Bhat,1995-08-08,M,2,0,2019-02-09
689,6,78,2,3,KA3936226,Venkatesh Patil,1987-04-29,M,2,0,2012-04-02
690,1,24,1,1,KA9097744,Suresh Nair,1977-02-11,M,3,0,2001-12-08
691,16,135,6,1,KA6491819,Basavaraj Bhat,1983-02-06,M,3,0,2009-06-07
692,28,174,3,1,KA1613249,Ganesh Pillai,1991-01-25,M,8,0,2014-03-15
693,7,80,1,1,KA6591674,Manjunath Gowda,1995-01-17,M,8,0,2020-11-18
694,26,169,5,1,KA6236888,Suma Murthy,1983-01-02,F,4,0,2005-02-11
695,16,137,1,4,KA2973853,Dinesh Rao,1982-09-15,M,5,0,2009-01-08
696,23,160,1,1,KA4465793,Girish Gowda,1971-12-02,M,6,0,1996-10-13
697,6,73,4,1,KA3873517,Girish Reddy,1971-04-09,M,2,0,1994-08-17
698,1,13,2,4,KA1846511,Santosh Murthy,1991-03-09,M,2,0,2013-05-01
699,3,46,2,4,KA6966385,Mahesh Hegde,1970-04-13,M,5,0,1997-04-06
700,27,172,5,1,KA8813071,Dinesh Bhat,1973-02-02,M,3,0,1995-07-07
701,7,80,2,4,KA8894449,Srinivas Gowda,1968-02-11,M,4,0,1994-01-29
702,23,158,7,1,KA7577959,Kavitha Pillai,1985-06-12,F,3,0,2009-06-20
703,7,84,6,1,KA1507747,Santosh Nair,1976-09-08,M,2,0,2001-05-28
704,3,44,2,3,KA3137316,Prakash Shetty,1984-05-11,M,2,0,2010-08-25
705,26,167,3,1,KA6068701,Ganesh Patil,1993-11-02,M,8,0,2020-04-06
706,5,63,3,1,KA9092903,Kumar Kumar,1972-06-10,M,7,0,1995-04-26
707,21,152,4,1,KA8304023,Dinesh Pillai,1977-09-06,M,6,0,2004-01-24
708,27,172,4,1,KA9164301,Venkatesh Reddy,1993-07-11,M,2,0,2019-08-28
709,1,25,3,1,KA6167981,Srinivas Patil,1977-01-18,M,7,0,2000-01-08
710,21,153,6,1,KA9292896,Ganesh Raju,1980-01-09,M,1,0,2003-11-04
711,24,163,3,1,KA3461642,Ramesh Sharma,1997-01-04,M,3,0,2023-03-29
712,20,148,3,1,KA4450430,Harish Hegde,1976-12-17,M,6,0,2000-01-16
713,11,112,7,1,KA1136218,Harish Sharma,1981-07-30,M,7,0,2004-01-23
714,18,141,2,3,KA2840432,Harish Naik,1994-08-21,M,5,0,2016-08-16
715,21,152,4,1,KA6337290,Venkatesh Hegde,1979-05-03,M,7,0,2004-10-28
716,27,170,1,2,KA4157922,Kumar Murthy,1989-03-29,M,7,0,2013-11-20
717,3,40,2,2,KA3252801,Prakash Pillai,1984-01-30,M,1,0,2010-12-16
718,14,125,4,1,KA3277939,Rajesh Reddy,1967-07-05,M,2,0,1991-12-10
719,30,179,2,2,KA8623472,Kumar Pillai,1969-11-28,M,7,0,1994-04-12
720,4,58,2,1,KA9357686,Srinivas Hegde,1988-09-07,M,4,0,2013-01-18
721,17,140,7,1,KA1561397,Girish Hegde,1971-03-03,M,1,0,1995-03-18
722,13,124,3,1,KA9831661,Prakash Gowda,1993-06-06,M,5,0,2016-03-17
723,22,157,7,1,KA8926422,Mahesh Murthy,1993-01-19,M,2,0,2016-05-30
724,7,80,3,1,KA6763748,Shivaraj Nair,1969-07-09,M,1,0,1991-10-20
725,20,147,2,3,KA5942868,Manjunath Sharma,1982-02-24,M,5,0,2006-06-30
726,19,145,1,4,KA3836678,Naveen Bhat,1985-05-03,M,1,0,2007-08-31
727,23,160,4,1,KA9132926,Harish Nair,1995-10-18,M,2,0,2019-05-22
728,6,72,5,1,KA5713926,Mahesh Pillai,1985-09-18,M,5,0,2008-06-10
729,22,155,1,2,KA8493596,Rajesh Bhat,1989-03-10,M,6,0,2014-06-28
730,4,61,4,1,KA9848116,Girish Nair,1975-04-09,M,1,0,1998-04-08
731,3,40,3,1,KA7928115,Mahesh Reddy,1974-10-10,M,7,0,2000-12-23
732,3,43,4,1,KA6789409,Srinivas Bhat,1987-07-25,M,1,0,2012-10-14
733,12,119,1,3,KA8990421,Ganesh Naik,1979-02-18,M,4,0,2003-10-15
734,2,38,1,4,KA1199028,Ravi Shetty,1973-03-24,M,5,0,2000-02-03
735,7,81,4,1,KA1688161,Meena Hegde,1973-03-27,F,2,0,1999-01-18
736,11,111,6,1,KA5573311,Pushpa Patil,1969-08-20,F,6,0,1995-04-11
737,20,150,4,1,KA5056679,Ganesh Rao,1979-06-23,M,4,0,2004-01-17
738,1,3,3,1,KA2140044,Naresh Patil,1996-08-22,M,1,0,2023-04-16
739,12,115,4,1,KA5752935,Manjunath Gowda,1981-04-02,M,5,0,2004-06-19
740,1,15,1,2,KA3043299,Rajesh Swamy,1970-05-15,M,2,0,1996-01-13
741,26,169,2,2,KA2859671,Naveen Reddy,1967-12-16,M,3,0,1993-02-11
742,1,20,7,1,KA5636946,Srinivas Raju,1968-05-14,M,7,0,1992-11-22
743,1,19,1,1,KA7422301,Santosh Rao,1984-07-31,M,7,0,2010-12-03
744,5,68,6,1,KA2164313,Suresh Rao,1989-01-14,M,8,0,2013-06-29
745,3,46,2,1,KA3413781,Lakshmi Swamy,1968-01-25,F,7,0,1992-10-22
746,31,184,2,1,KA2223386,Ganesh Sharma,1985-05-27,M,2,0,2007-12-19
747,1,5,2,1,KA1634776,Girish Nair,1974-09-11,M,7,0,1997-07-06
748,20,148,2,4,KA9021848,Santosh Sharma,1996-11-08,M,7,0,2021-09-23
749,1,1,1,4,KA3033459,Mahesh Murthy,1979-10-11,M,6,0,2005-08-16
750,24,162,1,3,KA9969540,Harish Hegde,1967-12-30,M,6,0,1990-06-27
751,6,75,5,1,KA3963163,Srinivas Nair,1967-12-18,M,1,0,1991-01-31
752,30,179,1,3,KA9162175,Pushpa Kumar,1979-07-10,F,2,0,2002-02-07
753,2,36,1,1,KA5001116,Meena Bhat,1995-06-03,F,8,0,2018-06-27
754,14,128,1,4,KA1275453,Shivaraj Raju,1973-01-25,M,1,0,1999-09-24
755,1,11,4,1,KA4551370,Santosh Nair,1978-10-31,M,8,0,2001-06-24
756,2,39,3,1,KA2208521,Asha Pillai,1971-01-12,F,1,0,1994-04-28
757,13,121,1,2,KA3190059,Basavaraj Raju,1969-04-13,M,1,0,1991-07-10
758,1,25,1,2,KA2073030,Suresh Sharma,1976-07-22,M,2,0,2001-12-19
759,4,57,3,1,KA4399754,Naveen Nair,1994-03-11,M,7,0,2020-09-07
760,29,176,1,2,KA6395382,Ravi Patil,1971-03-09,M,4,0,1996-03-24
761,1,17,2,2,KA7965133,Praveen Reddy,1991-08-09,M,3,0,2015-02-14
762,5,63,2,2,KA2677182,Shivaraj Reddy,1970-11-30,M,7,0,1993-02-15
763,1,21,2,2,KA2495541,Rajesh Sharma,1996-09-25,M,5,0,2018-10-04
764,4,53,1,3,KA9775941,Basavaraj Bhat,1990-08-08,M,8,0,2016-03-04
765,1,10,4,1,KA9386722,Naresh Swamy,1970-04-10,M,2,0,1993-04-07
766,1,2,2,2,KA2971454,Harish Patil,1972-01-02,M,2,0,1995-04-23
767,12,119,1,2,KA5637668,Shivaraj Murthy,1968-12-02,M,1,0,1994-08-08
768,13,122,6,1,KA3680321,Ramesh Raju,1974-09-14,M,1,0,1997-09-04
769,11,112,1,4,KA1726746,Prakash Rao,1985-09-29,M,2,0,2009-08-08
770,1,8,1,1,KA2188825,Shivaraj Reddy,1975-04-06,M,4,0,2000-02-18
771,11,108,2,3,KA4859820,Praveen Swamy,1988-02-08,M,2,0,2014-04-12
772,10,106,4,1,KA4702106,Ganesh Kumar,1988-01-19,M,2,0,2012-02-21
773,11,112,7,1,KA8633480,Basavaraj Naik,1990-07-09,M,3,0,2013-09-18
774,3,50,4,1,KA5524723,Ramesh Shetty,1968-09-01,M,4,0,1992-08-30
775,1,16,3,1,KA2864104,Suresh Bhat,1984-06-07,M,8,0,2007-03-08
776,4,57,2,2,KA3851044,Naresh Nair,1983-10-13,M,4,0,2009-02-24
777,4,56,6,1,KA8763873,Manjunath Shetty,1970-06-26,M,5,0,1995-02-14
778,5,64,6,1,KA8285484,Kumar Bhat,1985-11-26,M,4,0,2009-09-21
779,20,147,7,1,KA1741958,Mamatha Reddy,1996-10-16,F,1,0,2021-02-12
780,1,9,3,1,KA7615594,Vinitha Nair,1977-12-04,F,8,0,2002-11-20
781,5,62,2,1,KA7821919,Ganesh Shetty,1993-04-17,M,4,0,2018-05-29
782,1,24,4,1,KA6114309,Harish Kumar,1996-04-22,M,3,0,2020-12-24
783,1,7,3,1,KA3325723,Praveen Bhat,1976-08-13,M,7,0,2001-03-14
784,30,181,2,1,KA7457202,Prakash Raju,1968-08-10,M,6,0,1990-08-07
785,5,70,5,1,KA4475340,Harish Hegde,1969-07-18,M,2,0,1994-07-27
786,1,15,7,1,KA7106747,Santosh Bhat,1973-12-06,M,1,0,1999-09-12
787,1,11,3,1,KA3940499,Prakash Shetty,1980-08-15,M,2,0,2004-08-29
788,5,62,2,4,KA4519758,Dinesh Reddy,1972-10-24,M,4,0,1995-06-08
789,11,109,4,1,KA2063158,Girish Murthy,1984-08-03,M,6,0,2006-11-17
790,1,32,3,1,KA9923876,Basavaraj Murthy,1975-12-06,M,5,0,2001-11-22
791,29,178,4,1,KA8681853,Prakash Nair,1994-01-28,M,2,0,2017-02-11
792,1,28,1,1,KA3482256,Naresh Rao,1989-08-18,M,8,0,2013-02-28
793,1,6,4,1,KA3215051,Dinesh Murthy,1983-11-14,M,8,0,2008-03-10
794,1,6,4,1,KA2056117,Srinivas Bhat,1983-12-11,M,1,0,2006-12-27
795,25,166,3,1,KA6751103,Venkatesh Pillai,1981-12-14,M,6,0,2006-03-31
796,11,114,3,1,KA3213824,Manjunath Pillai,1976-06-23,M,5,0,2000-03-01
797,9,96,2,1,KA3488704,Girish Kumar,1984-02-05,M,6,0,2010-05-25
798,3,42,7,1,KA4058159,Naresh Swamy,1973-01-03,M,3,0,1996-08-04
799,1,30,1,2,KA8396883,Ramesh Reddy,1995-03-05,M,5,0,2018-12-07
800,1,9,4,1,KA6768795,Dinesh Murthy,1967-03-02,M,3,0,1990-12-05
801,6,78,3,1,KA7787429,Shivaraj Reddy,1991-07-28,M,8,0,2013-09-11
802,3,40,2,3,KA5958621,Srinivas Sharma,1996-10-29,M,8,0,2022-12-14
803,2,38,4,1,KA8417300,Shobha Swamy,1971-09-01,F,6,0,1997-09-26
804,2,36,1,3,KA1416001,Basavaraj Sharma,1972-04-22,M,7,0,1994-12-12
805,1,24,2,2,KA9832094,Venkatesh Shetty,1982-05-19,M,4,0,2004-09-02
806,1,22,1,4,KA2465941,Girish Kumar,1972-11-13,M,7,0,1999-08-13
807,15,131,3,1,KA7057663,Santosh Swamy,1994-07-04,M,7,0,2020-03-24
808,9,96,2,3,KA6894759,Kumar Patil,1996-06-22,M,5,0,2020-01-20
809,4,56,1,4,KA8423991,Asha Murthy,1977-02-03,F,5,0,2003-03-27
810,10,107,7,1,KA2444148,Kumar Bhat,1990-10-05,M,3,0,2017-06-06
811,7,86,3,1,KA7304414,Basavaraj Pillai,1994-01-20,M,2,0,2019-05-08
812,18,143,1,2,KA4342987,Girish Hegde,1976-04-16,M,3,0,2002-04-04
813,1,11,2,3,KA9289630,Harish Murthy,1983-06-23,M,8,0,2010-02-20
814,6,77,1,4,KA3083343,Rajesh Reddy,1968-04-15,M,5,0,1994-12-13
815,25,166,4,1,KA3002438,Basavaraj Sharma,1986-01-16,M,5,0,2008-03-09
816,8,93,4,1,KA8316015,Mahesh Swamy,1970-12-15,M,5,0,1995-08-20
817,1,31,6,1,KA1294357,Basavaraj Bhat,1980-04-12,M,5,0,2005-02-19
818,12,119,2,2,KA1887318,Suresh Reddy,1990-12-11,M,5,0,2014-12-06
819,6,75,1,1,KA9621249,Prakash Naik,1973-04-06,M,4,0,1998-10-30
820,21,154,1,3,KA6305130,Naresh Nair,1989-07-10,M,5,0,2014-07-22
821,20,149,3,1,KA3411179,Prakash Gowda,1981-03-31,M,1,0,2007-11-06
822,14,125,5,1,KA3735175,Harish Patil,1978-07-16,M,2,0,2002-06-06
823,3,49,6,1,KA9818990,Manjunath Kumar,1971-12-17,M,2,0,1997-05-20
824,2,34,6,1,KA6841992,Mahesh Gowda,1996-03-29,M,5,0,2020-11-30
825,21,153,2,3,KA3889156,Ramesh Pillai,1973-07-22,M,5,0,1999-10-27
826,29,178,1,2,KA6157791,Ganesh Kumar,1990-08-20,M,3,0,2016-06-23
827,1,29,4,1,KA9124448,Mahesh Hegde,1993-07-14,M,7,0,2015-08-16
828,26,169,5,1,KA1994305,Ganesh Naik,1973-12-27,M,8,0,1999-04-19
829,6,78,1,1,KA3076911,Girish Naik,1967-01-28,M,4,0,1989-02-12
830,8,90,4,1,KA3442040,Dinesh Reddy,1995-09-16,M,5,0,2018-03-14
831,14,129,1,1,KA2662717,Rekha Patil,1969-07-11,F,1,0,1992-11-12
832,17,138,1,1,KA4590582,Dinesh Rao,1996-10-29,M,8,0,2022-11-17
833,28,173,2,3,KA7368883,Praveen Reddy,1992-03-16,M,7,0,2015-03-16
834,7,81,1,1,KA9719581,Venkatesh Hegde,1991-06-23,M,3,0,2016-01-27
835,18,143,1,3,KA9283126,Prakash Bhat,1995-03-14,M,2,0,2017-08-23
836,7,80,4,1,KA7833061,Srinivas Swamy,1977-02-08,M,5,0,2000-05-10
837,1,18,6,1,KA7164643,Usha Kumar,1975-09-07,F,3,0,2001-06-22
838,10,102,1,1,KA3000143,Basavaraj Raju,1977-05-15,M,3,0,2002-04-14
839,3,44,4,1,KA4340115,Praveen Gowda,1994-02-12,M,6,0,2018-02-20
840,11,109,1,3,KA7714837,Ravi Gowda,1974-08-19,M,6,0,1998-03-06
841,15,131,2,4,KA2812554,Naveen Hegde,1984-07-05,M,2,0,2007-04-27
842,2,35,4,1,KA1886716,Basavaraj Kumar,1995-09-09,M,2,0,2018-03-25
843,22,155,2,3,KA2616210,Rajesh Reddy,1982-05-10,M,2,0,2005-03-12
844,13,120,2,4,KA9225036,Manjunath Nair,1987-12-18,M,5,0,2011-08-05
845,1,9,1,1,KA7436241,Shivaraj Murthy,1977-09-18,M,8,0,2004-08-19
846,1,10,2,3,KA3753883,Ravi Shetty,1995-07-19,M,8,0,2018-07-10
847,14,125,2,4,KA8882244,Harish Bhat,1992-02-11,M,8,0,2017-04-15
848,10,101,1,4,KA6918393,Naresh Murthy,1985-03-16,M,5,0,2009-12-18
849,2,33,1,1,KA6725334,Rajesh Swamy,1980-08-01,M,7,0,2004-07-10
850,8,90,2,2,KA5154272,Prakash Patil,1994-06-28,M,4,0,2020-03-07
851,29,177,7,1,KA6115582,Praveen Gowda,1994-01-30,M,2,0,2020-12-08
852,1,10,2,4,KA9636236,Rajesh Murthy,1976-05-06,M,7,0,2002-01-07
853,7,82,1,4,KA6409332,Basavaraj Swamy,1980-01-29,M,2,0,2005-04-05
854,4,53,4,1,KA9435056,Ganesh Bhat,1981-12-13,M,6,0,2006-09-20
855,4,52,2,1,KA9989803,Harish Patil,1974-09-23,M,4,0,2000-04-10
856,10,103,3,1,KA2542796,Suresh Rao,1986-11-21,M,2,0,2012-05-17
857,16,136,3,1,KA4518839,Girish Gowda,1975-09-14,M,6,0,2000-01-30
858,6,77,5,1,KA6257190,Harish Murthy,1977-08-08,M,4,0,2003-04-22
859,12,117,3,1,KA1312111,Girish Swamy,1972-06-16,M,3,0,1995-06-15
860,13,120,6,1,KA9937547,Dinesh Raju,1985-01-01,M,7,0,2010-07-25
861,15,134,1,4,KA3478727,Vinitha Raju,1988-01-08,F,4,0,2012-01-18
862,10,106,2,1,KA4415137,Harish Pillai,1982-09-23,M,7,0,2009-07-14
863,5,66,1,4,KA5001087,Harish Raju,1970-01-19,M,2,0,1993-05-11
864,7,80,5,1,KA8317096,Rajesh Kumar,1976-03-14,M,7,0,2000-11-27
865,5,70,1,3,KA5660240,Suresh Kumar,1990-11-25,M,3,0,2013-01-17
866,1,6,2,1,KA6266448,Suresh Bhat,1994-07-16,M,5,0,2021-05-05
867,27,172,2,1,KA7658793,Kumar Sharma,1967-07-13,M,3,0,1994-06-24
868,1,31,3,1,KA9812402,Praveen Bhat,1973-08-10,M,5,0,1999-04-26
869,1,32,3,1,KA7542286,Mahesh Kumar,1982-12-18,M,4,0,2006-10-17
870,3,45,1,4,KA7851404,Lakshmi Reddy,1987-06-02,F,5,0,2010-12-10
871,9,96,3,1,KA8109870,Suresh Shetty,1991-12-15,M,8,0,2015-09-18
872,2,38,5,1,KA7169641,Girish Sharma,1980-09-26,M,5,0,2005-05-21
873,27,170,6,1,KA5021093,Naveen Naik,1994-07-27,M,5,0,2020-06-04
874,8,93,4,1,KA4965830,Harish Raju,1991-07-19,M,8,0,2016-07-12
875,5,66,7,1,KA4950370,Ravi Sharma,1983-07-11,M,5,0,2006-01-05
876,24,162,2,4,KA1568440,Naresh Sharma,1982-10-17,M,5,0,2009-09-16
877,10,106,4,1,KA8086125,Basavaraj Shetty,1982-02-04,M,2,0,2008-02-07
878,8,91,1,3,KA8604470,Girish Murthy,1978-02-21,M,1,0,2003-07-03
879,25,165,2,4,KA4356706,Naresh Raju,1990-12-01,M,5,0,2012-12-01
880,5,64,1,2,KA7883963,Mahesh Gowda,1973-11-09,M,6,0,1999-11-04
881,29,176,1,3,KA5727774,Ramesh Rao,1970-06-02,M,4,0,1997-01-14
882,9,97,2,1,KA1385374,Prakash Reddy,1971-06-08,M,4,0,1994-09-04
883,30,180,1,4,KA8195804,Meena Kumar,1989-06-14,F,5,0,2011-09-18
884,1,31,3,1,KA9822092,Prakash Reddy,1996-05-21,M,7,0,2022-05-26
885,14,127,4,1,KA4408213,Srinivas Pillai,1991-09-15,M,4,0,2014-12-12
886,6,74,1,2,KA8236157,Asha Nair,1974-11-08,F,4,0,1998-12-24
887,3,49,4,1,KA7853897,Harish Bhat,1978-04-04,M,3,0,2001-04-02
888,12,116,3,1,KA8686718,Girish Kumar,1985-11-18,M,2,0,2009-12-09
889,29,178,2,2,KA7433986,Ramesh Pillai,1979-03-10,M,7,0,2005-01-08
890,18,143,1,3,KA4939985,Girish Gowda,1994-05-21,M,8,0,2016-08-29
891,21,154,5,1,KA5255656,Mamatha Raju,1994-12-24,F,7,0,2016-12-28
892,2,34,2,2,KA5366969,Ravi Raju,1971-12-03,M,3,0,1994-02-19
893,2,34,2,4,KA3378937,Santosh Sharma,1992-12-31,M,5,0,2016-10-05
894,6,72,2,3,KA5416038,Suresh Reddy,1980-11-05,M,5,0,2005-03-29
895,7,81,1,2,KA8381800,Kumar Sharma,1974-12-25,M,1,0,2001-04-01
896,1,10,1,2,KA8837188,Suresh Kumar,1975-12-05,M,7,0,1999-05-15
897,8,92,2,4,KA9270975,Basavaraj Naik,1971-11-11,M,2,0,1996-07-25
898,1,24,2,3,KA4030887,Ramesh Gowda,1987-11-19,M,3,0,2014-09-26
899,27,170,7,1,KA1069218,Girish Swamy,1970-10-01,M,3,0,1993-12-03
900,14,128,5,1,KA6513962,Mahesh Kumar,1992-10-15,M,1,0,2019-10-01
901,21,152,2,3,KA3579924,Ganesh Hegde,1992-04-06,M,1,0,2018-12-10
902,5,69,4,1,KA1097397,Basavaraj Shetty,1970-05-14,M,6,0,1996-01-15
903,7,84,2,2,KA1816752,Pushpa Swamy,1971-06-28,F,5,0,1994-03-13
904,18,141,1,1,KA7691735,Suresh Bhat,1970-01-02,M,5,0,1994-02-16
905,4,54,1,4,KA5780430,Ravi Gowda,1989-09-17,M,3,0,2013-11-15
906,7,80,2,3,KA2612483,Basavaraj Nair,1969-12-13,M,6,0,1992-09-01
907,9,100,7,1,KA8097946,Basavaraj Shetty,1975-08-26,M,2,0,1999-02-20
908,11,112,1,1,KA1678438,Prakash Swamy,1968-09-23,M,6,0,1993-02-06
909,29,176,4,1,KA9846268,Pushpa Kumar,1990-01-24,F,2,0,2014-10-29
910,13,123,7,1,KA3143956,Kumar Gowda,1983-07-19,M,5,0,2006-05-13
911,19,146,1,1,KA1756566,Manjunath Hegde,1994-11-18,M,2,0,2019-12-15
912,27,170,2,3,KA6963589,Kumar Gowda,1971-07-10,M,5,0,1998-01-23
913,27,170,1,2,KA7592730,Manjunath Naik,1976-04-04,M,1,0,1999-04-01
914,12,117,3,1,KA5447210,Harish Patil,1976-11-02,M,6,0,2002-04-27
915,4,55,1,3,KA2783932,Asha Nair,1988-09-19,F,7,0,2011-02-21
916,1,4,1,4,KA8720254,Rajesh Hegde,1989-04-26,M,7,0,2014-12-24
917,6,78,2,3,KA7626953,Naveen Bhat,1969-04-11,M,5,0,1995-10-27
918,1,29,1,2,KA1449886,Ramesh Naik,1996-04-22,M,4,0,2022-03-12
919,11,112,1,2,KA2444410,Ramesh Raju,1968-12-08,M,5,0,1995-09-25
920,1,6,2,2,KA8470322,Ramesh Shetty,1991-10-18,M,8,0,2014-09-17
921,4,52,1,4,KA1854332,Srinivas Swamy,1983-10-18,M,6,0,2008-12-21
922,14,127,6,1,KA5878387,Kumar Hegde,1971-01-24,M,1,0,1996-05-22
923,22,157,3,1,KA2018455,Basavaraj Murthy,1975-02-19,M,1,0,1998-06-02
924,5,69,1,4,KA2961940,Santosh Murthy,1967-12-10,M,8,0,1992-04-06
925,11,112,4,1,KA5832019,Prakash Shetty,1996-02-02,M,4,0,2018-12-23
926,4,57,3,1,KA6690043,Srinivas Kumar,1970-08-29,M,8,0,1996-06-25
927,9,100,4,1,KA7044085,Harish Bhat,1978-04-28,M,8,0,2004-12-23
928,6,73,1,4,KA3165880,Naresh Swamy,1993-02-25,M,3,0,2018-11-17
929,10,107,1,2,KA4513701,Naveen Shetty,1974-11-15,M,1,0,1998-07-23
930,8,92,1,1,KA2068131,Rekha Sharma,1989-11-27,F,6,0,2012-11-13
931,19,144,1,3,KA6709692,Naveen Kumar,1986-12-20,M,6,0,2011-09-06
932,2,39,7,1,KA2747213,Shivaraj Rao,1973-11-25,M,1,0,1999-04-10
933,1,29,2,1,KA1704130,Meena Nair,1992-04-09,F,2,0,2018-08-21
934,8,93,1,3,KA8407441,Ganesh Pillai,1989-12-23,M,8,0,2016-01-17
935,9,94,4,1,KA3311438,Ganesh Reddy,1982-01-04,M,2,0,2008-08-02
936,1,2,5,1,KA8946752,Srinivas Hegde,1986-01-06,M,6,0,2012-09-05
937,9,96,1,2,KA3543614,Naresh Gowda,1978-05-28,M,7,0,2002-05-30
938,10,106,2,3,KA1499339,Ramesh Nair,1978-08-29,M,8,0,2003-03-20
939,15,133,5,1,KA6675793,Rajesh Bhat,1993-11-24,M,6,0,2016-05-10
940,10,101,1,2,KA1969887,Naresh Hegde,1995-05-11,M,5,0,2021-01-16
941,7,81,1,3,KA9854875,Shivaraj Pillai,1981-08-01,M,3,0,2003-08-12
942,17,140,1,4,KA6792344,Srinivas Raju,1969-01-05,M,7,0,1995-06-02
943,17,138,1,2,KA9732032,Harish Gowda,1982-01-06,M,5,0,2006-03-09
944,15,134,1,2,KA1392951,Manjunath Murthy,1981-09-26,M,1,0,2007-12-19
945,5,62,1,4,KA9477100,Geetha Swamy,1983-05-22,F,2,0,2009-06-11
946,15,130,4,1,KA1800824,Prakash Rao,1981-02-13,M,2,0,2003-10-19
947,12,117,1,2,KA6877681,Praveen Bhat,1981-10-25,M,5,0,2005-02-14
948,31,183,1,2,KA2765414,Praveen Raju,1980-01-30,M,6,0,2004-12-23
949,8,93,5,1,KA3458755,Dinesh Pillai,1976-08-22,M,7,0,1999-03-05
950,11,109,1,2,KA8485391,Mahesh Gowda,1991-03-10,M,2,0,2015-11-04
951,19,144,3,1,KA7623350,Manjunath Hegde,1973-09-28,M,5,0,2000-02-04
952,14,126,4,1,KA3732048,Kumar Shetty,1978-04-27,M,3,0,2004-12-03
953,2,34,2,1,KA4567549,Basavaraj Bhat,1973-12-31,M,8,0,2000-10-27
954,1,31,2,4,KA2851133,Naresh Murthy,1970-01-13,M,2,0,1996-10-18
955,3,40,3,1,KA6115785,Harish Naik,1991-09-27,M,6,0,2015-10-21
956,2,37,5,1,KA8075907,Basavaraj Naik,1990-08-24,M,1,0,2017-01-09
957,4,56,1,4,KA1034993,Savitha Sharma,1988-10-22,F,2,0,2015-05-21
958,10,107,1,3,KA8589583,Mahesh Pillai,1975-06-09,M,6,0,2000-08-19
959,22,156,4,1,KA3324018,Basavaraj Pillai,1991-01-24,M,8,0,2017-04-27
960,7,84,6,1,KA7872422,Srinivas Reddy,1993-01-05,M,7,0,2019-06-26
961,1,12,3,1,KA5653581,Ravi Patil,1977-02-22,M,2,0,2003-04-04
962,31,182,4,1,KA3076710,Rajesh Swamy,1983-03-02,M,2,0,2008-04-18
963,1,14,3,1,KA4177535,Naveen Murthy,1971-06-11,M,8,0,1996-05-08
964,16,137,4,1,KA5613105,Rajesh Gowda,1988-12-16,M,4,0,2011-01-18
965,16,137,1,4,KA1754700,Praveen Shetty,1969-10-19,M,8,0,1993-07-31
966,3,47,2,3,KA7409080,Rajesh Patil,1978-05-29,M,5,0,2000-07-11
967,6,74,1,3,KA2503717,Ganesh Murthy,1990-07-24,M,3,0,2013-07-27
968,1,16,1,2,KA1455856,Kumar Raju,1969-06-16,M,1,0,1993-04-07
969,10,106,1,4,KA3029477,Ganesh Patil,1982-06-24,M,1,0,2005-11-28
970,14,127,1,4,KA2930745,Naveen Swamy,1974-03-16,M,5,0,2000-05-28
971,1,17,2,4,KA4921514,Srinivas Murthy,1975-04-21,M,1,0,1997-06-13
972,5,64,1,2,KA6110555,Praveen Raju,1972-02-20,M,7,0,1997-10-10
973,2,37,5,1,KA3821731,Manjunath Kumar,1980-04-10,M,4,0,2005-04-15
974,12,116,3,1,KA8795567,Kumar Sharma,1995-02-23,M,5,0,2017-02-19
975,13,124,1,3,KA7377917,Naresh Naik,1984-10-05,M,6,0,2010-02-05
976,15,131,6,1,KA3708116,Dinesh Swamy,1984-05-26,M,2,0,2006-08-22
977,2,36,1,4,KA4537478,Ravi Bhat,1972-01-22,M,6,0,1995-08-11
978,31,182,1,2,KA6396194,Rekha Raju,1976-09-17,F,6,0,2000-03-24
979,29,178,1,1,KA8994829,Naveen Patil,1991-01-09,M,1,0,2016-08-18
980,18,143,2,4,KA2361450,Pushpa Reddy,1975-02-01,F,2,0,2001-05-06
981,8,91,1,3,KA7488605,Srinivas Raju,1980-02-20,M,3,0,2006-10-05
982,9,95,2,1,KA4716501,Rajesh Gowda,1988-05-13,M,1,0,2012-11-03
983,23,158,1,2,KA4930196,Prakash Kumar,1968-12-22,M,8,0,1992-08-28
984,30,181,2,1,KA4289790,Anitha Rao,1969-11-01,F,7,0,1992-12-28
985,14,127,3,1,KA4250925,Girish Swamy,1989-05-16,M,3,0,2014-06-14
986,2,33,1,2,KA9775825,Ramesh Bhat,1985-05-17,M,5,0,2010-07-22
987,16,137,4,1,KA8615616,Rajesh Bhat,1969-06-16,M,1,0,1992-11-09
988,1,14,4,1,KA7826244,Pushpa Raju,1982-07-13,F,5,0,2006-12-09
989,8,93,2,1,KA4767293,Manjunath Shetty,1973-10-26,M,1,0,2000-01-22
990,7,81,2,2,KA6615431,Kumar Murthy,1996-10-15,M,2,0,2020-12-20
991,4,58,4,1,KA5194038,Shobha Naik,1978-01-04,F,4,0,2000-05-30
992,24,161,4,1,KA9052500,Harish Gowda,1992-09-06,M,7,0,2014-10-28
993,7,86,4,1,KA2809265,Praveen Nair,1985-10-15,M,8,0,2009-02-27
994,7,86,1,2,KA2223240,Santosh Pillai,1973-09-16,M,8,0,2000-02-23
995,1,22,1,4,KA6255956,Srinivas Swamy,1994-04-19,M,2,0,2016-06-20
996,11,114,5,1,KA8245056,Suresh Sharma,1994-07-25,M,2,0,2018-03-28
997,6,76,1,1,KA7897247,Suresh Murthy,1979-11-29,M,4,0,2004-02-23
998,9,99,2,4,KA2699161,Naveen Naik,1976-03-13,M,6,0,2002-08-22
999,7,85,3,1,KA2812049,Rajesh Shetty,1970-08-27,M,2,0,1993-09-19
1000,3,50,5,1,KA9537891,Mahesh Swamy,1971-04-23,M,5,0,1993-12-31
1001,11,114,3,1,KA3309764,Basavaraj Bhat,1988-09-05,M,1,0,2012-01-10
1002,15,132,2,3,KA6220872,Harish Swamy,1967-10-15,M,3,0,1993-12-31
1003,6,75,2,2,KA1961630,Harish Swamy,1980-06-23,M,4,0,2002-07-04
1004,11,109,1,2,KA4376603,Shivaraj Pillai,1981-08-06,M,2,0,2004-09-04
1005,13,120,4,1,KA6555698,Basavaraj Bhat,1970-02-12,M,6,0,1995-12-26
1006,1,27,1,1,KA9320336,Kumar Patil,1976-08-22,M,4,0,2003-07-16
1007,4,59,4,1,KA4575870,Pushpa Kumar,1976-02-04,F,4,0,2001-07-29
1008,9,97,4,1,KA4091109,Santosh Nair,1987-10-24,M,1,0,2012-01-15
1009,18,143,1,3,KA8388822,Mahesh Patil,1991-11-08,M,4,0,2014-08-20
1010,3,51,1,2,KA4673288,Prakash Naik,1988-02-23,M,5,0,2011-09-21
1011,5,63,3,1,KA1360576,Santosh Pillai,1989-01-04,M,3,0,2012-02-04
1012,28,174,6,1,KA2861751,Ganesh Naik,1990-11-12,M,6,0,2014-12-22
1013,9,95,1,2,KA9840363,Savitha Shetty,1980-04-26,F,7,0,2006-01-03
1014,2,34,1,4,KA7278962,Mahesh Gowda,1988-07-06,M,6,0,2011-07-28
1015,23,158,1,3,KA3492539,Venkatesh Sharma,1970-09-04,M,6,0,1993-09-20
1016,15,131,1,4,KA4510423,Girish Pillai,1970-10-27,M,2,0,1997-10-09
1017,15,131,1,3,KA9364914,Naveen Gowda,1979-08-12,M,8,0,2005-10-22
1018,13,124,4,1,KA5501921,Prakash Murthy,1974-10-29,M,7,0,1999-06-20
1019,4,54,1,4,KA4932320,Praveen Raju,1987-03-05,M,7,0,2010-04-18
1020,20,147,2,3,KA5270292,Kumar Sharma,1989-12-20,M,2,0,2016-09-04
1021,15,133,2,1,KA8805651,Mahesh Rao,1981-04-01,M,6,0,2004-07-10
1022,9,95,2,3,KA7415119,Srinivas Hegde,1974-09-14,M,1,0,1998-06-19
1023,1,20,4,1,KA5941189,Venkatesh Rao,1980-11-29,M,2,0,2003-05-11
1024,1,19,1,2,KA6599527,Venkatesh Gowda,1980-11-10,M,4,0,2003-01-22
1025,28,175,4,1,KA3312992,Girish Rao,1984-09-16,M,5,0,2007-10-06
1026,8,89,6,1,KA1199493,Harish Rao,1978-11-27,M,8,0,2003-03-01
1027,4,59,2,2,KA8959753,Ramesh Pillai,1986-11-04,M,4,0,2012-11-18
1028,12,119,2,1,KA6252524,Shivaraj Nair,1981-09-27,M,4,0,2008-02-29
1029,12,116,2,3,KA3331197,Kumar Kumar,1971-12-21,M,3,0,1994-02-14
1030,26,169,5,1,KA4783105,Rajesh Shetty,1981-02-10,M,7,0,2004-12-31
1031,29,177,5,1,KA6470706,Ravi Nair,1972-11-26,M,1,0,1996-07-26
1032,3,40,1,4,KA7397463,Suresh Sharma,1982-03-17,M,4,0,2007-05-18
1033,3,49,2,3,KA8575505,Suma Murthy,1975-09-22,F,5,0,1998-04-26
1034,3,46,3,1,KA9197571,Ganesh Raju,1995-08-01,M,1,0,2022-03-14
1035,6,73,2,3,KA9797899,Mahesh Sharma,1987-10-14,M,2,0,2011-01-28
1036,3,44,1,4,KA7561657,Prakash Murthy,1982-05-13,M,3,0,2009-03-02
1037,13,123,2,2,KA3179901,Kavitha Murthy,1993-12-08,F,4,0,2018-02-06
1038,20,148,3,1,KA4405319,Basavaraj Reddy,1983-02-06,M,8,0,2008-05-18
1039,1,17,2,2,KA9822408,Rajesh Reddy,1979-02-10,M,6,0,2004-06-26
1040,20,148,2,1,KA5830358,Meena Shetty,1995-04-08,F,8,0,2021-05-20
1041,3,45,3,1,KA4012820,Harish Hegde,1978-05-27,M,7,0,2001-10-13
1042,1,25,3,1,KA1732568,Naresh Bhat,1979-05-15,M,4,0,2005-04-08
1043,24,161,7,1,KA2119776,Kavitha Rao,1972-11-24,F,4,0,1996-07-08
1044,1,32,3,1,KA2765375,Usha Nair,1980-06-24,F,6,0,2002-11-22
1045,15,130,1,1,KA2228016,Naresh Rao,1995-01-07,M,8,0,2019-08-05
1046,10,102,1,3,KA2924056,Ravi Pillai,1995-04-30,M,3,0,2017-05-15
1047,1,18,2,2,KA8343784,Srinivas Shetty,1993-04-26,M,3,0,2018-05-18
1048,3,44,1,1,KA3973536,Girish Pillai,1996-03-18,M,5,0,2021-08-07
1049,27,172,1,3,KA3575243,Ravi Reddy,1996-07-08,M,8,0,2022-04-20
1050,28,173,1,4,KA1801213,Dinesh Bhat,1973-02-21,M,2,0,1996-05-03
1051,21,154,1,4,KA4384602,Harish Shetty,1996-10-23,M,4,0,2019-01-25
1052,1,5,1,1,KA6655878,Venkatesh Kumar,1978-02-08,M,4,0,2000-03-31
1053,1,25,7,1,KA3802587,Mahesh Kumar,1967-03-26,M,1,0,1990-02-26
1054,7,83,2,2,KA4474885,Ganesh Pillai,1971-10-23,M,7,0,1997-04-22
1055,1,28,1,2,KA1251567,Suma Kumar,1981-01-09,F,7,0,2004-10-27
1056,12,118,1,3,KA7190456,Rajesh Hegde,1987-02-23,M,1,0,2009-07-02
1057,21,154,1,2,KA5226854,Dinesh Hegde,1974-08-11,M,2,0,1997-03-01
1058,29,178,7,1,KA3941566,Ravi Raju,1991-01-22,M,6,0,2014-11-27
1059,7,86,1,4,KA7415127,Pushpa Shetty,1996-03-24,F,4,0,2021-08-16
1060,23,158,1,2,KA8189001,Rajesh Kumar,1991-06-16,M,4,0,2015-03-04
1061,14,128,2,2,KA7304004,Suresh Reddy,1983-09-19,M,4,0,2006-10-31
1062,21,154,4,1,KA6514500,Venkatesh Sharma,1977-02-11,M,3,0,2003-03-30
1063,10,107,5,1,KA5839473,Suresh Murthy,1967-12-14,M,1,0,1994-06-29
1064,4,53,1,2,KA4731991,Santosh Patil,1972-10-29,M,7,0,1995-02-11
1065,1,2,4,1,KA9248388,Naresh Shetty,1994-02-14,M,2,0,2020-12-25
1066,4,53,1,2,KA4428815,Anitha Raju,1991-05-22,F,4,0,2013-11-19
1067,7,80,2,2,KA5109158,Kumar Bhat,1989-08-28,M,7,0,2015-09-08
1068,20,148,1,2,KA5561067,Venkatesh Rao,1976-11-29,M,8,0,2002-06-17
1069,3,43,2,4,KA9477402,Prakash Hegde,1975-11-27,M,7,0,2000-05-12
1070,9,98,5,1,KA2396415,Basavaraj Naik,1977-11-06,M,5,0,2004-08-15
1071,3,45,4,1,KA8778776,Ramesh Murthy,1985-06-24,M,5,0,2009-08-06
1072,13,124,3,1,KA3292713,Ravi Murthy,1993-10-17,M,8,0,2017-08-24
1073,14,129,1,4,KA7976304,Dinesh Naik,1980-03-26,M,7,0,2004-12-21
1074,6,79,2,1,KA7858317,Rekha Hegde,1968-04-07,F,1,0,1993-07-19
1075,19,145,7,1,KA8319864,Suma Hegde,1989-09-26,F,5,0,2012-10-22
1076,14,126,4,1,KA7177044,Prakash Murthy,1968-07-15,M,1,0,1994-05-20
1077,5,63,1,3,KA1474058,Kumar Bhat,1975-08-04,M,3,0,1997-10-07
1078,5,66,1,2,KA1206987,Srinivas Raju,1985-12-03,M,2,0,2011-04-14
1079,20,151,4,1,KA4167928,Ravi Hegde,1993-06-01,M,7,0,2018-04-22
1080,6,78,4,1,KA7422127,Kumar Rao,1974-07-25,M,5,0,1999-07-15
1081,20,147,4,1,KA3394334,Mahesh Gowda,1981-07-28,M,5,0,2008-02-14
1082,1,2,1,4,KA1026484,Ravi Bhat,1989-06-19,M,2,0,2016-01-10
1083,26,168,2,4,KA3862767,Kumar Murthy,1984-02-01,M,3,0,2010-03-07
1084,3,47,2,4,KA4566389,Ramesh Kumar,1974-06-23,M,3,0,1997-01-28
1085,3,50,5,1,KA7858398,Naresh Nair,1985-05-21,M,8,0,2012-04-04
1086,24,163,6,1,KA5917831,Naveen Gowda,1989-07-27,M,2,0,2012-01-01
1087,1,8,2,4,KA9140210,Girish Gowda,1970-10-01,M,2,0,1994-01-18
1088,27,171,1,1,KA2624736,Girish Nair,1970-11-23,M,4,0,1997-04-21
1089,15,134,3,1,KA8939511,Rajesh Hegde,1985-02-04,M,6,0,2009-10-21
1090,8,88,4,1,KA5019771,Santosh Patil,1982-11-18,M,6,0,2009-06-11
1091,8,92,1,1,KA1051752,Ravi Swamy,1982-03-17,M,8,0,2008-09-17
1092,2,36,6,1,KA3061828,Ravi Bhat,1995-11-14,M,5,0,2021-03-24
1093,9,95,1,4,KA9638823,Shobha Pillai,1976-09-30,F,7,0,2002-03-14
1094,7,83,6,1,KA7043247,Rajesh Raju,1996-04-10,M,1,0,2021-10-23
1095,11,114,4,1,KA9129167,Vinitha Patil,1986-07-18,F,7,0,2011-12-06
1096,13,122,2,1,KA7456854,Mahesh Patil,1967-06-28,M,5,0,1994-04-12
1097,20,147,3,1,KA3145157,Ramesh Pillai,1974-05-21,M,8,0,1996-07-19
1098,18,141,4,1,KA8487448,Harish Pillai,1976-01-30,M,2,0,1999-01-03
1099,4,55,1,1,KA2769487,Shivaraj Kumar,1989-05-17,M,7,0,2015-08-01
1100,7,84,7,1,KA5703624,Anitha Reddy,1979-10-26,F,4,0,2006-02-05
1101,1,32,4,1,KA9968148,Basavaraj Sharma,1967-03-03,M,8,0,1989-11-30
1102,20,148,1,3,KA7325183,Santosh Pillai,1970-01-28,M,7,0,1992-06-03
1103,4,60,2,1,KA5881775,Shivaraj Pillai,1986-12-29,M,2,0,2010-06-06
1104,3,49,3,1,KA7169603,Santosh Bhat,1991-10-24,M,3,0,2017-01-03
1105,1,1,4,1,KA9985927,Ravi Swamy,1983-01-29,M,4,0,2005-05-29
1106,9,94,5,1,KA4726916,Kumar Patil,1991-05-10,M,2,0,2016-04-02
1107,7,81,2,3,KA4672603,Shivaraj Pillai,1990-07-13,M,8,0,2017-02-02
1108,2,38,1,1,KA6371047,Ramesh Swamy,1967-03-05,M,5,0,1993-12-02
1109,30,181,6,1,KA4618930,Ganesh Rao,1971-04-11,M,8,0,1995-12-10
1110,7,86,5,1,KA4533501,Ravi Naik,1990-03-04,M,4,0,2016-10-18
1111,3,46,6,1,KA7573445,Suresh Sharma,1975-02-25,M,5,0,2001-03-19
1112,3,41,6,1,KA7581459,Pushpa Sharma,1996-01-20,F,6,0,2021-02-09
1113,10,101,5,1,KA9855760,Basavaraj Patil,1979-06-24,M,5,0,2001-11-12
1114,18,141,6,1,KA3196149,Dinesh Bhat,1979-05-11,M,6,0,2001-11-20
1115,1,14,5,1,KA3746337,Praveen Pillai,1983-05-20,M,3,0,2007-12-07
1116,2,38,7,1,KA4282547,Basavaraj Rao,1987-08-12,M,1,0,2010-10-26
1117,2,38,4,1,KA3822312,Praveen Gowda,1980-02-17,M,1,0,2004-07-04
1118,1,31,1,3,KA8278315,Basavaraj Reddy,1973-11-25,M,3,0,1999-07-13
1119,1,31,1,4,KA6078288,Ravi Kumar,1986-03-20,M,3,0,2010-06-04
1120,27,172,4,1,KA8779155,Ravi Nair,1967-06-25,M,7,0,1989-12-19
1121,1,31,1,1,KA9207723,Srinivas Patil,1991-10-16,M,4,0,2014-03-28
1122,6,71,2,2,KA7441777,Praveen Swamy,1992-10-11,M,8,0,2019-03-20
1123,20,147,1,3,KA2065324,Vinitha Hegde,1991-05-28,F,3,0,2013-12-11
1124,17,138,3,1,KA2072595,Rajesh Hegde,1973-03-30,M,2,0,1997-12-19
1125,1,31,7,1,KA4018851,Dinesh Raju,1988-11-30,M,1,0,2015-09-25
1126,2,33,1,2,KA2473390,Santosh Gowda,1971-03-23,M,5,0,1994-05-13
1127,15,130,1,2,KA8097623,Suresh Gowda,1983-08-18,M,1,0,2007-08-26
1128,6,76,7,1,KA8464523,Suresh Murthy,1967-06-15,M,3,0,1992-06-06
1129,8,91,7,1,KA9566284,Santosh Murthy,1969-10-30,M,4,0,1994-10-31
1130,3,49,1,2,KA3251636,Suresh Kumar,1990-08-31,M,4,0,2014-04-30
1131,23,160,4,1,KA5277642,Girish Reddy,1978-02-02,M,5,0,2000-06-28
1132,1,22,2,4,KA3403234,Naresh Hegde,1985-08-14,M,4,0,2011-05-25
1133,25,166,4,1,KA7243511,Girish Raju,1988-05-18,M,3,0,2014-05-15
1134,11,112,5,1,KA5152322,Ramesh Patil,1980-01-09,M,2,0,2002-02-25
1135,18,141,4,1,KA6525702,Shivaraj Gowda,1978-10-10,M,2,0,2001-02-16
1136,2,38,1,1,KA2643275,Santosh Nair,1986-11-23,M,7,0,2010-05-31
1137,1,32,1,3,KA9214437,Lakshmi Hegde,1989-02-19,F,2,0,2014-01-27
1138,18,142,1,1,KA1804690,Praveen Pillai,1984-11-11,M,3,0,2010-04-03
1139,28,174,2,4,KA9000414,Ravi Reddy,1973-03-03,M,3,0,1998-03-31
1140,26,169,1,4,KA5485722,Manjunath Bhat,1991-05-09,M,1,0,2014-02-19
1141,5,64,4,1,KA8680384,Pushpa Patil,1969-09-19,F,3,0,1994-01-17
1142,14,129,2,4,KA9734129,Prakash Nair,1984-02-26,M,4,0,2007-09-07
1143,7,81,2,1,KA2286698,Mahesh Rao,1992-12-23,M,4,0,2018-07-09
1144,1,22,1,4,KA1179426,Kavitha Swamy,1984-03-13,F,7,0,2009-04-15
1145,15,132,2,1,KA7802682,Ramesh Shetty,1973-02-20,M,1,0,1999-01-14
1146,30,180,2,3,KA5097436,Rajesh Bhat,1973-01-19,M,1,0,1999-03-29
1147,16,135,7,1,KA2260344,Naresh Raju,1986-12-04,M,6,0,2009-11-21
1148,11,109,1,2,KA7262661,Manjunath Patil,1974-10-17,M,2,0,1998-11-26
1149,1,31,3,1,KA9105487,Venkatesh Pillai,1984-01-04,M,5,0,2007-09-02
1150,19,146,4,1,KA6114027,Rajesh Bhat,1979-05-13,M,1,0,2002-07-26
1151,1,15,2,4,KA6512184,Mamatha Pillai,1981-01-23,F,5,0,2003-01-30
1152,3,48,7,1,KA1148708,Rajesh Patil,1978-12-26,M,2,0,2002-12-16
1153,15,132,3,1,KA3077734,Dinesh Gowda,1990-02-15,M,8,0,2014-05-31
1154,10,102,2,3,KA8186377,Girish Kumar,1980-03-25,M,3,0,2003-11-22
1155,26,169,2,2,KA6934735,Girish Gowda,1977-04-24,M,7,0,2000-03-15
1156,6,73,1,4,KA8064143,Dinesh Gowda,1995-03-20,M,6,0,2017-12-12
1157,13,123,1,1,KA8064807,Kavitha Raju,1967-03-07,F,8,0,1990-08-27
1158,10,103,5,1,KA7523795,Ramesh Patil,1974-07-05,M,3,0,2000-07-24
1159,2,33,1,1,KA4967894,Ganesh Nair,1990-01-16,M,1,0,2013-12-15
1160,1,3,3,1,KA5856444,Santosh Hegde,1977-07-15,M,5,0,2002-03-19
1161,3,40,3,1,KA5185358,Kumar Kumar,1974-02-01,M,5,0,1997-02-12
1162,27,171,1,4,KA2729141,Girish Bhat,1977-10-08,M,3,0,2000-11-12
1163,2,39,4,1,KA3219555,Praveen Raju,1986-09-24,M,7,0,2009-05-22
1164,11,110,1,2,KA2525643,Dinesh Sharma,1996-03-24,M,1,0,2021-09-01
1165,24,163,4,1,KA6640128,Manjunath Rao,1986-08-22,M,7,0,2009-11-13
1166,1,14,4,1,KA5517199,Manjunath Hegde,1983-05-16,M,6,0,2005-12-21
1167,5,64,2,2,KA1686005,Prakash Bhat,1982-09-03,M,1,0,2004-12-03
1168,13,121,1,1,KA8229428,Santosh Kumar,1984-06-14,M,3,0,2009-11-02
1169,6,78,2,1,KA3186206,Basavaraj Patil,1992-01-07,M,6,0,2014-07-18
1170,20,151,5,1,KA7234284,Prakash Bhat,1973-04-19,M,4,0,1998-09-03
1171,1,23,2,1,KA1688519,Dinesh Swamy,1992-04-01,M,4,0,2014-12-19
1172,1,20,1,3,KA6057934,Srinivas Sharma,1972-07-02,M,8,0,1997-12-15
1173,3,40,4,1,KA4216305,Lakshmi Murthy,1995-01-21,F,7,0,2017-10-03
1174,19,144,7,1,KA8524283,Girish Sharma,1981-06-10,M,2,0,2005-06-23
1175,16,135,2,1,KA3800706,Suma Shetty,1974-06-02,F,5,0,2000-11-01
1176,19,145,1,2,KA7668839,Ramesh Rao,1994-04-17,M,8,0,2020-09-23
1177,11,113,1,4,KA7725129,Manjunath Gowda,1974-03-05,M,5,0,1998-04-24
1178,4,56,3,1,KA1148668,Rajesh Reddy,1970-06-17,M,8,0,1996-05-07
1179,4,57,1,3,KA2998223,Manjunath Rao,1983-09-23,M,3,0,2009-09-06
1180,1,11,1,3,KA3230889,Shivaraj Kumar,1968-04-30,M,5,0,1991-02-22
1181,4,54,1,1,KA6829443,Suresh Raju,1973-01-15,M,6,0,1995-09-04
1182,2,35,4,1,KA5947522,Shivaraj Rao,1978-09-14,M,6,0,2004-02-12
1183,8,92,1,3,KA3965125,Pushpa Pillai,1987-03-09,F,5,0,2013-04-07
1184,20,150,6,1,KA7408577,Geetha Raju,1992-03-31,F,5,0,2018-04-13
1185,11,114,1,3,KA4421186,Naveen Murthy,1987-02-15,M,7,0,2010-12-05
1186,11,112,4,1,KA9036402,Venkatesh Bhat,1980-06-26,M,2,0,2003-04-20
1187,3,46,6,1,KA9229532,Srinivas Reddy,1988-07-19,M,3,0,2013-09-22
1188,3,46,1,2,KA2165246,Rajesh Rao,1979-05-04,M,3,0,2005-03-05
1189,25,166,7,1,KA9837877,Venkatesh Shetty,1978-12-19,M,3,0,2001-07-06
1190,9,97,1,1,KA1227365,Rajesh Swamy,1979-10-18,M,1,0,2001-11-23
1191,24,161,1,1,KA2784071,Mahesh Rao,1970-02-14,M,6,0,1992-03-07
1192,13,123,1,2,KA6157064,Mahesh Kumar,1971-10-10,M,6,0,1996-03-31
1193,29,178,3,1,KA3064864,Venkatesh Naik,1985-01-08,M,1,0,2010-07-11
1194,1,27,1,4,KA3379596,Ganesh Murthy,1974-01-27,M,1,0,2001-01-10
1195,9,99,2,3,KA4789711,Anitha Kumar,1990-05-30,F,7,0,2014-05-17
1196,1,29,1,3,KA6994631,Ganesh Shetty,1986-12-13,M,2,0,2009-07-03
1197,1,22,7,1,KA3535087,Ganesh Patil,1995-01-28,M,3,0,2020-06-13
1198,28,174,1,3,KA5815154,Santosh Swamy,1977-12-11,M,6,0,2000-10-08
1199,27,170,2,1,KA1036553,Girish Sharma,1980-06-18,M,3,0,2003-12-08
1200,9,100,1,4,KA2129335,Ramesh Patil,1976-12-25,M,2,0,2003-01-05
1201,7,83,1,4,KA6915793,Girish Reddy,1991-04-20,M,6,0,2014-04-21
1202,22,155,2,2,KA5125653,Basavaraj Bhat,1968-06-18,M,7,0,1992-04-25
1203,14,127,3,1,KA4860680,Basavaraj Murthy,1973-02-18,M,7,0,1998-02-15
1204,29,178,3,1,KA2463815,Kumar Murthy,1987-03-08,M,4,0,2013-02-08
1205,8,93,1,2,KA2848116,Dinesh Pillai,1971-12-22,M,1,0,1996-08-12
1206,2,36,6,1,KA3418271,Rekha Pillai,1983-10-20,F,7,0,2008-05-13
1207,2,36,4,1,KA3400426,Venkatesh Naik,1991-10-06,M,7,0,2017-08-24
1208,30,180,1,1,KA8999822,Kumar Patil,1992-04-07,M,3,0,2017-12-19
1209,5,63,1,4,KA3511838,Prakash Reddy,1993-07-25,M,3,0,2015-08-14
1210,30,179,3,1,KA7904201,Ramesh Bhat,1983-08-02,M,6,0,2008-03-15
1211,3,40,1,1,KA3912192,Rajesh Rao,1994-04-30,M,3,0,2021-04-02
1212,12,117,7,1,KA5329433,Kumar Raju,1972-02-29,M,5,0,1998-02-18
1213,5,70,1,4,KA3099389,Kumar Sharma,1992-11-23,M,4,0,2017-10-21
1214,3,48,2,1,KA8859053,Suresh Kumar,1971-12-07,M,8,0,1997-04-23
1215,3,43,2,3,KA8117262,Ravi Pillai,1994-07-27,M,4,0,2021-01-21
1216,22,155,2,2,KA5734646,Ganesh Gowda,1981-12-21,M,3,0,2004-02-11
1217,1,3,3,1,KA4384399,Mahesh Kumar,1983-02-26,M,1,0,2006-03-11
1218,1,12,3,1,KA9116934,Mahesh Swamy,1971-09-25,M,1,0,1998-02-23
1219,8,92,1,2,KA6275972,Mahesh Rao,1984-05-09,M,7,0,2008-07-27
1220,1,25,4,1,KA9448643,Ramesh Bhat,1982-02-27,M,2,0,2006-06-05
1221,9,98,3,1,KA1627606,Ramesh Naik,1975-08-17,M,5,0,2000-11-23
1222,24,161,7,1,KA4885101,Srinivas Gowda,1992-11-01,M,4,0,2018-11-06
1223,3,42,4,1,KA9779300,Ramesh Nair,1974-07-09,M,6,0,1999-05-26
1224,8,93,1,4,KA1671305,Ramesh Patil,1969-01-20,M,7,0,1995-11-02
1225,3,40,1,4,KA2634202,Naveen Swamy,1971-08-04,M,1,0,1997-02-03
1226,1,23,6,1,KA8630409,Harish Murthy,1974-08-22,M,6,0,1997-02-24
1227,6,72,1,3,KA2497018,Harish Reddy,1971-02-28,M,2,0,1995-03-08
1228,5,66,2,2,KA3079808,Srinivas Rao,1977-03-11,M,8,0,2002-10-27
1229,23,159,2,3,KA9597975,Harish Hegde,1991-03-27,M,6,0,2015-09-09
1230,5,68,2,1,KA5107344,Kumar Murthy,1995-02-08,M,1,0,2020-07-27
1231,3,41,2,1,KA4742179,Ganesh Rao,1971-06-12,M,7,0,1995-09-01
1232,13,120,2,4,KA2830713,Mahesh Patil,1968-03-14,M,2,0,1993-03-08
1233,10,102,7,1,KA7736395,Ganesh Sharma,1977-08-04,M,6,0,2000-09-10
1234,4,55,2,3,KA8626564,Santosh Swamy,1975-08-29,M,1,0,1998-04-14
1235,4,55,4,1,KA1525516,Basavaraj Reddy,1982-08-29,M,7,0,2007-10-30
1236,13,122,2,2,KA1384915,Prakash Nair,1987-06-13,M,7,0,2009-09-25
1237,1,18,1,1,KA6005260,Naresh Gowda,1984-09-25,M,8,0,2008-12-27
1238,5,67,4,1,KA1901645,Manjunath Kumar,1988-10-06,M,2,0,2015-05-28
1239,6,77,5,1,KA6859883,Usha Patil,1989-08-22,F,7,0,2012-09-26
1240,3,42,5,1,KA7528651,Shivaraj Bhat,1977-06-05,M,1,0,2001-05-26
1241,27,171,1,2,KA6431331,Naveen Kumar,1971-01-27,M,6,0,1996-07-06
1242,14,128,1,4,KA5409097,Srinivas Sharma,1982-10-29,M,1,0,2005-06-12
1243,24,163,1,1,KA1612133,Asha Pillai,1976-11-12,F,4,0,2002-06-07
1244,17,140,4,1,KA7334348,Dinesh Hegde,1989-07-27,M,4,0,2014-12-03
1245,1,4,3,1,KA7103458,Dinesh Raju,1980-05-30,M,1,0,2006-12-16
1246,1,32,6,1,KA8650368,Harish Murthy,1974-08-19,M,7,0,2000-04-02
1247,11,110,3,1,KA6634235,Prakash Pillai,1973-07-21,M,2,0,1999-10-29
1248,3,46,2,2,KA8312788,Meena Hegde,1972-03-23,F,7,0,1997-07-18
1249,30,180,1,1,KA2470022,Kumar Raju,1969-03-11,M,2,0,1995-12-25
1250,10,106,7,1,KA2672723,Rajesh Swamy,1992-05-15,M,8,0,2017-02-19
1251,11,108,1,4,KA7393458,Suresh Raju,1987-07-08,M,2,0,2010-10-01
1252,12,119,2,4,KA1127592,Basavaraj Gowda,1978-07-01,M,6,0,2005-01-30
1253,26,169,1,4,KA5052611,Manjunath Rao,1985-02-26,M,1,0,2008-11-11
1254,1,7,1,3,KA9706758,Usha Naik,1990-02-21,F,6,0,2016-07-22
1255,18,143,1,4,KA1865385,Praveen Hegde,1979-06-19,M,7,0,2002-07-12
1256,10,104,1,2,KA8338380,Ravi Bhat,1982-10-01,M,4,0,2007-08-20
1257,24,162,1,4,KA5365936,Ramesh Murthy,1971-02-21,M,3,0,1997-07-10
1258,1,7,1,2,KA1466714,Lakshmi Gowda,1977-05-26,F,2,0,1999-06-13
1259,2,34,4,1,KA7008279,Rajesh Bhat,1976-09-01,M,3,0,2002-03-18
1260,17,138,1,4,KA5370124,Venkatesh Rao,1986-01-07,M,1,0,2012-01-28
1261,25,164,1,1,KA2861122,Ramesh Raju,1971-01-12,M,8,0,1997-11-16
1262,6,73,1,1,KA2298244,Suma Gowda,1985-04-08,F,8,0,2008-04-06
1263,14,126,1,1,KA9162405,Dinesh Hegde,1996-01-14,M,2,0,2020-05-04
1264,7,81,7,1,KA3702870,Kumar Hegde,1968-08-07,M,3,0,1993-02-10
1265,24,162,3,1,KA1527651,Naresh Raju,1969-10-22,M,2,0,1996-08-01
1266,21,154,3,1,KA3657314,Rekha Shetty,1972-07-04,F,5,0,1994-07-09
1267,17,138,1,2,KA4629021,Lakshmi Swamy,1995-12-27,F,6,0,2020-11-15
1268,2,36,2,2,KA5489424,Dinesh Naik,1987-03-01,M,5,0,2009-08-12
1269,18,142,4,1,KA8835693,Mahesh Patil,1967-10-11,M,8,0,1991-05-30
1270,5,65,1,3,KA7590525,Ravi Sharma,1989-04-06,M,2,0,2012-05-10
1271,4,53,1,4,KA8109132,Praveen Rao,1975-02-20,M,5,0,1999-07-21
1272,9,99,3,1,KA6920939,Naveen Gowda,1977-10-06,M,6,0,2000-11-13
1273,3,43,2,3,KA7875441,Asha Gowda,1995-07-04,F,5,0,2020-05-10
1274,1,8,2,3,KA8203915,Manjunath Patil,1991-11-17,M,3,0,2014-11-14
1275,9,96,4,1,KA6275644,Mahesh Kumar,1980-05-02,M,2,0,2003-02-18
1276,4,55,2,3,KA4903198,Rajesh Bhat,1976-02-23,M,2,0,2001-04-24
1277,4,56,3,1,KA5664879,Naveen Kumar,1992-05-27,M,2,0,2017-07-13
1278,11,112,5,1,KA6370746,Kumar Raju,1982-10-07,M,4,0,2009-04-23
1279,6,71,1,1,KA8596473,Basavaraj Shetty,1978-02-15,M,3,0,2000-10-11
1280,20,148,1,1,KA1077963,Praveen Hegde,1996-01-25,M,8,0,2019-08-25
1281,16,137,7,1,KA6660462,Ravi Naik,1973-05-11,M,1,0,1995-07-25
1282,10,107,5,1,KA6321559,Ganesh Pillai,1983-07-09,M,6,0,2007-01-16
1283,14,127,2,4,KA6007056,Shivaraj Nair,1969-07-21,M,8,0,1991-10-20
1284,23,159,2,2,KA1802525,Ganesh Pillai,1992-05-30,M,1,0,2014-07-23
1285,11,112,4,1,KA2476675,Santosh Pillai,1986-11-13,M,4,0,2009-10-21
1286,17,138,7,1,KA1880652,Prakash Pillai,1996-10-19,M,5,0,2022-08-23
1287,6,78,1,3,KA7367900,Anitha Gowda,1993-08-27,F,5,0,2017-02-12
1288,1,31,2,2,KA7933921,Ramesh Swamy,1991-05-10,M,8,0,2015-02-16
1289,20,148,1,4,KA5706707,Manjunath Murthy,1975-08-01,M,6,0,2001-04-10
1290,5,68,1,1,KA6922519,Basavaraj Kumar,1983-09-25,M,4,0,2009-09-14
1291,1,20,1,2,KA1220253,Dinesh Bhat,1974-11-01,M,4,0,1997-02-26
1292,1,27,2,3,KA6231562,Ravi Kumar,1981-10-01,M,8,0,2004-11-26
1293,2,34,7,1,KA7468887,Manjunath Gowda,1987-03-17,M,8,0,2011-03-25
1294,10,103,5,1,KA5661355,Manjunath Kumar,1988-08-03,M,7,0,2010-12-16
1295,25,166,3,1,KA8733526,Harish Pillai,1992-06-10,M,2,0,2015-04-02
1296,12,118,7,1,KA1479597,Venkatesh Naik,1988-08-18,M,8,0,2012-02-10
1297,1,31,1,3,KA8238926,Srinivas Patil,1972-05-02,M,4,0,1994-10-16
1298,7,86,3,1,KA5573282,Manjunath Hegde,1994-08-21,M,6,0,2019-02-04
1299,11,109,7,1,KA4178437,Ravi Bhat,1988-04-27,M,7,0,2011-12-15
1300,14,127,3,1,KA2831812,Girish Murthy,1973-10-03,M,1,0,1998-03-03
1301,1,14,1,3,KA5005847,Ganesh Kumar,1995-06-03,M,2,0,2020-08-18
1302,23,159,7,1,KA7591523,Girish Kumar,1978-11-15,M,2,0,2003-01-20
1303,3,44,1,3,KA5831479,Girish Shetty,1987-11-21,M,1,0,2011-10-27
1304,23,160,4,1,KA6122489,Manjunath Sharma,1975-08-20,M,4,0,2001-10-05
1305,7,86,1,1,KA8962478,Mahesh Reddy,1976-08-07,M,7,0,1999-05-19
1306,1,20,7,1,KA1163307,Naresh Rao,1989-05-12,M,6,0,2015-02-26
1307,5,64,2,1,KA1291769,Mamatha Naik,1975-10-28,F,5,0,1998-06-03
1308,2,38,1,3,KA6631731,Manjunath Murthy,1992-10-22,M,8,0,2015-05-09
1309,27,170,1,3,KA8696560,Prakash Murthy,1975-03-14,M,1,0,1998-08-09
1310,15,133,2,4,KA2891816,Harish Bhat,1967-03-29,M,5,0,1994-01-11
1311,4,57,2,3,KA9352238,Rajesh Reddy,1967-06-11,M,1,0,1990-03-22
1312,1,23,1,1,KA5595680,Kumar Patil,1988-04-29,M,8,0,2012-06-05
1313,28,174,1,3,KA7560331,Geetha Reddy,1981-05-16,F,7,0,2008-05-02
1314,1,11,1,3,KA3062947,Savitha Rao,1971-01-10,F,7,0,1995-12-05
1315,8,89,5,1,KA1139836,Praveen Nair,1984-01-31,M,8,0,2006-09-07
1316,2,39,4,1,KA3728089,Kavitha Shetty,1973-07-21,F,5,0,1997-02-28
1317,1,4,1,2,KA5748242,Mahesh Nair,1976-08-29,M,2,0,1998-11-15
1318,8,91,2,1,KA1837217,Harish Naik,1967-05-28,M,5,0,1994-01-24
1319,14,129,6,1,KA3601089,Harish Nair,1967-03-06,M,2,0,1993-06-21
1320,11,111,1,3,KA4671824,Ramesh Bhat,1970-10-08,M,1,0,1993-03-16
1321,28,174,5,1,KA8089435,Prakash Kumar,1968-06-11,M,7,0,1992-08-05
1322,6,78,1,2,KA8311783,Suma Sharma,1970-03-29,F,6,0,1993-12-19
1323,4,52,5,1,KA7984561,Ramesh Raju,1985-10-21,M,4,0,2008-07-19
1324,24,161,3,1,KA4076474,Mahesh Rao,1976-05-02,M,7,0,2001-05-18
1325,16,135,1,3,KA9452615,Kumar Gowda,1977-03-13,M,6,0,2003-01-27
1326,10,106,2,1,KA8061842,Kumar Shetty,1976-04-30,M,2,0,1998-06-20
1327,5,63,1,3,KA3135317,Naveen Sharma,1970-12-27,M,5,0,1995-11-04
1328,27,172,2,4,KA1911778,Ravi Reddy,1996-10-02,M,2,0,2021-05-01
1329,1,25,3,1,KA9077690,Ganesh Patil,1983-12-27,M,6,0,2009-02-21
1330,28,173,3,1,KA1889532,Ganesh Bhat,1974-02-08,M,4,0,2000-03-27
1331,2,35,2,2,KA6048133,Shivaraj Bhat,1986-12-29,M,5,0,2012-10-06
1332,23,160,2,1,KA1000599,Rajesh Nair,1988-01-07,M,3,0,2010-08-23
1333,5,64,1,4,KA1413665,Ganesh Murthy,1987-11-09,M,8,0,2010-06-03
1334,13,124,2,2,KA5366631,Ganesh Rao,1988-10-06,M,8,0,2015-05-07
1335,2,38,2,2,KA3377099,Naveen Gowda,1968-06-25,M,4,0,1990-08-03
1336,13,123,2,1,KA9270565,Shivaraj Kumar,1984-01-05,M,6,0,2007-08-14
1337,1,28,4,1,KA8127514,Ravi Hegde,1976-03-17,M,3,0,2000-07-12
1338,9,100,3,1,KA6079496,Srinivas Gowda,1996-07-11,M,1,0,2021-10-06
1339,8,91,1,4,KA5645678,Naveen Shetty,1990-10-09,M,1,0,2015-05-19
1340,14,129,6,1,KA9808972,Rekha Murthy,1987-07-26,F,7,0,2011-07-04
1341,8,91,1,3,KA8708824,Naresh Raju,1967-08-07,M,3,0,1993-08-12
1342,1,18,2,4,KA8914690,Harish Sharma,1968-01-31,M,3,0,1992-10-11
1343,16,135,4,1,KA6437103,Manjunath Nair,1985-05-23,M,6,0,2008-02-07
1344,1,8,1,1,KA2782083,Ravi Gowda,1989-11-18,M,8,0,2013-03-01
1345,4,60,5,1,KA3919201,Meena Patil,1986-05-29,F,7,0,2008-12-24
1346,1,16,1,1,KA1627774,Kumar Sharma,1969-07-28,M,2,0,1992-12-16
1347,1,8,4,1,KA2806251,Prakash Swamy,1989-03-19,M,8,0,2012-12-30
1348,3,51,1,4,KA5799782,Praveen Murthy,1985-09-11,M,4,0,2010-06-07
1349,16,136,6,1,KA1406730,Naresh Hegde,1988-05-24,M,2,0,2010-11-11
1350,8,93,1,1,KA6716187,Ramesh Sharma,1978-09-19,M,3,0,2003-11-20
1351,4,54,1,4,KA9402873,Manjunath Shetty,1971-06-09,M,6,0,1998-01-22
1352,1,18,1,4,KA2188961,Shivaraj Pillai,1977-05-02,M,2,0,2001-09-18
1353,1,31,1,1,KA6551912,Manjunath Rao,1974-08-26,M,1,0,1997-12-05
1354,5,65,6,1,KA7004652,Harish Sharma,1979-07-05,M,2,0,2005-06-08
1355,16,137,1,3,KA7697794,Naresh Rao,1971-03-19,M,1,0,1994-07-20
1356,5,68,2,1,KA6671458,Ganesh Swamy,1967-09-20,M,7,0,1989-11-14
1357,1,16,5,1,KA6529924,Santosh Sharma,1990-10-09,M,1,0,2013-11-25
1358,22,157,3,1,KA2187207,Mahesh Nair,1995-06-08,M,7,0,2019-05-11
1359,18,142,1,3,KA1700297,Naveen Sharma,1975-07-18,M,2,0,1998-04-03
1360,8,90,4,1,KA6090515,Manjunath Kumar,1977-08-31,M,4,0,2002-04-30
1361,3,51,5,1,KA7365080,Suresh Naik,1973-01-21,M,1,0,1998-06-14
1362,9,97,5,1,KA8161079,Suresh Hegde,1991-05-28,M,3,0,2015-10-19
1363,9,95,3,1,KA6756692,Ganesh Sharma,1981-03-29,M,7,0,2004-04-23
1364,20,151,1,4,KA9996238,Lakshmi Kumar,1996-07-27,F,1,0,2019-10-30
1365,5,64,4,1,KA1950506,Anitha Pillai,1994-06-21,F,3,0,2016-11-18
1366,8,90,2,2,KA5905871,Harish Naik,1969-12-31,M,3,0,1995-08-28
1367,26,169,1,3,KA4453773,Basavaraj Raju,1993-07-29,M,8,0,2015-12-27
1368,4,57,7,1,KA6078780,Prakash Sharma,1977-02-15,M,6,0,2003-02-09
1369,5,63,4,1,KA6349565,Harish Pillai,1973-05-22,M,2,0,1996-11-14
1370,14,125,3,1,KA4415085,Kumar Bhat,1984-06-21,M,3,0,2006-11-23
1371,18,142,1,3,KA3381714,Manjunath Kumar,1987-07-26,M,1,0,2010-03-28
1372,12,117,4,1,KA9370278,Vinitha Shetty,1991-11-24,F,1,0,2013-12-31
1373,1,22,1,4,KA9310719,Praveen Hegde,1994-05-05,M,1,0,2017-11-21
1374,4,58,1,2,KA8232405,Ravi Shetty,1987-10-17,M,1,0,2011-11-26
1375,8,90,5,1,KA6640806,Suresh Murthy,1995-11-09,M,5,0,2021-04-02
1376,1,8,5,1,KA8282586,Praveen Kumar,1981-09-22,M,7,0,2007-10-12
1377,18,142,1,3,KA9971807,Suresh Nair,1979-08-12,M,8,0,2005-08-22
1378,5,67,3,1,KA8840537,Praveen Nair,1989-09-23,M,4,0,2013-11-06
1379,28,175,5,1,KA5193173,Rajesh Rao,1984-09-17,M,5,0,2007-03-06
1380,6,71,3,1,KA5202915,Ravi Naik,1980-10-17,M,1,0,2004-04-14
1381,5,68,2,4,KA1289686,Praveen Raju,1988-12-31,M,8,0,2013-06-21
1382,25,164,2,4,KA1982890,Suresh Patil,1972-01-20,M,2,0,1995-04-05
1383,1,17,2,3,KA5632933,Naveen Murthy,1977-04-06,M,5,0,2000-04-03
1384,3,45,4,1,KA1831808,Ramesh Kumar,1990-06-07,M,4,0,2017-04-20
1385,15,130,4,1,KA6323988,Suresh Reddy,1977-04-08,M,1,0,2002-07-03
1386,5,67,4,1,KA6927978,Venkatesh Naik,1985-06-22,M,1,0,2007-07-20
1387,15,130,1,1,KA4975843,Prakash Gowda,1977-02-10,M,4,0,1999-09-24
1388,28,175,6,1,KA8155068,Prakash Pillai,1978-05-12,M,5,0,2000-09-29
1389,8,93,5,1,KA7286684,Santosh Swamy,1981-12-29,M,8,0,2006-04-07
1390,3,42,1,3,KA3517643,Savitha Swamy,1980-07-01,F,1,0,2002-09-25
1391,15,131,2,3,KA4604898,Dinesh Nair,1974-03-23,M,7,0,2000-08-07
1392,2,39,4,1,KA2316088,Suresh Raju,1979-12-05,M,2,0,2006-03-09
1393,20,148,3,1,KA8014220,Lakshmi Swamy,1968-09-29,F,2,0,1993-10-20
1394,22,156,1,4,KA6317360,Manjunath Nair,1975-11-01,M,5,0,2001-07-07
1395,5,63,7,1,KA7072764,Praveen Rao,1982-04-11,M,4,0,2005-08-15
1396,11,114,1,1,KA6905321,Ganesh Bhat,1978-08-19,M,2,0,2002-08-24
1397,4,59,3,1,KA8027140,Pushpa Shetty,1976-11-18,F,4,0,2003-04-11
1398,5,63,3,1,KA3317607,Ramesh Sharma,1978-09-26,M,5,0,2004-07-01
1399,1,21,1,2,KA9291304,Santosh Patil,1978-09-12,M,4,0,2003-01-16
1400,1,31,1,4,KA2694421,Meena Naik,1978-03-30,F,3,0,2001-09-14
1401,3,43,4,1,KA9638539,Kumar Naik,1993-09-29,M,7,0,2016-06-21
1402,30,179,2,3,KA2996986,Rekha Reddy,1972-01-15,F,6,0,1995-05-18
1403,23,158,3,1,KA1758962,Rekha Swamy,1992-03-09,F,2,0,2018-03-22
1404,10,105,7,1,KA8309667,Prakash Shetty,1968-09-21,M,5,0,1993-03-25
1405,20,151,1,2,KA1130589,Ramesh Bhat,1974-03-04,M,6,0,1996-08-16
1406,11,113,2,3,KA2625688,Srinivas Hegde,1989-02-03,M,4,0,2013-12-05
1407,15,133,3,1,KA9526649,Santosh Naik,1973-06-18,M,7,0,1998-09-12
1408,3,46,5,1,KA4534635,Ravi Patil,1990-08-06,M,7,0,2012-10-24
1409,7,81,3,1,KA5777999,Praveen Sharma,1992-07-23,M,3,0,2016-06-28
1410,4,58,2,3,KA2780388,Girish Shetty,1989-06-04,M,4,0,2013-01-09
1411,18,142,1,2,KA1458858,Ramesh Gowda,1974-03-15,M,1,0,2000-06-01
1412,3,50,5,1,KA1432471,Geetha Murthy,1996-09-20,F,6,0,2021-06-11
1413,11,114,4,1,KA8614329,Praveen Hegde,1973-08-27,M,5,0,1996-05-06
1414,1,31,7,1,KA8252219,Vinitha Bhat,1977-01-31,F,8,0,2004-01-20
1415,27,172,4,1,KA2326525,Ramesh Rao,1991-10-18,M,4,0,2015-10-06
1416,7,86,3,1,KA9604096,Santosh Reddy,1984-08-20,M,2,0,2009-02-28
1417,1,10,7,1,KA9745909,Santosh Sharma,1977-07-31,M,6,0,2000-02-16
1418,24,161,6,1,KA1133724,Shivaraj Raju,1995-06-04,M,4,0,2020-12-18
1419,28,173,1,4,KA3540625,Ravi Pillai,1988-03-30,M,8,0,2011-09-19
1420,3,51,1,1,KA9662181,Basavaraj Rao,1968-07-18,M,4,0,1995-06-10
1421,22,157,3,1,KA3988274,Mahesh Shetty,1987-09-01,M,1,0,2013-08-19
1422,24,162,2,3,KA9124082,Girish Swamy,1970-10-30,M,3,0,1994-02-16
1423,27,172,1,4,KA6991611,Venkatesh Sharma,1975-04-06,M,8,0,1999-12-29
1424,6,74,7,1,KA6459256,Venkatesh Gowda,1978-03-14,M,4,0,2002-09-09
1425,7,82,2,3,KA7678830,Ganesh Reddy,1967-05-22,M,3,0,1990-01-03
1426,14,126,5,1,KA4940297,Basavaraj Pillai,1970-01-22,M,1,0,1994-05-09
1427,10,105,7,1,KA6422262,Manjunath Kumar,1994-04-17,M,5,0,2019-06-06
1428,11,114,5,1,KA5373809,Kumar Hegde,1977-12-12,M,1,0,2002-03-02
1429,1,12,4,1,KA7875496,Venkatesh Patil,1983-03-08,M,4,0,2007-09-04
1430,24,161,1,3,KA3167873,Naresh Murthy,1992-01-27,M,1,0,2017-06-30
1431,1,24,2,1,KA1825694,Anitha Nair,1982-01-26,F,4,0,2006-01-12
1432,17,138,6,1,KA4847593,Dinesh Reddy,1979-04-12,M,5,0,2006-01-30
1433,4,56,2,2,KA1228856,Prakash Patil,1972-03-20,M,1,0,1998-04-24
1434,10,102,3,1,KA3633108,Manjunath Gowda,1975-04-09,M,5,0,1997-06-28
1435,29,177,5,1,KA5571090,Venkatesh Raju,1985-12-05,M,2,0,2008-02-07
1436,2,34,2,1,KA2283911,Ravi Raju,1984-11-28,M,2,0,2011-09-23
1437,17,139,1,1,KA7561970,Kumar Naik,1969-11-20,M,4,0,1992-09-20
1438,11,109,2,1,KA6069302,Harish Nair,1974-01-14,M,5,0,2000-03-10
1439,20,148,4,1,KA5886173,Ganesh Rao,1975-11-16,M,7,0,1999-12-21
1440,13,124,1,2,KA7415747,Kumar Murthy,1984-04-06,M,1,0,2010-03-10
1441,17,140,2,2,KA1417616,Vinitha Hegde,1992-02-29,F,7,0,2016-09-06
1442,19,145,2,3,KA6577341,Srinivas Patil,1992-02-18,M,3,0,2017-09-20
1443,3,44,3,1,KA9217672,Mahesh Gowda,1987-09-15,M,4,0,2014-07-16
1444,13,122,6,1,KA4899524,Ravi Swamy,1973-07-17,M,1,0,1999-07-31
1445,8,87,1,3,KA7820513,Girish Hegde,1990-04-07,M,1,0,2012-06-14
1446,14,126,3,1,KA6251539,Dinesh Nair,1972-07-19,M,4,0,1997-05-02
1447,1,21,3,1,KA2300308,Basavaraj Murthy,1992-04-22,M,7,0,2016-09-04
1448,1,32,3,1,KA8341730,Rajesh Reddy,1989-07-26,M,2,0,2012-08-28
1449,24,161,1,2,KA8015348,Kumar Shetty,1973-06-28,M,7,0,1998-03-16
1450,28,174,1,3,KA7234947,Ganesh Hegde,1984-11-10,M,3,0,2009-10-10
1451,23,158,1,3,KA8920692,Manjunath Raju,1980-05-14,M,8,0,2005-04-06
1452,2,35,4,1,KA8950226,Santosh Sharma,1989-08-27,M,1,0,2014-07-30
1453,1,18,2,2,KA4343156,Naresh Reddy,1996-10-08,M,2,0,2020-07-02
1454,23,160,1,2,KA2120248,Santosh Gowda,1975-12-30,M,6,0,2001-04-24
1455,1,4,4,1,KA5767876,Venkatesh Patil,1988-05-18,M,7,0,2011-11-26
1456,10,104,3,1,KA4398864,Harish Patil,1985-08-05,M,2,0,2010-09-22
1457,6,72,1,1,KA3125741,Ganesh Bhat,1989-01-08,M,7,0,2012-06-24
1458,23,158,1,2,KA1044808,Praveen Swamy,1975-10-14,M,4,0,1998-12-10
1459,23,158,5,1,KA3765193,Suma Sharma,1990-06-13,F,8,0,2013-03-27
1460,1,14,7,1,KA8376757,Santosh Gowda,1990-11-16,M,7,0,2015-09-23
1461,1,31,3,1,KA7597584,Santosh Rao,1986-03-22,M,7,0,2011-05-07
1462,15,134,1,1,KA4588635,Basavaraj Patil,1982-10-20,M,3,0,2007-10-05
1463,2,37,4,1,KA8409604,Asha Rao,1977-05-29,F,8,0,2002-07-14
1464,18,143,1,3,KA3986552,Girish Raju,1977-06-28,M,1,0,2003-02-17
1465,8,89,4,1,KA4204180,Srinivas Nair,1977-12-30,M,7,0,2001-03-06
1466,8,93,2,1,KA6207491,Rajesh Kumar,1973-06-04,M,6,0,1996-07-02
1467,14,129,1,3,KA1562509,Prakash Sharma,1996-06-09,M,5,0,2021-10-28
1468,30,181,4,1,KA1960109,Ravi Naik,1985-09-02,M,1,0,2009-03-11
1469,12,117,4,1,KA8943146,Basavaraj Swamy,1975-01-10,M,2,0,1997-12-25
1470,31,183,7,1,KA3968018,Rajesh Swamy,1990-02-24,M,3,0,2016-02-03
1471,25,164,2,1,KA5655311,Ganesh Naik,1994-03-23,M,4,0,2017-12-20
1472,28,173,6,1,KA3838932,Rajesh Patil,1982-10-28,M,6,0,2008-10-13
1473,27,171,6,1,KA4236994,Ravi Hegde,1994-04-06,M,3,0,2016-08-11
1474,1,12,2,2,KA9480309,Mahesh Reddy,1984-08-29,M,7,0,2010-01-21
1475,19,144,1,3,KA8822415,Rajesh Rao,1981-04-16,M,2,0,2003-12-08
1476,1,24,1,1,KA4114839,Srinivas Gowda,1988-10-31,M,6,0,2014-11-28
1477,1,3,1,3,KA8723376,Rajesh Nair,1987-04-07,M,2,0,2012-10-28
1478,28,175,6,1,KA4205892,Venkatesh Rao,1968-03-17,M,3,0,1995-01-15
1479,3,46,1,3,KA7945478,Ravi Bhat,1984-07-04,M,4,0,2007-04-12
1480,3,46,1,4,KA5438331,Girish Sharma,1983-10-16,M,2,0,2007-03-25
1481,25,165,2,2,KA1616245,Praveen Patil,1973-07-23,M,7,0,1998-01-23
1482,11,112,4,1,KA5843397,Praveen Kumar,1981-06-17,M,4,0,2007-01-25
1483,5,69,6,1,KA4535328,Manjunath Murthy,1992-12-13,M,5,0,2017-10-24
1484,1,30,7,1,KA4127701,Girish Naik,1973-10-29,M,8,0,1999-07-03
1485,19,145,2,1,KA6408505,Praveen Patil,1980-01-26,M,2,0,2005-09-29
1486,13,122,2,1,KA4139210,Rajesh Reddy,1982-01-03,M,6,0,2005-11-17
1487,1,6,1,4,KA8297560,Srinivas Murthy,1977-04-30,M,7,0,2003-11-07
1488,9,96,4,1,KA9095972,Venkatesh Rao,1970-01-24,M,7,0,1993-12-10
1489,15,130,7,1,KA8145319,Venkatesh Nair,1992-03-07,M,5,0,2016-07-11
1490,3,42,1,3,KA9792694,Usha Swamy,1974-01-17,F,4,0,1996-12-17
1491,2,34,1,1,KA2516637,Mamatha Nair,1967-04-06,F,5,0,1991-02-11
1492,12,118,2,4,KA1014146,Ramesh Nair,1979-04-05,M,3,0,2002-03-03
1493,1,21,1,2,KA8324074,Naresh Rao,1988-09-27,M,2,0,2012-01-18
1494,9,96,3,1,KA3673110,Ramesh Raju,1996-10-18,M,6,0,2021-06-16
1495,30,179,2,4,KA8775970,Shivaraj Raju,1987-06-28,M,4,0,2012-02-14
1496,7,82,1,3,KA5751216,Ganesh Hegde,1991-01-12,M,7,0,2015-04-04
1497,14,126,2,2,KA3989029,Shivaraj Gowda,1970-09-18,M,4,0,1992-11-06
1498,1,1,6,1,KA7680364,Santosh Murthy,1969-08-19,M,2,0,1994-12-23
1499,1,12,1,4,KA2557770,Ramesh Shetty,1987-07-19,M,6,0,2011-03-23
1500,6,73,1,4,KA1584294,Naresh Hegde,1983-01-25,M,5,0,2007-03-22
1501,10,102,1,1,KA8800108,Usha Reddy,1973-10-24,F,2,0,2000-06-22
1502,10,104,6,1,KA6352364,Ganesh Raju,1996-06-21,M,3,0,2019-05-11
1503,1,3,2,4,KA8087653,Ravi Raju,1975-03-20,M,1,0,2000-11-12
1504,1,30,4,1,KA8554276,Girish Bhat,1969-12-11,M,6,0,1996-06-14
1505,9,94,3,1,KA4000429,Santosh Pillai,1992-01-05,M,7,0,2018-05-26
1506,1,21,4,1,KA6655862,Ravi Pillai,1990-04-11,M,5,0,2012-04-19
1507,12,117,6,1,KA8797432,Naveen Bhat,1977-07-06,M,5,0,1999-10-08
1508,1,13,2,3,KA5233341,Basavaraj Shetty,1970-02-19,M,7,0,1995-12-20
1509,1,7,6,1,KA3998561,Harish Nair,1972-09-03,M,5,0,1996-02-27
1510,6,77,2,1,KA6993567,Rajesh Shetty,1968-06-29,M,1,0,1990-09-04
1511,1,22,1,2,KA3426728,Ravi Kumar,1973-01-08,M,8,0,1995-07-15
1512,29,177,2,4,KA1681842,Girish Patil,1969-05-02,M,2,0,1992-09-07
1513,25,164,3,1,KA9600542,Suresh Reddy,1992-06-26,M,2,0,2016-08-11
1514,1,6,2,3,KA2330152,Harish Hegde,1988-10-08,M,7,0,2014-12-10
1515,5,67,3,1,KA9624152,Shobha Kumar,1983-06-03,F,4,0,2008-11-08
1516,13,122,3,1,KA8330731,Suresh Patil,1987-05-15,M,5,0,2013-08-13
1517,27,172,3,1,KA7688583,Naresh Rao,1994-12-20,M,3,0,2020-05-05
1518,4,54,2,4,KA3177128,Girish Naik,1996-03-07,M,5,0,2022-07-20
1519,7,82,4,1,KA4771933,Naveen Nair,1992-08-30,M,1,0,2015-11-21
1520,6,74,3,1,KA8728326,Venkatesh Gowda,1969-09-08,M,7,0,1996-04-22
1521,13,122,2,3,KA6714252,Santosh Murthy,1972-01-03,M,6,0,1994-01-22
1522,14,128,2,2,KA7544141,Srinivas Reddy,1987-07-28,M,5,0,2012-07-16
1523,14,125,4,1,KA2394052,Praveen Gowda,1971-11-04,M,4,0,1995-10-06
1524,6,75,1,4,KA1496011,Manjunath Patil,1982-11-16,M,3,0,2007-05-23
1525,19,145,2,1,KA5762844,Naresh Swamy,1977-08-30,M,8,0,2001-12-22
1526,2,34,3,1,KA3071885,Usha Sharma,1980-01-17,F,2,0,2005-06-07
1527,6,75,3,1,KA3669548,Dinesh Gowda,1989-01-03,M,7,0,2015-11-04
1528,11,108,1,3,KA7093060,Prakash Nair,1970-02-20,M,2,0,1993-09-08
1529,16,137,3,1,KA7777424,Santosh Murthy,1979-06-06,M,8,0,2002-09-04
1530,12,116,7,1,KA3980080,Harish Pillai,1989-12-24,M,7,0,2016-11-10
1531,12,119,2,1,KA7431603,Shivaraj Pillai,1967-08-02,M,7,0,1990-07-14
1532,1,8,4,1,KA3324853,Usha Kumar,1969-04-05,F,2,0,1992-07-02
1533,22,157,2,4,KA2526163,Kumar Naik,1985-10-22,M,6,0,2008-09-21
1534,26,168,5,1,KA9578785,Naveen Sharma,1979-07-23,M,4,0,2004-08-20
1535,5,62,2,2,KA6414413,Naresh Shetty,1989-02-28,M,3,0,2013-10-17
1536,12,119,3,1,KA8443265,Rajesh Kumar,1976-06-03,M,4,0,1999-10-12
1537,1,29,4,1,KA6557607,Srinivas Murthy,1969-12-04,M,3,0,1996-08-09
1538,1,9,4,1,KA9720251,Mahesh Naik,1978-10-17,M,8,0,2005-08-21
1539,5,67,2,1,KA8357163,Mahesh Nair,1972-12-01,M,8,0,1995-07-31
1540,10,102,5,1,KA7701313,Suresh Rao,1995-03-26,M,8,0,2019-04-03
1541,5,68,1,1,KA3834568,Ganesh Gowda,1971-01-05,M,6,0,1997-03-22
1542,5,63,7,1,KA5437702,Santosh Reddy,1975-05-17,M,2,0,1998-07-15
1543,31,182,7,1,KA5105861,Mahesh Shetty,1974-12-21,M,5,0,2001-03-05
1544,12,116,5,1,KA5618750,Srinivas Patil,1985-06-14,M,1,0,2010-08-15
1545,1,7,1,3,KA7085502,Ramesh Murthy,1987-02-08,M,5,0,2014-01-09
1546,6,79,4,1,KA8379665,Naresh Swamy,1975-09-13,M,5,0,2001-09-06
1547,6,75,3,1,KA4823830,Ramesh Reddy,1979-10-14,M,1,0,2003-03-18
1548,20,150,1,3,KA9532750,Praveen Rao,1996-06-24,M,7,0,2019-12-02
1549,3,40,4,1,KA9406983,Naresh Patil,1970-09-07,M,6,0,1997-06-13
1550,14,125,7,1,KA9812012,Ravi Pillai,1967-12-08,M,8,0,1990-11-13
1551,1,17,4,1,KA6189331,Ravi Naik,1981-08-30,M,4,0,2004-11-27
1552,1,31,5,1,KA6981102,Girish Swamy,1967-11-12,M,8,0,1990-12-14
1553,16,135,4,1,KA4397889,Rajesh Pillai,1986-10-11,M,6,0,2012-12-01
1554,7,85,1,3,KA9971681,Ravi Raju,1974-04-05,M,2,0,1996-08-14
1555,15,134,3,1,KA5296176,Anitha Shetty,1985-11-24,F,3,0,2009-04-03
1556,31,184,4,1,KA1674994,Venkatesh Kumar,1976-07-24,M,5,0,1999-07-17
1557,1,17,1,3,KA2021147,Mahesh Bhat,1991-01-28,M,4,0,2015-12-28
1558,13,123,3,1,KA1857027,Praveen Nair,1976-03-12,M,6,0,1998-09-24
1559,1,30,2,4,KA4311759,Mahesh Kumar,1977-03-13,M,2,0,1999-08-25
1560,6,77,2,4,KA2871060,Dinesh Swamy,1971-06-26,M,8,0,1993-07-09
1561,24,163,5,1,KA8654679,Dinesh Swamy,1969-06-17,M,1,0,1995-09-06
1562,14,127,1,3,KA9510963,Kumar Swamy,1968-09-16,M,8,0,1991-09-07
1563,16,137,6,1,KA5618572,Harish Rao,1985-11-07,M,5,0,2009-09-30
1564,14,125,1,4,KA9317941,Ganesh Nair,1996-09-23,M,3,0,2020-07-02
1565,1,25,1,2,KA4247993,Kumar Raju,1977-02-20,M,2,0,2001-01-16
1566,6,79,3,1,KA9898627,Dinesh Rao,1982-08-31,M,8,0,2008-12-11
1567,4,54,3,1,KA3593718,Harish Sharma,1971-05-29,M,6,0,1997-02-27
1568,3,41,1,2,KA6464024,Ravi Nair,1969-08-26,M,8,0,1995-05-08
1569,5,69,4,1,KA8918538,Kumar Nair,1986-10-05,M,5,0,2010-03-21
1570,8,91,4,1,KA6167665,Harish Patil,1982-11-16,M,7,0,2007-05-20
1571,10,104,5,1,KA6932624,Kumar Naik,1994-07-16,M,3,0,2018-10-25
1572,30,181,1,3,KA5945871,Shobha Rao,1987-12-13,F,6,0,2011-02-07
1573,7,84,2,2,KA4606763,Kumar Nair,1971-12-27,M,8,0,1997-02-09
1574,3,42,1,4,KA8883139,Ganesh Gowda,1982-06-03,M,1,0,2008-06-16
1575,30,181,7,1,KA5700013,Ravi Bhat,1975-03-05,M,7,0,1998-07-23
1576,6,71,2,4,KA5768677,Suresh Raju,1972-11-22,M,2,0,1996-12-12
1577,10,106,5,1,KA3523621,Mahesh Patil,1990-03-19,M,5,0,2017-02-04
1578,5,63,2,3,KA9909162,Shivaraj Gowda,1982-04-25,M,5,0,2007-07-05
1579,1,18,5,1,KA7060427,Ramesh Nair,1982-12-09,M,8,0,2009-09-15
1580,13,120,2,3,KA6587015,Dinesh Reddy,1986-10-22,M,4,0,2011-05-17
1581,1,6,3,1,KA7891727,Girish Rao,1990-09-23,M,7,0,2013-05-19
1582,16,136,1,3,KA1271812,Basavaraj Nair,1994-04-26,M,7,0,2019-03-05
1583,7,84,5,1,KA5742020,Geetha Pillai,1972-11-07,F,6,0,1997-08-05
1584,18,143,1,2,KA9615106,Mahesh Swamy,1991-12-25,M,2,0,2016-12-12
1585,3,49,4,1,KA8230086,Srinivas Swamy,1993-09-28,M,5,0,2020-01-11
1586,1,19,2,3,KA8617645,Ramesh Raju,1988-11-14,M,7,0,2014-06-27
1587,1,2,1,4,KA1316613,Usha Swamy,1969-01-16,F,1,0,1995-09-03
1588,4,58,1,3,KA9931590,Kumar Reddy,1970-10-22,M,8,0,1996-07-28
1589,20,148,6,1,KA3560283,Dinesh Nair,1981-02-10,M,4,0,2008-01-12
1590,1,26,1,1,KA3136134,Dinesh Rao,1995-11-05,M,6,0,2020-10-26
1591,4,59,2,2,KA6082313,Rekha Pillai,1967-07-01,F,3,0,1990-08-26
1592,4,56,7,1,KA3303715,Girish Kumar,1981-01-30,M,8,0,2003-03-21
1593,4,54,2,4,KA8357595,Ravi Naik,1979-12-16,M,7,0,2002-03-20
1594,1,32,6,1,KA9501071,Ravi Swamy,1992-11-08,M,2,0,2015-10-27
1595,22,155,2,3,KA7964689,Dinesh Gowda,1980-12-11,M,4,0,2007-02-18
1596,8,93,3,1,KA9535161,Mahesh Nair,1975-07-31,M,2,0,1998-12-29
1597,11,108,2,1,KA6950561,Anitha Naik,1979-01-24,F,6,0,2005-11-09
1598,26,167,2,1,KA7537849,Asha Gowda,1983-07-14,F,8,0,2006-10-20
1599,7,83,4,1,KA5177495,Girish Bhat,1994-12-26,M,3,0,2017-10-04
1600,2,36,1,1,KA2026454,Ramesh Murthy,1975-12-12,M,4,0,2002-03-16
1601,10,107,3,1,KA3892727,Harish Patil,1989-12-15,M,3,0,2014-04-16
1602,27,172,5,1,KA2835286,Kavitha Bhat,1988-11-15,F,3,0,2012-11-26
1603,24,161,2,3,KA6386706,Dinesh Rao,1980-04-12,M,1,0,2006-12-25
1604,13,121,7,1,KA3421636,Santosh Naik,1995-06-27,M,7,0,2021-08-04
1605,16,135,3,1,KA2679655,Ravi Nair,1989-05-28,M,1,0,2012-04-10
1606,1,17,2,4,KA7963833,Venkatesh Gowda,1991-12-24,M,8,0,2016-08-18
1607,1,1,4,1,KA8876684,Naveen Nair,1983-01-19,M,5,0,2007-09-15
1608,27,172,3,1,KA9267840,Shivaraj Patil,1992-09-11,M,4,0,2017-05-11
1609,2,37,5,1,KA2378902,Manjunath Reddy,1986-11-26,M,2,0,2012-08-01
1610,1,27,3,1,KA5205556,Harish Sharma,1985-10-25,M,3,0,2009-01-25
1611,12,119,4,1,KA9722758,Harish Patil,1967-01-15,M,5,0,1992-05-02
1612,9,96,2,1,KA7459731,Ramesh Patil,1967-05-12,M,1,0,1990-02-27
1613,24,163,1,2,KA3715983,Naresh Naik,1995-06-29,M,7,0,2022-02-27
1614,8,89,2,4,KA8585048,Praveen Shetty,1988-08-06,M,4,0,2014-02-08
1615,1,31,2,3,KA6658193,Girish Murthy,1984-06-28,M,3,0,2010-02-24
1616,12,117,3,1,KA6744099,Basavaraj Nair,1967-04-09,M,5,0,1989-10-17
1617,1,7,4,1,KA2586848,Prakash Hegde,1972-08-25,M,4,0,1995-05-05
1618,18,141,1,3,KA6151115,Asha Gowda,1983-10-04,F,8,0,2006-06-13
1619,3,47,3,1,KA9571557,Mahesh Pillai,1979-03-10,M,4,0,2005-10-08
1620,3,51,1,2,KA9901345,Venkatesh Nair,1981-02-22,M,1,0,2006-01-28
1621,29,178,1,3,KA3663379,Prakash Murthy,1973-03-17,M,2,0,1996-02-16
1622,31,184,6,1,KA8113803,Naveen Kumar,1990-03-14,M,4,0,2015-03-20
1623,15,134,2,4,KA6400942,Ravi Rao,1978-02-15,M,3,0,2002-10-12
1624,5,65,1,3,KA4502324,Harish Naik,1972-02-03,M,2,0,1997-10-27
1625,13,124,1,2,KA7563888,Kumar Reddy,1989-10-31,M,3,0,2016-02-07
1626,5,64,1,2,KA5634166,Ravi Swamy,1981-04-20,M,3,0,2003-09-06
1627,20,150,4,1,KA8438704,Suma Bhat,1990-03-18,F,3,0,2013-05-07
1628,1,31,4,1,KA9795303,Santosh Naik,1973-09-01,M,2,0,1997-05-25
1629,27,170,1,1,KA8623020,Naveen Shetty,1977-05-12,M,3,0,2001-01-07
1630,1,11,1,3,KA2893100,Santosh Sharma,1979-11-28,M,8,0,2006-08-04
1631,29,178,4,1,KA5883963,Naresh Sharma,1975-03-01,M,4,0,2001-05-26
1632,21,154,3,1,KA9296866,Mahesh Bhat,1980-10-03,M,7,0,2004-02-04
1633,6,72,5,1,KA9519865,Ganesh Pillai,1984-08-24,M,6,0,2008-01-16
1634,1,4,1,4,KA5072572,Girish Patil,1992-06-26,M,8,0,2018-06-20
1635,1,27,1,4,KA9706817,Kumar Raju,1975-02-19,M,7,0,2000-04-06
1636,25,165,6,1,KA2592385,Ganesh Swamy,1992-08-06,M,2,0,2017-10-22
1637,28,173,3,1,KA7605946,Lakshmi Patil,1969-12-08,F,1,0,1994-04-14
1638,20,147,2,4,KA8244357,Srinivas Pillai,1973-07-28,M,1,0,1995-10-07
1639,7,85,4,1,KA7914627,Naresh Naik,1992-08-03,M,1,0,2016-03-18
1640,28,175,6,1,KA5172511,Girish Patil,1981-08-03,M,5,0,2005-07-19
1641,30,179,2,2,KA4512830,Suresh Patil,1968-07-18,M,6,0,1992-01-02
1642,3,45,6,1,KA2490982,Prakash Nair,1974-08-07,M,6,0,2001-05-21
1643,4,59,5,1,KA6131062,Shivaraj Bhat,1982-10-27,M,2,0,2009-06-14
1644,7,81,2,2,KA7420579,Suma Raju,1969-02-16,F,4,0,1993-11-25
1645,11,113,2,2,KA3827685,Basavaraj Patil,1980-10-21,M,6,0,2007-01-08
1646,15,130,1,3,KA3984802,Dinesh Swamy,1968-03-17,M,7,0,1993-05-02
1647,1,24,1,4,KA5418616,Mahesh Kumar,1970-03-13,M,3,0,1997-02-04
1648,2,35,2,3,KA2379281,Shivaraj Patil,1979-09-28,M,6,0,2002-04-22
1649,5,63,1,3,KA1442233,Meena Pillai,1972-06-09,F,8,0,1995-04-17
1650,4,58,7,1,KA4623343,Venkatesh Kumar,1977-04-08,M,3,0,2002-11-19
1651,22,157,6,1,KA8364357,Venkatesh Naik,1975-05-06,M,7,0,2002-01-10
1652,3,48,2,4,KA7494523,Praveen Kumar,1973-10-04,M,5,0,1998-12-31
1653,5,68,5,1,KA7115538,Prakash Nair,1977-09-03,M,4,0,2001-09-25
1654,2,35,4,1,KA5142216,Prakash Gowda,1982-08-04,M,3,0,2009-05-25
1655,17,138,2,2,KA6844222,Manjunath Bhat,1982-12-16,M,4,0,2005-07-12
1656,12,118,1,4,KA8317957,Praveen Pillai,1969-04-06,M,2,0,1993-09-13
1657,12,115,3,1,KA1965457,Kavitha Naik,1971-12-12,F,6,0,1997-07-29
1658,8,91,4,1,KA5632027,Ramesh Gowda,1994-02-01,M,5,0,2020-02-07
1659,21,154,4,1,KA3237355,Vinitha Naik,1975-01-02,F,7,0,1999-05-28
1660,30,179,3,1,KA4901782,Srinivas Rao,1983-05-10,M,7,0,2007-03-11
1661,7,81,3,1,KA1888704,Shivaraj Raju,1996-09-18,M,6,0,2022-02-12
1662,16,136,1,2,KA4265164,Mahesh Swamy,1978-06-18,M,4,0,2004-07-16
1663,3,47,1,4,KA3004878,Shobha Nair,1995-09-12,F,6,0,2021-04-27
1664,29,176,4,1,KA7837960,Ravi Swamy,1979-08-23,M,7,0,2006-02-20
1665,3,47,2,3,KA3976461,Ramesh Pillai,1992-09-20,M,7,0,2016-06-13
1666,5,67,1,2,KA6892169,Basavaraj Gowda,1979-01-06,M,2,0,2002-02-14
1667,1,6,1,1,KA7260367,Ganesh Murthy,1969-10-30,M,2,0,1992-02-26
1668,7,84,1,1,KA7288704,Manjunath Naik,1979-10-06,M,2,0,2003-06-19
1669,14,128,3,1,KA4663705,Lakshmi Raju,1988-11-12,F,6,0,2013-11-07
1670,20,147,2,4,KA3977821,Ramesh Swamy,1989-01-31,M,3,0,2016-01-25
1671,1,10,3,1,KA3018015,Srinivas Naik,1972-11-27,M,5,0,1999-11-15
1672,3,47,4,1,KA3808259,Suma Patil,1970-07-20,F,2,0,1995-06-10
1673,8,87,3,1,KA7523750,Naveen Reddy,1976-08-16,M,8,0,2002-04-20
1674,8,87,1,2,KA5017327,Pushpa Murthy,1985-12-22,F,8,0,2010-01-03
1675,1,16,2,1,KA9721531,Ravi Naik,1975-06-21,M,2,0,2001-12-31
1676,19,145,3,1,KA9924232,Santosh Sharma,1971-03-23,M,7,0,1997-02-22
1677,2,35,2,2,KA5915038,Dinesh Rao,1976-12-05,M,7,0,2003-03-12
1678,1,7,2,3,KA9121925,Ravi Gowda,1974-12-26,M,7,0,1997-07-21
1679,30,179,4,1,KA1698478,Harish Nair,1994-07-19,M,4,0,2019-06-28
1680,20,147,3,1,KA6262234,Savitha Sharma,1972-09-02,F,1,0,1995-08-18
1681,3,49,2,1,KA8278024,Suresh Rao,1981-03-29,M,3,0,2006-03-29
1682,1,26,1,2,KA6373918,Suresh Sharma,1976-07-05,M,2,0,1999-07-15
1683,25,164,3,1,KA1758898,Basavaraj Kumar,1969-07-10,M,7,0,1991-08-05
1684,1,2,1,3,KA3970536,Ganesh Sharma,1986-03-28,M,7,0,2011-12-02
1685,10,103,6,1,KA3376818,Prakash Sharma,1995-01-05,M,4,0,2017-11-14
1686,11,109,7,1,KA6196562,Girish Sharma,1971-06-06,M,4,0,1997-05-24
1687,5,70,7,1,KA1171587,Pushpa Bhat,1978-08-31,F,7,0,2004-07-08
1688,3,49,6,1,KA1174981,Ravi Rao,1975-02-14,M,7,0,1998-07-12
1689,29,177,4,1,KA2918984,Srinivas Reddy,1987-01-07,M,2,0,2009-05-25
1690,17,138,1,3,KA7680763,Basavaraj Gowda,1982-05-03,M,5,0,2005-04-04
1691,5,67,3,1,KA3003211,Harish Pillai,1992-02-26,M,7,0,2018-05-28
1692,14,128,3,1,KA9694382,Dinesh Gowda,1988-01-06,M,1,0,2010-09-17
1693,1,10,1,1,KA2130790,Ganesh Gowda,1979-08-12,M,4,0,2002-08-18
1694,2,37,4,1,KA1688736,Prakash Shetty,1977-03-11,M,4,0,2002-07-10
1695,1,4,3,1,KA5207762,Santosh Naik,1990-03-03,M,3,0,2014-01-25
1696,1,15,4,1,KA3568550,Dinesh Sharma,1979-06-20,M,5,0,2003-08-01
1697,3,50,4,1,KA8363043,Venkatesh Reddy,1981-12-14,M,1,0,2007-08-17
1698,22,155,1,2,KA3405239,Mahesh Pillai,1973-04-24,M,6,0,1996-11-28
1699,16,137,3,1,KA3850704,Mahesh Hegde,1996-03-27,M,6,0,2021-09-08
1700,29,176,1,4,KA1057394,Ramesh Sharma,1986-07-16,M,1,0,2008-07-22
1701,4,58,6,1,KA2240239,Praveen Gowda,1968-11-02,M,1,0,1991-01-08
1702,25,166,3,1,KA7488875,Basavaraj Sharma,1979-09-14,M,8,0,2003-04-09
1703,22,157,2,4,KA9038452,Lakshmi Raju,1985-10-21,F,3,0,2009-09-21
1704,6,74,1,2,KA7517139,Prakash Kumar,1968-06-10,M,5,0,1994-07-11
1705,11,111,1,1,KA8716379,Rekha Bhat,1983-07-28,F,7,0,2006-05-12
1706,10,103,1,3,KA4491354,Shivaraj Pillai,1991-05-31,M,7,0,2018-02-08
1707,12,116,4,1,KA8776527,Kumar Shetty,1977-02-09,M,6,0,2001-04-09
1708,16,136,4,1,KA4639973,Ravi Reddy,1987-10-14,M,4,0,2011-02-23
1709,12,119,7,1,KA7848595,Naveen Patil,1972-06-06,M,6,0,1999-04-02
1710,13,121,1,4,KA6038538,Dinesh Hegde,1992-02-23,M,7,0,2017-03-04
1711,3,41,3,1,KA9682223,Dinesh Patil,1967-06-07,M,7,0,1991-07-28
1712,4,53,4,1,KA3891398,Srinivas Naik,1979-09-16,M,5,0,2004-11-15
1713,3,40,5,1,KA4318696,Pushpa Swamy,1968-04-03,F,3,0,1992-06-29
1714,2,34,6,1,KA9901791,Srinivas Kumar,1975-03-11,M,1,0,1998-12-12
1715,1,3,1,1,KA6256199,Mahesh Gowda,1994-08-27,M,6,0,2018-06-30
1716,1,17,1,3,KA8492990,Ramesh Kumar,1980-09-27,M,8,0,2006-03-21
1717,1,26,1,2,KA3738993,Naresh Rao,1971-10-26,M,7,0,1994-09-12
1718,19,144,1,4,KA5718333,Naveen Hegde,1972-03-30,M,4,0,1997-10-02
1719,11,114,7,1,KA1660659,Pushpa Reddy,1992-08-31,F,3,0,2018-11-20
1720,3,44,2,3,KA8397687,Meena Hegde,1996-02-16,F,3,0,2021-05-25
1721,19,146,4,1,KA6700506,Rajesh Shetty,1981-08-06,M,2,0,2008-07-18
1722,23,160,1,4,KA3507958,Suma Reddy,1983-07-24,F,2,0,2009-05-05
1723,24,163,1,1,KA6951077,Shobha Raju,1982-08-20,F,8,0,2006-04-04
1724,9,94,1,3,KA9731393,Praveen Hegde,1985-09-07,M,1,0,2008-09-29
1725,5,62,4,1,KA8531813,Naresh Naik,1983-04-08,M,7,0,2006-09-22
1726,26,169,5,1,KA2346274,Girish Bhat,1976-06-21,M,6,0,2002-02-25
1727,23,160,7,1,KA1322326,Ramesh Pillai,1996-07-17,M,5,0,2022-08-24
1728,1,10,2,4,KA6631019,Basavaraj Hegde,1984-11-23,M,6,0,2010-10-15
1729,8,88,4,1,KA5388717,Kumar Hegde,1991-01-31,M,4,0,2015-01-04
1730,12,116,7,1,KA6345454,Girish Gowda,1993-03-20,M,2,0,2019-09-19
1731,1,28,5,1,KA3971366,Ramesh Nair,1986-02-14,M,6,0,2008-07-10
1732,1,23,1,1,KA6723292,Praveen Nair,1993-08-21,M,2,0,2015-09-04
1733,7,85,6,1,KA3046457,Srinivas Raju,1967-03-12,M,1,0,1989-10-08
1734,1,21,4,1,KA2536556,Dinesh Sharma,1988-09-11,M,1,0,2011-03-12
1735,31,184,1,3,KA9880742,Venkatesh Kumar,1993-06-16,M,4,0,2017-08-11
1736,22,155,2,3,KA2027878,Dinesh Bhat,1988-09-03,M,8,0,2013-04-15
1737,3,51,1,2,KA3080547,Rajesh Gowda,1985-03-18,M,2,0,2008-01-01
1738,3,42,1,3,KA7916943,Santosh Nair,1979-04-26,M,5,0,2004-11-11
1739,5,62,2,3,KA5721932,Girish Pillai,1973-03-22,M,3,0,1995-03-31
1740,1,16,2,4,KA2341365,Mahesh Shetty,1969-03-20,M,8,0,1995-06-09
1741,8,93,3,1,KA2105263,Mahesh Patil,1969-11-10,M,5,0,1995-08-24
1742,13,123,2,3,KA9205525,Santosh Shetty,1980-05-27,M,6,0,2005-03-10
1743,3,44,3,1,KA6920595,Dinesh Kumar,1995-02-08,M,7,0,2020-12-17
1744,10,104,7,1,KA8791214,Srinivas Patil,1976-03-22,M,8,0,2003-01-29
1745,2,36,1,2,KA7701126,Ravi Hegde,1982-10-24,M,6,0,2006-12-08
1746,3,48,3,1,KA1274967,Naresh Reddy,1987-04-15,M,7,0,2009-10-20
1747,1,6,1,2,KA6092256,Girish Patil,1974-09-17,M,5,0,1998-11-23
1748,14,128,4,1,KA3681345,Basavaraj Swamy,1977-08-09,M,8,0,2002-01-11
1749,1,18,1,4,KA5854015,Anitha Patil,1982-07-09,F,3,0,2008-06-17
1750,10,107,1,3,KA3660906,Basavaraj Nair,1975-01-07,M,6,0,1997-01-27
1751,1,32,3,1,KA9885829,Naveen Hegde,1970-02-23,M,5,0,1992-11-09
1752,2,33,4,1,KA8944398,Prakash Nair,1980-06-11,M,2,0,2005-08-06
1753,4,54,1,2,KA6243501,Prakash Hegde,1982-05-22,M,8,0,2008-03-25
1754,7,85,3,1,KA6399457,Shivaraj Patil,1988-04-20,M,4,0,2010-12-31
1755,5,64,6,1,KA8881139,Naveen Kumar,1975-02-07,M,1,0,2000-03-30
1756,2,38,5,1,KA2364116,Ganesh Hegde,1969-01-17,M,8,0,1992-10-31
1757,9,100,2,3,KA3400540,Girish Gowda,1988-05-09,M,6,0,2014-10-10
1758,4,58,1,3,KA6975520,Suresh Shetty,1968-08-15,M,8,0,1990-08-16
1759,7,81,2,2,KA4157389,Girish Patil,1969-11-22,M,2,0,1996-10-29
1760,3,50,7,1,KA9457885,Suresh Bhat,1973-07-15,M,5,0,2000-01-01
1761,1,3,4,1,KA4426579,Ravi Hegde,1983-08-24,M,3,0,2007-02-03
1762,11,108,4,1,KA8800390,Rajesh Raju,1993-06-28,M,3,0,2017-07-16
1763,21,153,1,3,KA2807658,Ravi Murthy,1977-02-05,M,5,0,2003-05-03
1764,12,117,3,1,KA3156470,Dinesh Bhat,1984-03-31,M,6,0,2007-02-22
1765,7,84,6,1,KA7187806,Suma Naik,1972-03-26,F,3,0,1996-11-22
1766,24,161,1,3,KA7636021,Ravi Murthy,1977-07-17,M,3,0,2003-02-24
1767,7,83,1,1,KA9585041,Suresh Raju,1971-08-25,M,1,0,1997-11-15
1768,1,18,1,1,KA9770802,Ramesh Shetty,1990-09-29,M,3,0,2013-07-30
1769,8,93,5,1,KA2361617,Lakshmi Gowda,1981-01-01,F,7,0,2004-11-18
1770,17,140,2,4,KA7643612,Mahesh Shetty,1994-03-26,M,3,0,2019-02-27
1771,12,115,1,3,KA4815074,Mahesh Pillai,1989-11-19,M,4,0,2012-07-07
1772,25,165,1,1,KA1707593,Shivaraj Naik,1986-11-27,M,4,0,2011-07-29
1773,14,129,1,4,KA7640569,Ramesh Pillai,1982-09-09,M,1,0,2006-06-26
1774,27,172,1,1,KA1673270,Harish Shetty,1978-05-29,M,4,0,2003-06-23
1775,14,126,3,1,KA2352703,Dinesh Kumar,1996-09-12,M,6,0,2020-08-22
1776,2,39,1,3,KA5456812,Naresh Hegde,1972-12-19,M,6,0,1994-12-29
1777,22,156,1,2,KA6487124,Naresh Pillai,1985-07-11,M,5,0,2009-05-21
1778,12,115,1,4,KA4432451,Harish Shetty,1969-12-15,M,3,0,1995-08-05
1779,4,53,1,3,KA4596069,Ravi Nair,1988-01-16,M,5,0,2014-04-14
1780,4,59,4,1,KA5233438,Suresh Raju,1971-08-05,M,4,0,1998-07-27
1781,3,47,1,4,KA7519151,Harish Naik,1982-01-15,M,6,0,2005-03-07
1782,3,43,5,1,KA5787252,Ravi Swamy,1974-12-19,M,4,0,1999-08-23
1783,1,8,1,1,KA5600838,Ganesh Sharma,1969-03-29,M,1,0,1991-07-04
1784,3,41,3,1,KA7174850,Ravi Bhat,1992-08-28,M,4,0,2014-12-10
1785,9,96,7,1,KA8004270,Kumar Bhat,1993-08-10,M,1,0,2017-02-28
1786,6,78,1,4,KA4433725,Suresh Sharma,1990-08-29,M,2,0,2014-02-12
1787,1,8,5,1,KA1240653,Vinitha Raju,1975-08-24,F,2,0,1998-08-10
1788,20,149,6,1,KA5530969,Venkatesh Shetty,1972-01-06,M,1,0,1995-07-13
1789,29,178,4,1,KA2093165,Basavaraj Gowda,1990-02-22,M,7,0,2013-05-03
1790,11,111,2,2,KA1222617,Rajesh Naik,1976-02-17,M,1,0,2000-06-04
1791,13,123,1,3,KA1409580,Girish Bhat,1987-12-05,M,5,0,2014-05-29
1792,12,115,4,1,KA1740262,Lakshmi Kumar,1996-12-07,F,7,0,2022-07-25
1793,31,184,1,3,KA2483374,Basavaraj Nair,1994-11-25,M,6,0,2018-06-28
1794,9,96,1,2,KA6380641,Basavaraj Murthy,1967-06-24,M,6,0,1991-07-18
1795,13,120,2,3,KA3476873,Praveen Hegde,1981-06-08,M,8,0,2007-09-21
1796,1,23,2,2,KA6583525,Kumar Patil,1970-01-04,M,6,0,1993-05-31
1797,28,175,3,1,KA1717322,Srinivas Nair,1989-08-26,M,6,0,2016-08-16
1798,17,139,2,2,KA3340778,Ramesh Swamy,1968-08-21,M,4,0,1995-04-15
1799,11,108,6,1,KA1704281,Ravi Gowda,1992-01-01,M,2,0,2016-10-17
1800,27,171,3,1,KA4804776,Girish Sharma,1989-08-19,M,6,0,2015-10-06
1801,9,96,6,1,KA9776514,Santosh Bhat,1972-06-02,M,7,0,1996-08-13
1802,29,177,2,4,KA3612232,Prakash Bhat,1992-03-31,M,4,0,2015-07-01
1803,14,127,1,3,KA5057290,Manjunath Nair,1990-07-18,M,7,0,2012-12-06
1804,1,25,4,1,KA1272126,Dinesh Murthy,1988-06-14,M,1,0,2010-07-27
1805,28,175,6,1,KA5251915,Dinesh Reddy,1993-10-27,M,8,0,2016-03-07
1806,10,104,4,1,KA6036779,Usha Patil,1996-07-18,F,6,0,2022-06-11
1807,23,159,2,1,KA9243207,Dinesh Rao,1970-07-27,M,1,0,1995-03-27
1808,30,180,1,4,KA2644281,Prakash Naik,1975-10-11,M,7,0,2002-08-03
1809,29,176,2,4,KA1648801,Naveen Sharma,1975-01-10,M,8,0,1997-02-28
1810,17,140,1,2,KA2577152,Mahesh Shetty,1992-11-21,M,8,0,2015-05-04
1811,13,121,3,1,KA6197809,Santosh Kumar,1995-06-25,M,8,0,2019-04-11
1812,29,176,1,1,KA9494212,Kumar Gowda,1991-04-06,M,8,0,2016-07-28
1813,30,179,1,1,KA5248063,Naresh Shetty,1971-09-04,M,2,0,1995-11-01
1814,12,116,7,1,KA3730427,Basavaraj Reddy,1983-11-11,M,1,0,2010-08-19
1815,29,176,1,1,KA4340730,Santosh Hegde,1990-01-28,M,8,0,2016-10-02
1816,26,168,5,1,KA7320306,Rajesh Hegde,1989-02-05,M,1,0,2015-06-01
1817,28,175,6,1,KA9277057,Venkatesh Patil,1970-11-04,M,4,0,1997-07-26
1818,2,36,1,1,KA8350052,Ganesh Gowda,1991-02-06,M,8,0,2017-03-27
1819,16,135,4,1,KA2783889,Kumar Naik,1980-07-01,M,7,0,2006-01-16
1820,30,180,3,1,KA2093460,Girish Hegde,1978-01-29,M,2,0,2000-06-09
1821,15,130,2,2,KA3030225,Prakash Shetty,1986-02-09,M,1,0,2013-01-01
1822,3,51,4,1,KA7263217,Praveen Reddy,1977-01-04,M,5,0,2002-09-11
1823,1,30,2,2,KA4396501,Naresh Swamy,1971-12-01,M,3,0,1994-02-14
1824,1,16,2,1,KA2891674,Ravi Naik,1974-02-18,M,5,0,2000-07-15
1825,2,36,7,1,KA9059592,Rajesh Rao,1982-09-08,M,4,0,2006-01-14
1826,4,55,2,4,KA2189815,Basavaraj Shetty,1992-07-30,M,3,0,2015-07-13
1827,1,18,6,1,KA2217859,Manjunath Reddy,1975-08-05,M,3,0,2000-06-15
1828,8,93,4,1,KA5403489,Kumar Pillai,1986-11-29,M,7,0,2013-07-15
1829,7,83,6,1,KA4231387,Kumar Naik,1979-04-27,M,6,0,2001-06-16
1830,4,58,6,1,KA9548784,Naveen Pillai,1991-04-23,M,7,0,2015-12-24
1831,15,134,3,1,KA2259220,Naresh Kumar,1984-02-13,M,7,0,2008-11-21
1832,1,22,3,1,KA1670225,Kumar Gowda,1990-06-29,M,6,0,2016-10-22
1833,8,88,4,1,KA9980691,Girish Shetty,1983-05-29,M,6,0,2010-01-29
1834,14,125,3,1,KA3302963,Asha Shetty,1979-09-14,F,8,0,2005-12-07
1835,15,133,3,1,KA2055863,Basavaraj Patil,1969-05-16,M,5,0,1994-11-24
1836,21,153,1,3,KA6438575,Girish Pillai,1973-12-26,M,4,0,1997-03-31
1837,7,86,1,4,KA5672826,Prakash Rao,1973-10-19,M,5,0,1999-07-29
1838,2,36,3,1,KA7064744,Dinesh Nair,1983-10-15,M,6,0,2006-11-02
1839,3,45,3,1,KA5889906,Srinivas Swamy,1991-10-06,M,4,0,2017-10-22
1840,25,166,7,1,KA5121051,Santosh Reddy,1974-09-23,M,7,0,1998-10-24
1841,12,118,3,1,KA3455176,Girish Sharma,1972-11-30,M,5,0,1996-10-24
1842,18,141,2,1,KA4169687,Girish Gowda,1979-05-22,M,5,0,2001-05-22
1843,20,150,3,1,KA8054705,Meena Sharma,1984-08-04,F,4,0,2009-06-10
1844,21,153,2,4,KA7490848,Kumar Raju,1992-03-04,M,6,0,2016-10-29
1845,1,14,2,1,KA5653261,Naresh Gowda,1995-03-07,M,2,0,2021-11-30
1846,1,25,5,1,KA1670038,Girish Reddy,1978-01-13,M,1,0,2001-03-02
1847,6,71,4,1,KA5037944,Santosh Swamy,1984-04-09,M,4,0,2008-08-31
1848,5,69,5,1,KA4965501,Naveen Swamy,1972-03-25,M,3,0,1996-03-13
1849,4,57,5,1,KA7430237,Praveen Patil,1989-04-24,M,4,0,2015-10-25
1850,20,147,1,4,KA3089825,Rajesh Reddy,1969-06-22,M,2,0,1992-12-20
1851,12,118,1,2,KA4696718,Kumar Kumar,1969-09-04,M,5,0,1992-08-03
1852,11,112,1,4,KA8485410,Venkatesh Raju,1971-01-08,M,4,0,1997-10-31
1853,11,114,4,1,KA7450428,Mahesh Hegde,1977-03-03,M,7,0,1999-12-30
1854,28,173,7,1,KA9790177,Girish Kumar,1974-12-21,M,6,0,1999-05-28
1855,9,100,3,1,KA4447207,Basavaraj Murthy,1977-03-09,M,6,0,2002-07-28
1856,30,179,6,1,KA7778101,Mahesh Swamy,1980-01-30,M,4,0,2003-01-03
1857,5,64,1,4,KA8880476,Prakash Hegde,1983-12-25,M,1,0,2007-04-05
1858,30,179,4,1,KA1367073,Praveen Kumar,1994-02-13,M,7,0,2018-08-22
1859,14,126,1,4,KA8115851,Prakash Hegde,1977-06-13,M,2,0,2003-06-30
1860,9,94,1,2,KA3827659,Prakash Kumar,1985-05-13,M,4,0,2010-01-12
1861,3,51,3,1,KA7116500,Manjunath Swamy,1995-05-24,M,1,0,2019-07-08
1862,3,41,7,1,KA1839952,Mahesh Bhat,1992-11-16,M,5,0,2018-04-24
1863,6,76,1,4,KA5672680,Girish Shetty,1990-09-01,M,3,0,2017-06-19
1864,1,18,3,1,KA2548050,Harish Reddy,1986-08-15,M,1,0,2013-06-29
1865,13,121,3,1,KA4963537,Naresh Rao,1978-01-13,M,1,0,2000-12-16
1866,1,20,4,1,KA2703060,Dinesh Swamy,1993-12-31,M,5,0,2020-04-25
1867,12,119,1,3,KA4001846,Naresh Murthy,1972-03-12,M,3,0,1998-06-12
1868,1,3,5,1,KA3882234,Naresh Kumar,1982-06-03,M,5,0,2009-03-14
1869,1,15,3,1,KA3801816,Rajesh Murthy,1979-05-10,M,1,0,2002-02-04
1870,22,156,6,1,KA5685491,Ramesh Kumar,1980-07-19,M,8,0,2005-10-01
1871,31,183,1,1,KA2125315,Naresh Bhat,1985-11-20,M,7,0,2008-10-11
1872,14,126,3,1,KA7776291,Harish Shetty,1979-04-21,M,8,0,2004-05-16
1873,22,156,5,1,KA7798104,Geetha Patil,1971-02-12,F,5,0,1997-02-16
1874,14,128,3,1,KA1610970,Kumar Reddy,1991-05-11,M,4,0,2017-11-08
1875,1,30,1,4,KA7307297,Prakash Pillai,1969-11-28,M,5,0,1994-03-16
1876,1,5,1,2,KA8548747,Santosh Shetty,1987-05-09,M,3,0,2011-10-11
1877,2,37,1,4,KA5243292,Harish Hegde,1996-04-14,M,8,0,2019-07-18
1878,4,53,7,1,KA7975966,Srinivas Patil,1976-03-28,M,1,0,1998-12-15
1879,1,26,4,1,KA1891194,Ramesh Sharma,1983-10-08,M,6,0,2007-11-07
1880,11,111,4,1,KA5931680,Ravi Sharma,1993-07-08,M,6,0,2018-11-09
1881,13,123,1,3,KA4246044,Shivaraj Shetty,1993-12-24,M,5,0,2017-12-09
1882,2,38,1,1,KA1414120,Kavitha Naik,1971-10-30,F,4,0,1995-04-29
1883,10,104,2,4,KA6820448,Prakash Naik,1982-01-14,M,6,0,2008-07-01
1884,20,150,3,1,KA8355095,Suresh Nair,1991-06-28,M,8,0,2018-06-05
1885,18,141,4,1,KA2128925,Manjunath Naik,1971-08-13,M,3,0,1996-06-08
1886,31,183,4,1,KA5481292,Usha Patil,1977-04-16,F,3,0,2003-05-18
1887,9,99,3,1,KA4694972,Dinesh Gowda,1984-08-25,M,1,0,2008-11-04
1888,11,108,1,4,KA3544205,Rajesh Reddy,1971-06-26,M,7,0,1994-07-21
1889,1,1,1,1,KA5454479,Girish Sharma,1994-01-18,M,8,0,2016-12-12
1890,3,43,7,1,KA2341666,Venkatesh Shetty,1974-11-19,M,8,0,1997-07-04
1891,9,96,4,1,KA6546545,Santosh Swamy,1975-12-27,M,6,0,1999-06-02
1892,6,72,4,1,KA5115393,Praveen Murthy,1970-05-20,M,4,0,1996-09-23
1893,7,85,1,4,KA7789891,Kumar Shetty,1974-03-13,M,1,0,1997-11-12
1894,5,66,6,1,KA3482557,Savitha Nair,1992-03-30,F,4,0,2018-11-06
1895,12,119,1,3,KA7923034,Venkatesh Sharma,1990-02-23,M,7,0,2012-09-06
1896,5,63,1,4,KA2112674,Santosh Rao,1989-09-25,M,6,0,2015-03-19
1897,11,111,2,4,KA1513307,Anitha Hegde,1990-02-10,F,6,0,2014-06-02
1898,14,125,1,2,KA7800102,Suma Rao,1974-12-16,F,7,0,1999-03-01
1899,3,43,3,1,KA6488547,Harish Kumar,1981-12-11,M,7,0,2004-10-27
1900,1,3,1,4,KA9265269,Ganesh Gowda,1990-04-16,M,2,0,2015-04-21
1901,25,166,4,1,KA1035018,Shobha Nair,1990-03-17,F,8,0,2012-06-24
1902,9,94,6,1,KA2468345,Ramesh Rao,1980-12-29,M,1,0,2006-09-18
1903,1,10,1,1,KA1003575,Harish Patil,1970-11-16,M,4,0,1993-04-27
1904,1,28,2,3,KA9826283,Ravi Pillai,1985-01-11,M,2,0,2010-05-05
1905,12,119,1,3,KA3640633,Harish Reddy,1969-10-30,M,2,0,1996-08-04
1906,1,9,1,3,KA3731440,Venkatesh Bhat,1979-05-17,M,8,0,2006-02-19
1907,6,76,1,4,KA8012366,Prakash Murthy,1967-09-16,M,4,0,1993-08-25
1908,4,54,2,2,KA3604144,Harish Raju,1986-03-23,M,1,0,2010-10-17
1909,2,38,1,2,KA3505288,Praveen Sharma,1992-03-10,M,2,0,2016-09-09
1910,20,149,2,4,KA8303706,Santosh Bhat,1986-04-16,M,7,0,2012-04-20
1911,6,78,3,1,KA1567676,Shivaraj Bhat,1987-08-12,M,6,0,2012-04-01
1912,1,13,1,3,KA7535716,Dinesh Patil,1995-08-12,M,3,0,2022-04-24
1913,31,182,2,2,KA6484609,Srinivas Raju,1982-07-04,M,7,0,2007-01-04
1914,3,48,4,1,KA3754468,Praveen Pillai,1996-09-08,M,5,0,2023-07-19
1915,2,38,2,2,KA5026924,Basavaraj Sharma,1995-02-19,M,8,0,2022-01-28
1916,10,107,1,1,KA7052003,Lakshmi Bhat,1995-04-19,F,6,0,2021-08-08
1917,1,27,1,2,KA4541028,Prakash Patil,1975-05-13,M,3,0,2001-09-03
1918,10,101,3,1,KA4299424,Manjunath Rao,1973-04-21,M,7,0,1998-08-07
1919,21,152,4,1,KA8657731,Suresh Shetty,1972-06-23,M,1,0,1996-02-02
1920,24,161,3,1,KA8000211,Rajesh Hegde,1994-03-16,M,8,0,2018-11-06
1921,7,81,1,4,KA5440937,Mamatha Swamy,1970-07-07,F,5,0,1993-09-30
1922,4,59,6,1,KA7623855,Asha Naik,1971-01-09,F,5,0,1994-06-07
1923,12,116,1,1,KA8214383,Venkatesh Naik,1986-04-20,M,1,0,2010-07-06
1924,17,138,1,1,KA9417998,Shobha Nair,1972-07-03,F,5,0,1996-10-28
1925,4,55,3,1,KA5824408,Suresh Shetty,1973-01-23,M,2,0,1998-10-03
1926,7,85,4,1,KA4359756,Ravi Murthy,1989-01-26,M,1,0,2014-02-10
1927,5,63,4,1,KA2668660,Mahesh Patil,1975-06-30,M,3,0,1997-08-05
1928,26,169,1,3,KA7972202,Vinitha Rao,1983-11-28,F,3,0,2009-08-28
1929,8,93,1,3,KA6192421,Lakshmi Bhat,1992-08-22,F,2,0,2018-11-30
1930,1,1,1,3,KA4002626,Ramesh Pillai,1986-04-11,M,2,0,2008-08-18
1931,16,137,3,1,KA3048456,Santosh Gowda,1976-02-24,M,8,0,2000-12-30
1932,8,92,1,2,KA7507557,Girish Nair,1992-11-22,M,4,0,2016-11-09
1933,23,159,1,2,KA3446335,Girish Bhat,1993-02-22,M,6,0,2015-06-26
1934,24,162,2,3,KA7531004,Shivaraj Kumar,1981-04-04,M,7,0,2003-05-30
1935,10,104,5,1,KA4190081,Manjunath Nair,1987-06-30,M,8,0,2010-06-02
1936,26,169,1,4,KA7497406,Mahesh Bhat,1974-11-05,M,6,0,1999-12-15
1937,1,10,1,1,KA6962982,Dinesh Sharma,1976-09-14,M,1,0,1999-09-29
1938,10,107,2,4,KA2429842,Rekha Raju,1996-09-08,F,3,0,2020-06-09
1939,1,30,3,1,KA8942834,Naveen Murthy,1970-06-05,M,8,0,1993-03-04
1940,8,88,5,1,KA1544925,Shivaraj Bhat,1991-08-25,M,6,0,2017-02-18
1941,6,76,2,1,KA1921287,Shivaraj Pillai,1995-04-11,M,5,0,2022-01-27
1942,9,98,1,3,KA7912713,Ramesh Bhat,1990-02-26,M,2,0,2013-09-17
1943,6,79,2,1,KA1438686,Rekha Gowda,1983-07-28,F,5,0,2007-11-02
1944,16,135,1,1,KA7082280,Mahesh Pillai,1969-12-22,M,2,0,1995-04-27
1945,7,82,2,2,KA2322696,Girish Nair,1991-06-21,M,4,0,2014-06-24
1946,18,141,5,1,KA2336525,Harish Pillai,1972-09-27,M,5,0,1999-07-17
1947,10,104,1,4,KA2559735,Pushpa Rao,1995-03-12,F,6,0,2018-12-04
1948,1,25,1,1,KA9002347,Suresh Reddy,1970-08-19,M,1,0,1992-08-21
1949,1,28,3,1,KA5153632,Prakash Hegde,1985-03-01,M,2,0,2008-01-15
1950,19,146,7,1,KA1282620,Naresh Raju,1992-05-12,M,8,0,2017-11-18
1951,28,175,4,1,KA7843602,Ramesh Reddy,1974-02-27,M,1,0,1997-06-24
1952,3,49,5,1,KA4991496,Girish Swamy,1974-12-03,M,1,0,1999-12-23
1953,3,50,2,3,KA3285233,Naveen Raju,1973-05-06,M,7,0,1996-12-20
1954,6,74,3,1,KA3091259,Usha Sharma,1984-12-08,F,7,0,2008-04-26
1955,1,30,1,2,KA5243565,Naveen Shetty,1978-10-30,M,3,0,2004-02-15
1956,5,64,4,1,KA1674548,Praveen Gowda,1991-01-29,M,4,0,2017-01-18
1957,1,19,4,1,KA4659709,Vinitha Naik,1979-04-25,F,5,0,2002-01-16
1958,4,54,4,1,KA1230853,Mamatha Naik,1992-01-20,F,7,0,2018-09-09
1959,2,38,1,1,KA7186712,Dinesh Shetty,1967-12-15,M,6,0,1994-05-05
1960,28,175,3,1,KA4381430,Usha Raju,1984-09-06,F,3,0,2009-02-25
1961,27,171,6,1,KA9219381,Prakash Kumar,1967-04-24,M,8,0,1990-08-28
1962,1,1,1,2,KA2030198,Usha Naik,1977-08-01,F,1,0,2002-03-02
1963,10,106,1,3,KA3360518,Manjunath Rao,1992-01-25,M,5,0,2018-12-28
1964,13,122,1,4,KA6835836,Kumar Nair,1973-04-07,M,5,0,1995-08-13
1965,6,71,4,1,KA5523800,Srinivas Kumar,1975-08-19,M,3,0,1999-10-21
1966,1,5,1,4,KA7452209,Srinivas Sharma,1986-07-04,M,4,0,2012-02-09
1967,2,38,4,1,KA7221563,Geetha Murthy,1992-02-04,F,5,0,2015-07-31
1968,15,133,4,1,KA7773209,Girish Pillai,1983-02-08,M,1,0,2009-04-10
1969,6,73,7,1,KA5098576,Ganesh Kumar,1985-09-17,M,3,0,2012-03-27
1970,1,6,1,4,KA6726001,Manjunath Naik,1982-05-03,M,1,0,2008-08-17
1971,6,79,4,1,KA5562422,Naresh Gowda,1977-12-18,M,4,0,2001-05-10
1972,8,92,3,1,KA8916404,Naveen Swamy,1992-09-16,M,4,0,2016-10-28
1973,8,87,6,1,KA5046113,Rekha Naik,1981-01-04,F,6,0,2005-08-21
1974,29,177,1,2,KA4880644,Kumar Murthy,1993-08-07,M,7,0,2016-02-29
1975,16,137,2,4,KA3277024,Dinesh Shetty,1993-10-06,M,4,0,2016-04-28
1976,1,10,1,4,KA3017920,Dinesh Patil,1985-07-08,M,5,0,2007-07-26
1977,1,24,1,1,KA2568840,Srinivas Sharma,1981-09-25,M,5,0,2005-01-16
1978,5,62,4,1,KA5648656,Shivaraj Bhat,1995-01-15,M,3,0,2019-09-10
1979,14,126,6,1,KA7909008,Rajesh Sharma,1987-04-26,M,6,0,2013-10-05
1980,20,148,1,4,KA6854557,Manjunath Swamy,1984-07-25,M,6,0,2006-07-20
1981,1,7,1,1,KA5618061,Shivaraj Bhat,1992-08-24,M,4,0,2018-02-23
1982,1,12,4,1,KA4507628,Naresh Kumar,1988-12-21,M,4,0,2012-01-21
1983,12,116,4,1,KA3256787,Srinivas Naik,1986-11-25,M,1,0,2012-05-08
1984,6,77,4,1,KA2061460,Dinesh Patil,1977-08-26,M,3,0,2000-07-01
1985,1,9,2,4,KA2820737,Rajesh Reddy,1973-02-09,M,2,0,1996-01-28
1986,10,107,1,2,KA3788191,Dinesh Gowda,1992-02-27,M,5,0,2016-07-30
1987,16,136,4,1,KA6537308,Shivaraj Sharma,1970-06-24,M,8,0,1995-09-30
1988,19,146,4,1,KA8128409,Naveen Murthy,1987-05-08,M,3,0,2011-11-07
1989,5,67,2,1,KA4292858,Srinivas Rao,1969-10-28,M,7,0,1993-01-03
1990,1,24,7,1,KA3126997,Shivaraj Shetty,1970-12-10,M,1,0,1993-07-28
1991,19,144,1,2,KA1886368,Shivaraj Pillai,1975-07-09,M,3,0,1999-09-19
1992,5,62,1,1,KA5051609,Venkatesh Nair,1994-09-29,M,2,0,2019-07-31
1993,5,67,1,2,KA3991546,Shivaraj Gowda,1982-02-15,M,1,0,2007-03-10
1994,4,57,5,1,KA9689844,Dinesh Reddy,1968-06-24,M,3,0,1990-12-19
1995,24,163,4,1,KA6399619,Mahesh Hegde,1972-06-30,M,8,0,1994-12-06
1996,1,8,2,1,KA1458383,Girish Pillai,1995-07-15,M,1,0,2021-10-23
1997,3,43,2,1,KA2386345,Rajesh Gowda,1968-06-11,M,4,0,1993-09-17
1998,17,138,5,1,KA1960454,Ganesh Shetty,1967-12-22,M,1,0,1992-01-15
1999,28,173,2,3,KA5901261,Prakash Patil,1991-11-09,M,5,0,2018-04-18
2000,21,154,1,4,KA5818144,Shivaraj Pillai,1967-01-19,M,8,0,1992-04-07
